sex,age_months,14.5,18.5,20,25,30,35,40,45,50,55,60,65,70,78
1,0,9.422989395,11.80883296,12.58767909,14.80801479,16.5687172,17.99015226,19.7376048,21.53007941,23.32255402,25.11502862,26.90750323,28.69997784,30.49245245,33.36041182
1,1,10.3018795,13.16944894,14.03611409,16.34099648,18.01349961,19.27619298,20.93690028,22.6508892,24.36487812,26.07886704,27.79285596,29.50684488,31.2208338,33.96321607
1,2,11.56742643,14.50307529,15.40388368,17.83205329,19.6242814,20.99446904,22.77356602,24.60759187,26.44161773,28.27564358,30.10966944,31.94369529,33.77772114,36.71216251
1,3,12.13063254,15.05871979,15.96548151,18.43033487,20.26948391,21.6871088,23.51174515,25.39193906,27.27213296,29.15232687,31.03252078,32.91271468,34.79290859,37.80121884
1,4,12.4227125,15.32049737,16.22397528,18.69552924,20.55503343,21.99749118,23.84267128,25.74248661,27.64230194,29.54211727,31.44193259,33.34174792,35.24156325,38.28126777
1,5,12.60413327,15.46758337,16.36533689,18.83426101,20.70481388,22.16373563,24.02121607,25.93257341,27.84393075,29.75528809,31.66664543,33.57800277,35.48936011,38.54753186
1,6,12.70293609,15.53064369,16.42116977,18.88080944,20.75507254,22.22349432,24.08332502,25.99699077,27.91065651,29.82432225,31.737988,33.65165374,35.56531948,38.62718467
1,7,12.74528703,15.53476274,16.41661839,18.86141796,20.73372842,22.20644646,24.06521607,25.97657341,27.88793075,29.79928809,31.71064543,33.62200277,35.53336011,38.59153186
1,8,12.7429289,15.49014901,16.36163499,18.78588054,20.65096689,22.12337012,23.97483472,25.87811265,27.78139058,29.68466851,31.58794645,33.49122438,35.39450231,38.439747
1,9,12.7096928,15.41455063,16.27510455,18.67590481,20.53027224,21.99887678,23.83928994,25.73102585,27.62276177,29.51449769,31.40623361,33.29796953,35.18970545,38.21648292
1,10,12.65796991,15.32078509,16.17017885,18.54607222,20.38780834,21.85065982,23.6786362,25.5565217,27.4344072,29.31229271,31.19017821,33.06806371,34.94594922,37.95056602
1,11,12.59433879,15.21556068,16.05372782,18.40401162,20.23209294,21.68812063,23.50298246,25.36701754,27.23105263,29.09508772,30.95912281,32.82315789,34.68719298,37.66964912
1,12,12.5290648,15.11198276,15.9396656,18.2656101,20.0802187,21.52908916,23.33032872,25.18051339,27.03069806,28.88088273,30.73106741,32.58125208,34.43143675,37.39173223
1,13,12.46043108,15.00597958,15.82332599,18.12496794,19.92577625,21.36703283,23.1546205,24.98980055,26.82498061,28.66016066,30.49534072,32.33052078,34.16570083,37.10198892
1,14,12.39469023,14.90641654,15.71434511,17.99367583,19.78163625,21.21567285,22.98996676,24.8112964,26.63262604,28.45395568,30.27528532,32.09661496,33.9179446,36.83207202
1,15,12.33145473,14.81138407,15.61040503,17.86849231,19.64407373,21.07104951,22.8333675,24.64200092,26.45063435,28.25926777,30.0679012,31.87653463,33.68516805,36.57898153
1,16,12.26906509,14.7185139,15.50896165,17.74651848,19.51005775,20.93011792,22.68182271,24.47891413,26.27600554,28.07309695,29.87018837,31.66727978,33.46437119,36.33971745
1,17,12.21269436,14.63449153,15.41711797,17.63583048,19.38819814,20.80175861,22.54122345,24.32561865,26.11001385,27.89440905,29.67880425,31.46319945,33.24759464,36.10262696
1,18,12.15961823,14.5558776,15.33128584,17.53264223,19.27478643,20.68247428,22.41173315,24.18574054,25.95974792,27.73375531,29.5077627,31.28177008,33.05577747,35.89418929
1,19,12.10949332,14.48122642,15.24969166,17.43434139,19.16665231,20.56871667,22.28824284,24.05186242,25.81548199,27.57910157,29.34272114,31.10634072,32.8699603,35.69175162
1,20,12.06588929,14.41567553,15.17791311,17.34754951,19.07100862,20.46801317,22.17880702,23.93319298,25.68757895,27.44196491,29.19635088,30.95073684,32.70512281,35.51214035
1,21,12.0272685,14.3569547,15.11350275,17.26948726,18.98499902,20.37756782,22.08142567,23.82773223,25.57403878,27.32034534,29.06665189,30.81295845,32.559265,35.35335549
1,22,11.99259294,14.30322511,15.05438905,17.19750425,18.90560844,20.29413541,21.99004432,23.72827147,25.46649861,27.20472576,28.94295291,30.68118006,32.4194072,35.20057064
1,23,11.96340612,14.25703769,15.00340402,17.13508924,18.83668063,20.22172949,21.91177193,23.64422807,25.37668421,27.10914035,28.84159649,30.57405263,32.30650877,35.0784386
1,24,11.93766256,14.2156474,14.95761788,17.07890969,18.77469893,20.15677558,21.84044506,23.56597599,25.29150693,27.01703786,28.74256879,30.46809972,32.19363066,34.95448015
1,25,12.08841413,14.42785328,15.18618478,17.34336979,19.05563718,20.44279044,22.14331671,23.88731487,25.63131302,27.37531117,29.11930933,30.86330748,32.60730563,35.39770268
1,26,12.04107896,14.3893791,15.14843672,17.30140803,19.00338162,20.37751031,22.06782641,23.80143675,25.53504709,27.26865743,29.00226777,30.73587812,32.46948846,35.243265
1,27,11.99456446,14.35171888,15.11156919,17.2607933,18.95322749,20.31526109,21.99539058,23.71976731,25.44414404,27.16852078,28.89289751,30.61727424,32.34165097,35.10065374
1,28,11.94733317,14.31345226,15.07413969,17.21984192,18.90309743,20.25350475,21.92495476,23.64009788,25.355241,27.07038412,28.78552724,30.50067036,32.21581348,34.96004247
1,29,11.90286021,14.27728902,15.03876345,17.18132885,18.8563451,20.19635031,21.85857341,23.56563712,25.27270083,26.97976454,28.68682825,30.39389197,32.10095568,34.83225762
1,30,11.85883651,14.2415237,15.00389539,17.14403942,18.81186052,20.14265369,21.79824654,23.49838504,25.19852355,26.89866205,28.59880055,30.29893906,31.99907756,34.71929917
1,31,11.81454591,14.2052222,14.96848428,17.10645604,18.76760819,20.08985874,21.73791967,23.43113296,25.12434626,26.81755956,28.51077285,30.20398615,31.89719945,34.60634072
1,32,11.77306575,14.17086976,14.93494294,17.07110416,18.72652532,20.04143139,21.68364728,23.37108957,25.05853186,26.74597415,28.43341644,30.12085873,31.80830102,34.50820868
1,33,11.73265733,14.13705135,14.90192367,17.0367061,18.68724703,19.99583466,21.63448384,23.31846353,25.00244321,26.6864229,28.37040259,30.05438227,31.73836196,34.43272946
1,34,11.69218597,14.1028412,14.86856433,17.00255318,18.64914448,19.95246903,21.58732041,23.26783749,24.94835457,26.62887165,28.30938873,29.98990582,31.6704229,34.35925023
1,35,11.65469288,14.07060049,14.83707965,16.97063942,18.61423154,19.91347998,21.54515697,23.22221145,24.89926593,26.57632041,28.25337488,29.93042936,31.60748384,34.29077101
1,36,11.61776265,14.03826196,14.80545237,16.93890884,18.58022644,19.87627589,21.50504801,23.17979409,24.85454017,26.52928624,28.20403232,29.87877839,31.55352447,34.23311819
1,37,11.58313011,14.00770115,14.77569425,16.90998459,18.55045196,19.84486896,21.47299354,23.14658541,24.82017729,26.49376916,28.16736103,29.84095291,31.51454478,34.19229178
1,38,11.55077399,13.97844685,14.74713744,16.88251126,18.5228794,19.81660778,21.44504801,23.11979409,24.79454017,26.46928624,28.14403232,29.81877839,31.49352447,34.17311819
1,39,11.51929322,13.94941504,14.71883008,16.85597525,18.49739532,19.79172852,21.42104801,23.09579409,24.77054017,26.44528624,28.12003232,29.79477839,31.46952447,34.14911819
1,40,11.49057751,13.92250788,14.69267408,16.83227018,18.4758807,19.77209865,21.40315697,23.08021145,24.75726593,26.43432041,28.11137488,29.78842936,31.46548384,34.14877101
1,41,11.4638728,13.89690265,14.66781206,16.81040908,18.45721545,19.75647253,21.39132041,23.07183749,24.75235457,26.43287165,28.11338873,29.79390582,31.4744229,34.16325023
1,42,11.43841266,13.87197056,14.6436745,16.79002729,18.44123305,19.74486531,21.38348384,23.06746353,24.75144321,26.4354229,28.11940259,29.80338227,31.48736196,34.18172946
1,43,11.41525691,13.84893506,14.62148583,16.77222646,18.42881918,19.73792065,21.38175623,23.07150693,24.76125762,26.45100831,28.140759,29.8305097,31.52026039,34.2238615
1,44,11.39392177,13.82709553,14.60049213,16.75615252,18.41909763,19.73478282,21.38402862,23.07955032,24.77507202,26.47059372,28.16611542,29.86163712,31.55715882,34.26999354
1,45,11.37342112,13.80555596,14.57984042,16.74111518,18.4115522,19.73510722,21.39346445,23.09821976,24.80297507,26.50773038,28.21248569,29.917241,31.62199631,34.3496048
1,46,11.35475438,13.78552945,14.56075198,16.72821207,18.40704499,19.73948873,21.4068458,23.11968052,24.83251524,26.54534995,28.25818467,29.97101939,31.68385411,34.42438966
1,47,11.33748703,13.7663246,14.54247558,16.71659536,18.40473584,19.74715171,21.42222715,23.14314127,24.8640554,26.58496953,28.30588366,30.02679778,31.74771191,34.50117452
1,48,11.32078947,13.74707241,14.52416586,16.70559344,18.40420976,19.75796952,21.44477193,23.17722807,24.90968421,26.64214035,28.37459649,30.10705263,31.83950877,34.6114386
1,49,11.30596688,13.72922708,14.50722593,16.69621906,18.40593535,19.77183643,21.46926223,23.21210619,24.95495014,26.69779409,28.44063804,30.18348199,31.92632595,34.71487627
1,50,11.29179599,13.71174116,14.49071573,16.6879775,18.40992276,19.78927234,21.4988615,23.25440166,25.00994183,26.76548199,28.52102216,30.27656233,32.03210249,34.84096676
1,51,11.27878144,13.69450401,14.47436976,16.68031249,18.41556523,19.80976045,21.53140628,23.29848846,25.06557064,26.83265282,28.599735,30.36681717,32.13389935,34.96123084
1,52,11.26673801,13.67818573,14.45900433,16.67410347,18.42343276,19.83340097,21.5701145,23.35220129,25.13428809,26.91637488,28.69846168,30.48054848,32.26263527,35.11397415
1,53,11.25603062,13.66257408,14.44425579,16.66867742,18.43275594,19.85945767,21.61182271,23.40891413,25.20600554,27.00309695,28.80018837,30.59727978,32.39437119,35.26971745
1,54,11.24597537,13.64710162,14.42966684,16.66410799,18.44428142,19.88940239,21.65653093,23.46862696,25.28072299,27.09281902,28.90491505,30.71701108,32.52910711,35.42846076
1,55,11.23682827,13.63250104,14.41595149,16.66057508,18.45725932,19.92141203,21.70529363,23.53354848,25.36180332,27.19005817,29.01831302,30.84656787,32.67482271,35.60003047
1,56,11.22868594,13.61848087,14.4027489,16.65769837,18.47150596,19.95561894,21.75605633,23.60046999,25.44488366,27.28929732,29.13371099,30.97812465,32.82253832,35.77360018
1,57,11.22105551,13.60443122,14.38952025,16.65547975,18.48785444,19.9938259,21.81292798,23.67580886,25.53868975,27.40157064,29.26445152,31.12733241,32.9902133,35.97082271
1,58,11.21468987,13.59158197,14.37744087,16.65432973,18.50543845,20.03368765,21.87179963,23.75314774,25.63449584,27.51584395,29.39719206,31.27854017,33.15988827,36.17004524
1,59,11.20891067,13.57879884,14.36543212,16.65396187,18.52535244,20.07797068,21.93672576,23.83769529,25.73866482,27.63963435,29.54060388,31.44157341,33.34254294,36.38409418
1,60,11.20435788,13.56713474,14.35448007,16.65456906,18.54648082,20.12403766,22.00370637,23.92545152,25.84719668,27.76894183,29.69068698,31.61243213,33.53417729,36.60896953
1,61,11.39094911,13.6869467,14.45087971,16.68108594,18.5152664,20.04541565,21.86792798,23.73080886,25.59368975,27.45657064,29.31945152,31.18233241,33.0452133,36.02582271
1,62,11.39115421,13.68246509,14.44679779,16.68431615,18.53179161,20.07832863,21.91352724,23.78910434,25.66468144,27.54025854,29.41583564,31.29141274,33.16698984,36.1679132
1,63,11.39204309,13.67900279,14.44386211,16.68918281,18.55058126,20.11426544,21.96418098,23.85360849,25.74303601,27.63246353,29.52189104,31.41131856,33.30074608,36.3238301
1,64,11.3938376,13.6767062,14.44215815,16.69548483,18.57107435,20.15227959,22.01583472,23.91911265,25.82239058,27.72566851,29.62894645,31.53222438,33.43550231,36.480747
1,65,11.39628025,13.67542156,14.4415979,16.70342204,18.59382316,20.19330616,22.07148846,23.98861681,25.90574515,27.8228735,29.74000185,31.65713019,33.57425854,36.6416639
1,66,11.39960406,13.67522051,14.44217621,16.71269649,18.61821231,20.2364146,22.13019668,24.06232964,25.9944626,27.92659557,29.85872853,31.7908615,33.72299446,36.8144072
1,67,11.40354025,13.67602387,14.44389561,16.72360487,18.64484788,20.28252288,22.19295937,24.14125115,26.08954294,28.03783472,29.9861265,31.93441828,33.88271006,36.99997692
1,68,11.40851163,13.67808934,14.44694201,16.73607416,18.67339027,20.33103559,22.25561311,24.21775531,26.17989751,28.1420397,30.1041819,32.0663241,34.0284663,37.16789381
1,69,11.41424969,13.68113942,14.45102891,16.74977022,18.70344028,20.38148279,22.32343029,24.3028855,26.28234072,28.26179594,30.24125115,32.22070637,34.20016159,37.36728994
1,70,11.42058077,13.68511226,14.45616354,16.76500611,18.73569603,20.43499371,22.39419298,24.38980702,26.38542105,28.38103509,30.37664912,32.37226316,34.36787719,37.56085965
1,71,11.42775742,13.69015854,14.46243246,16.78158288,18.76960377,20.49063022,22.46701016,24.47993721,26.49286427,28.50579132,30.51871837,32.53164543,34.54457248,37.76525577
1,72,11.43522215,13.69584294,14.46946041,16.79936152,18.8052962,20.54881697,22.54382733,24.57406741,26.60430748,28.63454755,30.66478763,32.6950277,34.72526777,37.97365189
1,73,11.44343119,13.7024292,14.47743502,16.81827323,18.84245798,20.60901385,22.62164451,24.6691976,26.71675069,28.76430379,30.81185688,32.85940997,34.90696307,38.18304801
1,74,11.45193574,13.70965365,14.48616812,16.83839217,18.88143254,20.6718361,22.70351616,24.76953647,26.83555679,28.9015771,30.96759741,33.03361773,35.09963804,38.40527054
1,75,11.46091963,13.71750277,14.49556139,16.85931108,18.92148425,20.73622128,22.78738781,24.87187535,26.95636288,29.04085042,31.12533795,33.20982548,35.29431302,38.62949307
1,76,11.47020602,13.7259901,14.50571259,16.88144234,18.96337591,20.80330597,22.87431394,24.9784229,27.08253186,29.18664081,31.29074977,33.39485873,35.49896768,38.86554201
1,77,11.48001874,13.73510973,14.51652561,16.90438511,19.00641011,20.87211821,22.96324007,25.08697045,27.21070083,29.33443121,31.45816159,33.58189197,35.70562235,39.10359095
1,78,11.48994692,13.74468044,14.52790475,16.92831763,19.05101944,20.94332957,23.0551662,25.19851801,27.34186981,29.48522161,31.62857341,33.77192521,35.91527701,39.34463989
1,79,11.50003935,13.75471082,14.53985208,16.95325106,19.09726812,21.01709888,23.15114681,25.31527424,27.47940166,29.64352909,31.80765651,33.97178393,36.13591136,39.59851524
1,80,11.51050094,13.76526671,14.55236122,16.97887579,19.14447346,21.09233106,23.24712742,25.43203047,27.61693352,29.80183657,31.98673961,34.17164266,36.35654571,39.85239058
1,81,11.52141898,13.77636428,14.56543652,17.0052091,19.19273784,21.16927764,23.34716251,25.55399538,27.76082825,29.96766113,32.174494,34.38132687,36.58815974,40.11909234
1,82,11.53238922,13.78782326,14.57898235,17.03243155,19.24250547,21.24863806,23.4491976,25.6779603,27.90672299,30.13548569,32.36424838,34.59301108,36.82177378,40.38779409
1,83,11.54341582,13.79964375,14.59299844,17.06054621,19.29379328,21.33046065,23.55423269,25.80492521,28.05561773,30.30631025,32.55700277,34.80769529,37.05838781,40.65949584
1,84,11.55478456,13.81190736,14.607483,17.08925658,19.34599873,21.41384301,23.66132225,25.9350988,28.20887535,30.48265189,32.75642844,35.03020499,37.30398153,40.94202401
1,85,11.56645061,13.82460482,14.62243329,17.11855467,19.39907327,21.49867334,23.77041182,26.06727239,28.36413296,30.66099354,32.95785411,35.25471468,37.55157525,41.22655217
1,86,11.57802905,13.83748462,14.63766422,17.14853008,19.45345143,21.58579413,23.88250139,26.20244598,28.52239058,30.84233518,33.16227978,35.48222438,37.80216898,41.51408033
1,87,11.58971673,13.85073385,14.65336659,17.17941579,19.50945704,21.67567506,23.99869991,26.34403693,28.68937396,31.03471099,33.38004801,35.72538504,38.07072207,41.82326131
1,88,11.60163026,13.86432668,14.6694394,17.21078372,19.56623532,21.7669615,24.11484395,26.48441921,28.85399446,31.22356971,33.59314497,35.96272022,38.33229548,42.12361588
1,89,11.61358229,13.87819945,14.68588875,17.24295636,19.62454558,21.86096503,24.23604247,26.63101016,29.02597784,31.42094552,33.8159132,36.21088089,38.60584857,42.43779686
1,90,11.62564211,13.89231698,14.70261113,17.27549385,19.68346011,21.95614451,24.358241,26.77860111,29.19896122,31.61932133,34.03968144,36.46004155,38.88040166,42.75297784
1,91,11.6380459,13.90687435,14.71979971,17.30863653,19.74335002,22.05309079,24.48143952,26.92719206,29.3729446,31.81869714,34.26444968,36.71020222,39.15595476,43.06915882
1,92,11.65037303,13.92161278,14.73726709,17.34246978,19.80462319,22.15258816,24.610747,27.08420037,29.55765374,32.03110711,34.50456048,36.97801385,39.45146722,43.40899261
1,93,11.66258185,13.93652314,14.75501037,17.37698691,19.86723548,22.25453431,24.741,27.241,29.741,32.241,34.741,37.241,39.741,43.741
1,94,11.67535973,13.95194271,14.77321487,17.41179657,19.93012681,22.35713042,24.871253,27.39779963,29.92434626,32.45089289,34.97743952,37.50398615,40.03053278,44.07300739
1,95,11.6877223,13.96737351,14.79160425,17.44750016,19.9949772,22.46333406,25.00761496,27.56301662,30.11841828,32.67381994,35.22922161,37.78462327,40.34002493,44.42866759
1,96,11.70072543,13.98340087,14.81054824,17.4836082,20.06023987,22.57036742,25.14492244,27.72802493,30.31112742,32.89422992,35.47733241,38.0604349,40.6435374,44.77650139
1,97,11.71353747,13.99950912,14.82967244,17.5202953,20.12675079,22.67984348,25.2852844,27.89724192,30.50919945,33.12115697,35.7331145,38.34507202,40.95702955,45.13616159
1,98,11.72623466,14.01578675,14.84907052,17.55767524,20.19465273,22.79195755,25.42764635,28.06845891,30.70927147,33.35008403,35.99089658,38.63170914,41.2725217,45.49782179
1,99,11.73915529,14.03240136,14.86883498,17.5955496,20.26340011,22.905775,25.57406279,28.24488458,30.91570637,33.58652816,36.25734995,38.92817175,41.59899354,45.8723084
1,100,11.75229759,14.04935206,14.88896542,17.6339186,20.33299411,23.0213098,25.72147922,28.42231025,31.12314127,33.8239723,36.52480332,39.22563435,41.92646537,46.24779501
1,101,11.76554032,14.06653976,14.90936465,17.67266007,20.40323305,23.13822732,25.87089566,28.60173592,31.33257618,34.06341644,36.79425669,39.52509695,42.25593721,46.62528163
1,102,11.77874154,14.08398268,14.93012995,17.71221135,20.47502167,23.25805241,26.02336657,28.78537027,31.54737396,34.30937765,37.07138135,39.83338504,42.59538873,47.01459464
1,103,11.79204104,14.10166082,14.9511631,17.7521364,20.5474598,23.37929008,26.17989197,28.9742133,31.76853463,34.56285596,37.35717729,40.15149861,42.94581994,47.41673407
1,104,11.8055563,14.11967149,14.97256043,17.79255775,20.62075036,23.50230036,26.33636288,29.16184765,31.98733241,34.81281717,37.63830194,40.4637867,43.28927147,47.81004709
1,105,11.81926775,14.13808271,14.99440974,17.83356405,20.69486232,23.62679025,26.4948338,29.35148199,32.20813019,35.06477839,37.92142659,40.77807479,43.63472299,48.20536011
1,106,11.83290637,14.15666674,15.01653187,17.87528529,20.77049857,23.75437004,26.65735919,29.54632502,32.43529086,35.32425669,38.21322253,41.10218837,43.9911542,48.61349954
1,107,11.84709461,14.1758949,15.03928905,17.91748455,20.84640173,23.88225018,26.81988458,29.74116805,32.66245152,35.583735,38.50501847,41.42630194,44.34758541,49.02163897
1,108,11.86123461,14.19537222,15.06240884,17.96050037,20.9238804,24.01315993,26.98746445,29.94221976,32.89697507,35.85173038,38.80648569,41.761241,44.71599631,49.4436048
1,109,11.87568133,14.21534334,15.08607485,18.00422553,21.00238133,24.14591748,27.15498984,30.14206279,33.12913573,36.11620868,39.10328163,42.09035457,45.07742752,49.85674423
1,110,11.89043175,14.23580683,15.11028643,18.04865993,21.08189909,24.28051042,27.32656971,30.3471145,33.36765928,36.38820406,39.40874885,42.42929363,45.44983841,50.28271006
1,111,11.90548276,14.25676126,15.1350429,18.09380341,21.16242778,24.4169242,27.50020406,30.55537488,33.61054571,36.66571653,39.72088735,42.77605817,45.83122899,50.71950231
1,112,11.92093164,14.27837146,15.16052808,18.13986738,21.24413102,24.55517123,27.67683841,30.76663527,33.85643213,36.94622899,40.03602585,43.12582271,46.21561958,51.15929455
1,113,11.93639635,14.3003125,15.18646596,18.18686629,21.3275561,24.69666845,27.85547276,30.97989566,34.10431856,37.22874146,40.35316436,43.47758726,46.60201016,51.6010868
1,114,11.95245612,14.32297446,15.2131278,18.23444747,21.41128403,24.83832397,28.03510711,31.19415605,34.35320499,37.51225392,40.67130286,43.8303518,46.98940074,52.04387904
1,115,11.96890179,14.34628673,15.24051582,18.28294793,21.49615377,24.98169929,28.21674146,31.41041644,34.60409141,37.79776639,40.99144137,44.18511634,47.37879132,52.48867128
1,116,11.98570329,14.37016982,15.26853858,18.33226825,21.58212035,25.12689742,28.40143029,31.6308855,34.86034072,38.08979594,41.31925115,44.54870637,47.77816159,52.94528994
1,117,12.00293039,14.39471019,15.29728896,18.38252079,21.66930789,25.27404356,28.58706464,31.85114589,35.11522715,38.3793084,41.64338966,44.90747091,48.17155217,53.39408218
1,118,12.0206585,14.41987588,15.32666675,18.43323469,21.75657513,25.4208745,28.77169898,32.07040628,35.36911357,38.66782087,41.96652816,45.26523546,48.56394275,53.84187442
1,119,12.0384802,14.44552761,15.35667626,18.48509661,21.84569016,25.57081329,28.96138781,32.29587535,35.63036288,38.96485042,42.29933795,45.63382548,48.96831302,54.30349307
1,120,12.05664129,14.47174302,15.38731724,18.53777679,21.93585683,25.72240522,29.15207664,32.52234441,35.89261219,39.26287996,42.63314774,46.00341551,49.37368329,54.76611173
1,121,12.07528838,14.49857826,15.41858344,18.59091258,22.02603592,25.8734287,29.34276547,32.74881348,36.1548615,39.56090951,42.96695753,46.37300554,49.77905355,55.22873038
1,122,12.09433851,14.52606166,15.45057324,18.64497604,22.11735922,26.0261059,29.53545429,32.97728255,36.4191108,39.86093906,43.30276731,46.74459557,50.18642382,55.69334903
1,123,12.11371415,14.55410347,15.48319229,18.69985396,22.20968118,26.18023083,29.72914312,33.20675162,36.68436011,40.16196861,43.6395771,47.1171856,50.59479409,56.15896768
1,124,12.13336105,14.5826906,15.51643639,18.75553079,22.30287241,26.33537554,29.92277747,33.435012,36.94724654,40.45948107,43.9717156,47.48395014,50.99618467,56.61575993
1,125,12.15352282,14.61190183,15.55030648,18.81166825,22.39608529,26.4899089,30.11752078,33.66668975,37.21585873,40.7650277,44.31419668,47.86336565,51.41253463,57.09120499
1,126,12.17379738,14.64159665,15.58480507,18.86896941,22.49119242,26.64761002,30.3152096,33.90015882,37.48510803,41.07005725,44.65500646,48.23995568,51.82490489,57.56082364
1,127,12.19459938,14.67198841,15.62001828,18.9268252,22.5862907,26.80428476,30.51189843,34.13262789,37.75335734,41.3740868,44.99481625,48.61554571,52.23627516,58.02944229
1,128,12.21609773,14.70318651,15.65604608,18.98537608,22.68172385,26.96075089,30.70653278,34.36188827,38.01724377,41.67259926,45.32795476,48.98331025,52.63866574,58.48723453
1,129,12.23749758,14.73467518,15.69250933,19.04484746,22.77861684,27.119472,30.90522161,34.59635734,38.28749307,41.97862881,45.66976454,49.36090028,53.05203601,58.95785319
1,130,12.25951159,14.76687931,15.72969251,19.10489742,22.87566888,27.2776536,31.10291043,34.82982641,38.55674238,42.28365836,46.01057433,49.7374903,53.46440628,59.42747184
1,131,12.28168784,14.79952806,15.76740201,19.16562198,22.97330404,27.43605373,31.30059926,35.06329548,38.82599169,42.5886879,46.35138412,50.11408033,53.87677655,59.89709049
1,132,12.30441622,14.8328774,15.80582693,19.22690277,23.07090905,27.59323733,31.49517913,35.29134718,39.08751524,42.88368329,46.67985134,50.47601939,54.27218744,60.34605633
1,133,12.32742082,14.86676746,15.84487379,19.28898368,23.16931321,27.75102013,31.69286796,35.52481625,39.35676454,43.18871283,47.02066113,50.85260942,54.68455771,60.81567498
1,134,12.35067701,14.90112114,15.8844522,19.35176722,23.26850016,27.90962472,31.88950231,35.75607664,39.62265097,43.4892253,47.35579963,51.22237396,55.08894829,61.27546722
1,135,12.37434452,14.93607119,15.92464759,19.41496823,23.36730018,28.06603371,32.08413666,35.98533703,39.8865374,43.78773777,47.68893813,51.5901385,55.49133887,61.73325946
1,136,12.39839881,14.97165672,15.9655599,19.47909532,23.46711181,28.22339863,32.27871653,36.21338873,40.14806094,44.08273315,48.01740536,51.95207756,55.88674977,62.1822253
1,137,12.42290749,15.00784822,16.0070921,19.5436508,23.56661528,28.37878812,32.4712964,36.43944044,40.40758449,44.37572853,48.34387258,52.31201662,56.28016066,62.62919114
1,138,12.44764888,15.04449747,16.0491537,19.60890136,23.6668156,28.53462573,32.66387627,36.66549215,40.66710803,44.66872392,48.6703398,52.67195568,56.67357156,63.07615697
1,139,12.47265305,15.0817519,16.09192259,19.67503807,23.76767936,28.69015868,32.85651062,36.89275254,40.92899446,44.96523638,49.0014783,53.03772022,57.07396214,63.53194922
1,140,12.49829528,15.11979545,16.13550023,19.74184056,23.86857477,28.84420701,33.04603601,37.11459557,41.18315512,45.25171468,49.32027424,53.3888338,57.45739335,63.96708864
1,141,12.52442724,15.15845283,16.17970027,19.80907733,23.96919712,28.99632042,33.23250693,37.33222992,41.43195291,45.5316759,49.63139889,53.73112188,57.83084488,64.39040166
1,142,12.55086069,15.1977235,16.22460986,19.87721136,24.07055731,29.14832427,33.4210868,37.55428163,41.68747645,45.82067128,49.95386611,54.08706094,58.22025577,64.8333675
1,143,12.57751732,15.23751815,16.27013501,19.94612749,24.17249888,29.29996657,33.60655771,37.77091597,41.93527424,46.0996325,50.26399077,54.42834903,58.59270729,65.25568052
1,144,12.60479293,15.2780972,16.31646761,20.01569833,24.27437113,29.44970642,33.79002862,37.98555032,42.18107202,46.37659372,50.57211542,54.76763712,58.96315882,65.67599354
1,145,12.63268347,15.31945996,16.36360765,20.08592035,24.37614676,29.59743762,33.97149954,38.19818467,42.42486981,46.65155494,50.87824007,55.10492521,59.33161034,66.09430656
1,146,12.66083901,15.36135595,16.41136594,20.15693703,24.47859728,29.74509358,34.15091597,38.40761034,42.66430471,46.92099908,51.17769344,55.43438781,59.69108218,66.50179317
1,147,12.68954239,15.40401996,16.45992705,20.2285801,24.58074479,29.88999495,34.32833241,38.61503601,42.90173961,47.18844321,51.47514681,55.76185042,60.04855402,66.90727978
1,148,12.71863052,15.44731509,16.50920257,20.30114818,24.68383245,30.03541497,34.50474885,38.82146168,43.13817452,47.45488735,51.77160018,56.08831302,60.40502585,67.31176639
1,149,12.74818503,15.49128908,16.55918742,20.37422272,24.78643246,30.17773734,34.6781108,39.02367867,43.36924654,47.7148144,52.06038227,56.40595014,60.75151801,67.70442659
1,150,12.77798393,15.53579067,16.60978861,20.44808474,24.88963617,30.31969951,34.85047276,39.22489566,43.59931856,47.97374146,52.34816436,56.72258726,61.09701016,68.0960868
1,151,12.80843035,15.58108421,16.66120023,20.52260209,24.992782,30.45975623,35.01978024,39.42190397,43.8240277,48.22615143,52.62827516,57.03039889,61.43252262,68.47592059
1,152,12.83938984,15.62706849,16.71332529,20.59763676,25.09554155,30.59707515,35.18508772,39.61491228,44.04473684,48.4745614,52.90438596,57.33421053,61.76403509,68.85175439
1,153,12.87050877,15.67349032,16.76597289,20.6733385,25.19871712,30.73369195,35.34934072,39.80571191,44.2620831,48.71845429,53.17482548,57.63119668,62.08756787,69.21776177
1,154,12.90185265,15.7204348,16.81923523,20.74982091,25.30243645,30.86973269,35.51259372,39.99551154,44.47842936,48.96134718,53.444265,57.92718283,62.41010065,69.58276916
1,155,12.933967,15.76816231,16.87322096,20.82644986,25.40478112,31.00102073,35.67084672,40.18031117,44.68977562,49.19924007,53.70870452,58.21816898,62.72763343,69.94277655
1,156,12.96594623,15.81615686,16.92762936,20.90401036,25.50847084,31.13376101,35.82799077,40.36169344,44.89539612,49.4290988,53.96280148,58.49650416,63.03020683,70.28413112
1,157,12.99862007,15.86484808,16.98266915,20.98159593,25.61061086,31.26148661,35.98118929,40.5402844,45.0993795,49.65847461,54.21756971,58.77666482,63.33575993,70.6303121
1,158,13.03143092,15.91397208,17.03823032,21.05983881,25.71309758,31.38830022,36.13127886,40.71345799,45.29563712,49.87781625,54.45999538,59.04217452,63.62435365,70.95584026
1,159,13.06429488,15.96336894,17.09413122,21.13853015,25.81582004,31.51446018,36.2814229,40.88784026,45.49425762,50.10067498,54.70709234,59.3135097,63.91992705,71.29019483
1,160,13.09742801,16.01319231,17.1504674,21.21737318,25.91760687,31.63700751,36.42756694,41.05822253,45.68887812,50.3195337,54.95018929,59.58084488,64.21150046,71.6205494
1,161,13.13075655,16.06335585,17.20714662,21.29624933,26.01830135,31.7557426,36.56654755,41.21797876,45.86940997,50.52084118,55.17227239,59.8237036,64.47513481,71.91742475
1,162,13.1641271,16.11379068,17.26416557,21.37556766,26.11919861,31.87375898,36.70558264,41.37894367,46.05230471,50.72566574,55.39902678,60.07238781,64.74574885,72.2231265
1,163,13.19761137,16.16440798,17.32134733,21.45470616,26.21888252,31.98822593,36.84061773,41.53590859,46.23119945,50.9264903,55.62178116,60.31707202,65.01236288,72.52482825
1,164,13.23134987,16.21538175,17.37887814,21.53389121,26.31762308,32.09948044,36.97054386,41.68545614,46.40036842,51.1152807,55.83019298,60.54510526,65.26001754,72.80387719
1,165,13.26477217,16.26626424,17.43637338,21.61303069,26.41579598,32.20866791,37.09641551,41.82979501,46.56317452,51.29655402,56.02993352,60.76331302,65.49669252,73.07009972
1,166,13.29801108,16.31715665,17.4939302,21.69226082,26.51371995,32.31659315,37.22234164,41.97534257,46.72834349,51.48134441,56.23434534,60.98734626,65.74034718,73.34514866
1,167,13.33135527,16.36823267,17.55165154,21.77130087,26.61039626,32.42096095,37.3442133,42.11568144,46.88714958,51.65861773,56.43008587,61.20155402,65.97302216,73.60737119
1,168,13.36466472,16.41939074,17.60944069,21.85000977,26.70548994,32.52097157,37.45797599,42.24560295,47.03322992,51.82085688,56.60848384,61.3961108,66.18373777,73.8439409
1,169,13.39764138,16.47038564,17.66710673,21.92857341,26.80003533,32.61939352,37.57179317,42.37673315,47.18167313,51.98661311,56.79155309,61.59649307,66.40143306,74.08933703
1,170,13.43035156,16.52123306,17.72465444,22.00701406,26.89421707,32.71687045,37.68355586,42.50465466,47.32575346,52.14685226,56.96795106,61.78904986,66.61014866,74.32390674
1,171,13.46294921,16.57207676,17.78217847,22.08500183,26.98665991,32.80986056,37.78926408,42.6253675,47.46147091,52.29757433,57.13367775,61.96978116,66.80588458,74.54365005
1,172,13.49557529,16.62295119,17.83968979,22.16258032,27.07773765,32.8996722,37.8909723,42.74208033,47.59318837,52.4442964,57.29540443,62.14651247,66.9976205,74.75939335
1,173,13.52778882,16.67357602,17.89698621,22.23989239,27.1681139,32.9877764,37.99062604,42.85558449,47.72054294,52.58550139,57.45045983,62.31541828,67.18037673,74.96431025
1,174,13.55951591,16.72386428,17.95397497,22.31682206,27.25764582,33.0740129,38.08827978,42.96708864,47.84589751,52.72470637,57.60351524,62.4823241,67.36113296,75.16722715
1,175,13.59119923,16.774099,18.01086006,22.39322214,27.34566789,33.15696689,38.18087904,43.07238412,47.9638892,52.85539428,57.74689935,62.63840443,67.52990951,75.35631764
1,176,13.62246201,16.82408364,18.0675306,22.46935214,27.43298392,33.23826335,38.27042382,43.17347091,48.07651801,52.9795651,57.88261219,62.78565928,67.68870637,75.53358172
1,177,13.6535366,16.87391314,18.12400108,22.54480981,27.51845907,33.31553713,38.35596861,43.27055771,48.18514681,53.09973592,58.01432502,62.92891413,67.84350323,75.7068458
1,178,13.684266,16.92344149,18.18017552,22.61992777,27.6034687,33.39228541,38.44045891,43.36543583,48.29041274,53.21538966,58.14036657,63.06534349,67.99032041,75.87028347
1,179,13.71487705,16.97290294,18.23624388,22.6944851,27.68678042,33.46524645,38.52094922,43.45631394,48.39167867,53.3270434,58.26240813,63.19777285,68.13313758,76.02972114
1,180,13.74492026,17.02194271,18.29191377,22.76853715,27.76910613,33.53630726,38.59838504,43.54298338,48.48758172,53.43218006,58.37677839,63.32137673,68.26597507,76.17733241
1,181,13.77454589,17.07059597,18.34719586,22.84213198,27.85082807,33.60672077,38.67587535,43.6308615,48.58584765,53.5408338,58.49581994,63.45080609,68.40579224,76.33377008
1,182,13.80398136,17.1190985,18.4022811,22.91504665,27.93071764,33.67327907,38.74620222,43.70811357,48.67002493,53.63193629,58.59384765,63.555759,68.51767036,76.45672853
1,183,13.83292094,17.16719762,18.45697393,22.98747786,28.00981605,33.73861815,38.81663804,43.78778301,48.75892798,53.73007295,58.70121791,63.67236288,68.64350785,76.5973398
1,184,13.86136254,17.21489309,18.51127434,23.05942521,28.08812405,33.80274877,38.88496491,43.86303509,48.84110526,53.81917544,58.79724561,63.77531579,68.75338596,76.71829825
1,185,13.88962231,17.26237262,18.56529275,23.13059801,28.16465984,33.8635695,38.94929178,43.93428717,48.91928255,53.90427793,58.88927331,63.8742687,68.85926408,76.83525669
1,186,13.91738294,17.30944955,18.61891953,23.20128531,28.24041035,33.92322934,39.01261865,44.00453924,48.99645983,53.98838042,58.98030102,63.97222161,68.9641422,76.95121514
1,187,13.94489469,17.35622723,18.67217348,23.27108048,28.31425762,33.97948554,39.06983657,44.06637396,49.06291136,54.05944875,59.05598615,64.05252355,69.04906094,77.04352078
1,188,13.97158316,17.40241309,18.72492498,23.34068015,28.38830285,34.03670226,39.13016343,44.13362604,49.13708864,54.14055125,59.14401385,64.14747645,69.15093906,77.15647922
1,189,13.9980218,17.44830085,18.77730448,23.40938626,28.46045147,34.09056523,39.18432687,44.19125208,49.19817729,54.20510249,59.2120277,64.21895291,69.22587812,77.23695845
1,190,14.02388707,17.49370079,18.82920076,23.47748958,28.53168405,34.14317189,39.23959926,44.25229548,49.26499169,54.2776879,59.29038412,64.30308033,69.31577655,77.33609049
1,191,14.0491769,17.53861272,18.88061385,23.54498983,28.60200231,34.19453402,39.2907627,44.30692151,49.32308033,54.33923915,59.35539797,64.37155679,69.3877156,77.41356971
1,192,14.07430328,17.5832492,18.93166276,23.61161912,28.67062859,34.24322249,39.34098061,44.36175623,49.38253186,54.40330748,59.4240831,64.44485873,69.46563435,77.49887535
1,193,14.09876946,17.6273797,18.98222359,23.67761898,28.73815935,34.290137,39.38608957,44.40917359,49.43225762,54.45534164,59.47842567,64.5015097,69.52459372,77.56152816
1,194,14.12267444,17.67095698,19.03221554,23.74292452,28.80483453,34.3362715,39.432253,44.45879963,49.48534626,54.51189289,59.53843952,64.56498615,69.59153278,77.63400739
1,195,14.14591359,17.71402768,19.0817194,23.80760006,28.87041909,34.38066405,39.47536196,44.50421699,49.53307202,54.56192705,59.59078209,64.61963712,69.64849215,77.6946602
1,196,14.16858882,17.75654511,19.13065453,23.87158094,28.9351517,34.42429231,39.51741644,44.54742567,49.5774349,54.60744414,59.63745337,64.6674626,69.69747184,77.74548661
1,197,14.19101858,17.79877269,19.17922269,23.93466261,28.99802983,34.46481873,39.55652539,44.58884303,49.62116066,54.6534783,59.68579594,64.71811357,69.75043121,77.80213943
1,198,14.21245784,17.84023054,19.22710154,23.99731782,29.06083094,34.50599765,39.59557987,44.62905171,49.66252355,54.69599538,59.72946722,64.76293906,69.7964109,77.84996584
1,199,14.23365059,17.88139975,19.27461426,24.05907299,29.12178744,34.54412588,39.63163435,44.66626039,49.70088643,54.73551247,59.7701385,64.80476454,69.83939058,77.89479224
1,200,14.25418827,17.92199712,19.32155336,24.12010695,29.18171843,34.58099673,39.66668883,44.70246907,49.73824931,54.77402955,59.80980979,64.84559003,69.88137027,77.93861865
1,201,14.27413673,17.96210808,19.36801116,24.1805348,29.24076585,34.61678688,39.69868883,44.73446907,49.77024931,54.80602955,59.84180979,64.87759003,69.91337027,77.97061865
1,202,14.29344944,18.00158189,19.4138092,24.24015172,29.29883833,34.65171202,39.73068883,44.76646907,49.80224931,54.83802955,59.87380979,64.90959003,69.94537027,78.00261865
1,203,14.31242592,18.0407507,19.45923752,24.29884121,29.35490795,34.68317805,39.75763435,44.79226039,49.82688643,54.86151247,59.8961385,64.93076454,69.96539058,78.02079224
1,204,14.33045913,18.07923121,19.50406745,24.3572194,29.41104395,34.71547329,39.78557987,44.81905171,49.85252355,54.88599538,59.91946722,64.95293906,69.9864109,78.03996584
1,205,14.34785208,18.11707456,19.54823787,24.41478647,29.46621161,34.74692487,39.81252539,44.84484303,49.87716066,54.9094783,59.94179594,64.97411357,70.00643121,78.05813943
1,206,14.36497213,18.15469982,19.59213193,24.47154049,29.51953402,34.77516897,39.83647091,44.86763435,49.89879778,54.92996122,59.96112465,64.99228809,70.02345152,78.07331302
1,207,14.38145237,18.19168948,19.6353674,24.52748308,29.57189873,34.80261101,39.85941644,44.88942567,49.9194349,54.94944414,59.97945337,65.0094626,70.03947184,78.08748661
1,208,14.39723486,18.22817201,19.67811631,24.58279274,29.62322228,34.82855983,39.88030748,44.90800831,49.93570914,54.96340997,59.9911108,65.01881163,70.04651247,78.0908338
1,209,14.41208202,18.2638974,19.72017917,24.63770206,29.67465223,34.85566064,39.90119852,44.92659095,49.95198338,54.97737581,60.00276824,65.02816066,70.05355309,78.09418098
1,210,14.42661313,18.29925738,19.76178906,24.69159328,29.72416536,34.87984184,39.91903509,44.94096491,49.96289474,54.98482456,60.00675439,65.02868421,70.05061404,78.08570175
1,211,14.44036876,18.33402391,19.8028202,24.74473616,29.77250906,34.90241077,39.93692613,44.95654755,49.97616898,54.9957904,60.01541182,65.03503324,70.05465466,78.08604894
1,212,14.45361057,18.36832552,19.84337751,24.79729797,29.82018418,34.92453428,39.9517627,44.96792151,49.98408033,55.00023915,60.01639797,65.03255679,70.0487156,78.07456971
1,213,14.46617039,18.40205508,19.88336252,24.84913747,29.86687509,34.94556046,39.96659926,44.97929548,49.99199169,55.0046879,60.01738412,65.03008033,70.04277655,78.06309049
1,214,14.47831321,18.43540122,19.92289049,24.89993252,29.91150371,34.96330893,39.97738135,44.98546076,49.99354017,55.00161958,60.00969898,65.01777839,70.0258578,78.03878486
1,215,14.48950182,18.46798687,19.96173134,24.9503274,29.95623939,34.98218835,39.98921791,44.99383472,49.99845152,55.00306833,60.00768513,65.01230194,70.01691874,78.02430563
1,216,14.5,18.5,20,25,30,35,40,45,50,55,60,65,70,78
2,0,9.98160384,12.12517652,12.80661192,14.71349977,16.19919379,17.38929389,18.78089707,20.29110545,21.80131383,23.31152221,24.82173058,26.33193896,27.84214734,30.25848074
2,1,10.57585581,13.15603139,13.94207361,16.05987528,17.63197247,18.84596168,20.30681899,21.90963944,23.5124599,25.11528036,26.71810082,28.32092128,29.92374174,32.48825447
2,2,11.64381702,14.30857575,15.13532385,17.39816684,19.11143799,20.45396396,22.04976826,23.79361166,25.53745506,27.28129846,29.02514186,30.76898527,32.51282867,35.30297811
2,3,12.17920348,14.86193071,15.70310385,18.02751329,19.80913623,21.21835824,22.88245969,24.69576216,26.50906462,28.32236708,30.13566954,31.94897201,33.76227447,36.66355841
2,4,12.48942746,15.16437074,16.00949341,18.36132899,20.18066311,21.63006297,23.33187182,25.18200863,27.03214544,28.88228226,30.73241907,32.58255588,34.4326927,37.3929116
2,5,12.68288319,15.33791818,16.18185673,18.5439525,20.38521614,21.86094655,23.58553589,25.4567209,27.32790591,29.19909093,31.07027594,32.94146096,34.81264597,37.80654199
2,6,12.78634474,15.41445987,16.25382437,18.61392766,20.46499219,21.95589299,23.69158472,25.57224142,27.45289813,29.33355483,31.21421153,33.09486824,34.97552494,37.98457567
2,7,12.82612235,15.42155857,16.25380241,18.60304888,20.45536492,21.95365889,23.69236792,25.57407704,27.45578615,29.33749526,31.21920438,33.10091349,34.98262261,37.99335719
2,8,12.81795139,15.37544428,16.19841206,18.5295935,20.37643231,21.87610378,23.6116687,25.48706336,27.36245801,29.23785266,31.11324732,32.98864197,34.86403662,37.86466807
2,9,12.77606,15.29485642,16.10778869,18.41742119,20.25469679,21.7516336,23.47961987,25.34554283,27.2114658,29.07738876,30.94331172,32.80923469,34.67515765,37.66063439
2,10,12.71313331,15.19290124,15.9953407,18.28122128,20.10628329,21.59779099,23.31543822,25.16767986,27.01992149,28.87216312,30.72440476,32.57664639,34.42888802,37.39247464
2,11,12.63807288,15.0783749,15.86995458,18.13047049,19.94148357,21.42575015,23.13225658,24.97081688,26.80937718,28.64793749,30.48649779,32.32505809,34.1636184,37.10531488
2,12,12.56221655,14.96666963,15.74827442,17.98516817,19.78271206,21.25969942,22.95329173,24.77711829,26.60094485,28.42477142,30.24859798,32.07242454,33.89625111,36.81437361
2,13,12.48541925,14.85526051,15.62714443,17.84076051,19.62473544,21.09414275,22.77711008,24.58725531,26.39740055,28.20754578,30.01769101,31.82783625,33.63798148,36.53421385
2,14,12.4149849,14.75363466,15.51669031,17.70897797,19.48031017,20.94248779,22.61392844,24.41039234,26.20685624,28.00332014,29.79978405,31.59624795,33.39271185,36.26705409
2,15,12.34875197,14.6588968,15.41388186,17.58668956,19.34652938,20.80221233,22.46252999,24.24636498,26.03019996,27.81403494,29.59786992,31.3817049,33.16553989,36.01967586
2,16,12.285967,14.56889529,15.31614192,17.47019284,19.21889428,20.66823954,22.31969796,24.09300884,25.86631972,27.6396306,29.41294149,31.18625237,32.95956325,35.79686066
2,17,12.23081789,14.48960214,15.22997322,17.36734788,19.10615877,20.54991031,22.19364913,23.95748832,25.72132751,27.4851667,29.24900589,31.01284509,32.77668428,35.59882698
2,18,12.18140864,14.41802611,15.15208742,17.27419019,19.00401132,20.44276408,22.07781709,23.83113218,25.58444727,27.33776237,29.09107746,30.84439255,32.59770764,35.40301179
2,19,12.13592409,14.35173557,15.07989407,17.18779675,18.90939946,20.34373832,21.97155146,23.71644727,25.46134309,27.2062389,28.95113471,30.69603052,32.44092633,35.23275963
2,20,12.09737988,14.29494139,15.01794446,17.1135399,18.82817089,20.25893387,21.88106904,23.61859798,25.35612692,27.09365586,28.8311848,30.56871374,32.30624269,35.08628899
2,21,12.0648159,14.24568121,14.96397055,17.04834356,18.75668063,20.18429745,21.80136982,23.5325843,25.26379878,26.99501326,28.72622774,30.45744222,32.1886567,34.95859987
2,22,12.03739269,14.20270849,14.91663188,16.99071381,18.6934449,20.11844931,21.7306706,23.45557062,25.18047064,26.90537066,28.63027068,30.3551707,32.08007072,34.83991076
2,23,12.01645019,14.16845198,14.87868356,16.94424371,18.6426078,20.06589064,21.67453778,23.39522816,25.11591854,26.83660892,28.55729931,30.27798969,31.99868007,34.75178468
2,24,12.00054733,14.14070474,14.84769331,16.90593204,18.60080222,20.02302142,21.62840497,23.34488571,25.06136645,26.77784719,28.49432793,30.21080867,31.92728941,34.6736586
2,25,12.21872696,14.38518261,15.0978628,17.1640056,18.85560314,20.26823069,21.86883856,23.58321448,25.2975904,27.01196632,28.72634224,30.44071816,32.15509409,34.89809556
2,26,12.19796127,14.3599779,15.07115948,17.13285546,18.82070352,20.23012798,21.82670575,23.53687203,25.24703831,26.95720459,28.66737087,30.37753715,32.08770343,34.82396948
2,27,12.17779499,14.33573334,15.04554789,17.10321287,18.78768851,20.19424899,21.78835614,23.49536519,25.20237424,26.90938329,28.61639234,30.32340139,32.03041044,34.76162492
2,28,12.15803754,14.31172014,15.02009664,17.07349114,18.7543625,20.15784172,21.74822332,23.45102273,25.15382214,26.85662155,28.55942096,30.26222037,31.96501979,34.68949884
2,29,12.13878244,14.28880303,14.99596233,17.04579463,18.723714,20.12470455,21.71265691,23.4133515,25.1140461,26.81474069,28.51543528,30.21612987,31.91682446,34.6379358
2,30,12.11940863,14.26624849,14.97237432,17.0192447,18.69477555,20.09379558,21.6793073,23.37684466,25.07438202,26.77191939,28.46945675,30.16699411,31.86453147,34.58059124
2,31,12.09913896,14.24313925,14.94836912,16.99274371,18.66633937,20.06381492,21.6475241,23.34400905,25.040494,26.73697895,28.4334639,30.12994885,31.8264338,34.54080972
2,32,12.07864165,14.22075913,14.92545832,16.9685308,18.64131202,20.03827388,21.6217409,23.31717344,25.01260598,26.70803852,28.40347106,30.0989036,31.79433614,34.5070282
2,33,12.05753327,14.19865135,14.90316098,16.94605513,18.61908564,20.0165173,21.5997409,23.29517344,24.99060598,26.68603852,28.38147106,30.0769036,31.77233614,34.4850282
2,34,12.0346941,14.17598917,14.88077222,16.92503329,18.59979484,19.99907734,21.5835241,23.28000905,24.976494,26.67297895,28.3694639,30.06594885,31.7624338,34.47680972
2,35,12.01186767,14.1545681,14.86009234,16.90724729,18.58517273,19.98762419,21.57487371,23.27451589,24.97415807,26.67380025,28.37344243,30.07308461,31.77272679,34.49215428
2,36,11.98772204,14.13305845,14.83980571,16.89145831,18.57408262,19.98113289,21.57378973,23.27869396,24.98359819,26.68850242,28.39340665,30.09831088,31.80321511,34.53106188
2,37,11.96360838,14.112795,14.82122985,16.87890317,18.56766315,19.98063937,21.57948895,23.29070764,25.00192633,26.71314502,28.42436371,30.1355824,31.84680109,34.584751
2,38,11.93866449,14.09299901,14.80362735,16.86900238,18.56550587,19.98590653,21.59197137,23.31055694,25.0291425,26.74772806,28.46631362,30.18489918,31.90348474,34.65322164
2,39,11.91243699,14.07312297,14.78642106,16.86109774,18.56689273,19.99617156,21.61202021,23.34007746,25.06813471,26.79619196,28.52424921,30.25230646,31.98036371,34.74525531
2,40,11.88613144,14.05408688,14.77041264,16.8555834,18.57181629,20.01104724,21.63685224,23.37543359,25.11401494,26.8525963,28.59117765,30.329759,32.06834035,34.85007051
2,41,11.85961354,14.03547945,14.7550876,16.8516143,18.57912795,20.02911016,21.66646748,23.41662534,25.1667832,26.91694107,28.66709893,30.41725679,32.16741465,34.96766723
2,42,11.83193534,14.01666067,14.73993473,16.84912812,18.58921557,20.05118054,21.70086592,23.4636527,25.22643949,26.98922627,28.75201305,30.51479983,32.27758661,35.09804546
2,43,11.80525644,13.99895882,14.72594371,16.84795707,18.60077455,20.07487777,21.73626437,23.51168007,25.28709577,27.06251147,28.83792717,30.61334288,32.38875858,35.2294237
2,44,11.77854663,13.98164116,14.71250663,16.847929,18.61406991,20.10088657,21.77544601,23.56454304,25.35364008,27.14273711,28.93183414,30.72093117,32.5100282,35.37258346
2,45,11.75173229,13.96461649,14.6995272,16.84893558,18.62898719,20.12909049,21.81762766,23.62040602,25.42318438,27.22596274,29.02874111,30.83151947,32.63429783,35.51874321
2,46,11.7266272,13.94907004,14.68792994,16.85099783,18.64464698,20.1577492,21.8598093,23.676269,25.49272869,27.30918838,29.12564807,30.94210777,32.75856746,35.66490297
2,47,11.70274989,13.93467977,14.67745846,16.85408561,18.66124322,20.18726997,21.90220775,23.73129636,25.56038497,27.38947358,29.2185622,31.04765081,32.87673942,35.8032812
2,48,11.67899112,13.92085271,14.66773129,16.85854554,18.67984486,20.21941142,21.9489558,23.79383056,25.63870533,27.48358009,29.32845485,31.17332961,33.01820438,35.970004
2,49,11.65707319,13.9086791,14.65957545,16.86428903,18.69944626,20.25228751,21.99513744,23.85369354,25.71224963,27.57080573,29.42936182,31.28791791,33.14647401,36.12016375
2,50,11.63612706,13.89761074,14.65257607,16.87136427,18.72055889,20.2868543,22.04331909,23.91555651,25.78779394,27.66003136,29.53226879,31.40450621,33.27674363,36.27232351
2,51,11.61559676,13.88746559,14.646703,16.88026244,18.74419042,20.32461295,22.09528394,23.9822551,25.86922627,27.75619743,29.6431686,31.53013976,33.41711092,36.43626479
2,52,11.59712337,13.87901085,14.64236463,16.8901525,18.76827483,20.36231394,22.14724879,24.04895369,25.9506586,27.8523635,29.75406841,31.65577331,33.55747822,36.60020606
2,53,11.57984244,13.87169961,14.63914652,16.90108199,18.79332367,20.40091537,22.19864723,24.11298106,26.02731488,27.94164871,29.85598253,31.77031635,33.68465018,36.7475843
2,54,11.56320049,13.86535024,14.63701867,16.91354263,18.82034731,20.44192443,22.25539529,24.18551526,26.11563523,28.04575521,29.97587518,31.90599516,33.83611513,36.92430709
2,55,11.54883365,13.86049973,14.63606784,16.92606619,18.84632547,20.48083005,22.30757693,24.25137824,26.19517954,28.13898085,30.08278215,32.02658346,33.97038476,37.08046685
2,56,11.53557152,13.85646772,14.63581782,16.93888813,18.87220932,20.51927324,22.35797537,24.3144056,26.27083582,28.22726605,30.18369627,32.1401265,34.09655672,37.22684509
2,57,11.52348411,13.85334373,14.63636408,16.95211946,18.89812,20.55738146,22.40937382,24.37843296,26.34749211,28.31655125,30.2856104,32.25466954,34.22372869,37.37422332
2,58,11.51288292,13.8510335,14.63744773,16.96493494,18.92266791,20.59322256,22.45598905,24.43662471,26.41726037,28.39789602,30.37853168,32.35916733,34.33980299,37.50882004
2,59,11.50298531,13.84931258,14.63907267,16.9781267,18.9474319,20.62913127,22.50360429,24.49581646,26.48802863,28.48024079,30.47245296,32.46466512,34.45687729,37.64441675
2,60,11.49479639,13.84844786,14.64120129,16.99059828,18.97024947,20.66191406,22.54643633,24.5491726,26.55190886,28.55464513,30.55738139,32.56011766,34.56285393,37.76723195
2,61,11.6323352,13.85375195,14.62239627,16.97200688,19.04643381,20.89724052,22.89700863,24.98919975,27.08139087,29.17358198,31.2657731,33.35796422,35.45015534,38.79766112
2,62,11.62573113,13.8482194,14.61911838,16.98216767,19.07717462,20.95364434,22.9748895,25.0870764,27.19926331,29.31145022,31.42363713,33.53582404,35.64801095,39.02751
2,63,11.6198806,13.84337182,14.61648002,16.99283125,19.10840442,21.01072143,23.05477036,25.18695306,27.31913576,29.45131846,31.58350116,33.71568386,35.84786655,39.25935887
2,64,11.6142494,13.83895353,14.61435896,17.00440569,19.14115978,21.07020568,23.13743443,25.29066533,27.44389623,29.59712713,31.75035803,33.90358893,36.05681983,39.50198927
2,65,11.60904649,13.83500381,14.61272065,17.01658303,19.17483548,21.13118944,23.22109851,25.3953776,27.5696567,29.7439358,31.9182149,34.092494,36.2667731,39.74561966
2,66,11.60454743,13.8317296,14.61171939,17.02925421,19.20895228,21.19274893,23.30676258,25.50208988,27.69741718,29.89274447,32.08807177,34.28339907,36.47872637,39.99125005
2,67,11.60034364,13.82897415,14.61133049,17.04295392,19.24475128,21.2569445,23.39442665,25.61080215,27.82717765,30.04355315,32.25992865,34.47630415,36.69267965,40.23888045
2,68,11.59659943,13.82676938,14.61151786,17.05736118,19.28155929,21.32270861,23.48487392,25.72335003,27.96182614,30.20030225,32.43877836,34.67725447,36.91573058,40.49729236
2,69,11.593313,13.82511451,14.61228115,17.07247714,19.31938146,21.39005857,23.5773212,25.83789792,28.09847464,30.35905136,32.61962808,34.8802048,37.14078152,40.75770427
2,70,11.59048257,13.82400872,14.61362,17.08830293,19.35822295,21.45901193,23.67176847,25.9544458,28.23712313,30.51980046,32.80247779,35.08515513,37.36783246,41.02011619
2,71,11.5885309,13.82376049,14.61578666,17.10485981,19.39782138,21.52898787,23.76621574,26.07099369,28.37577163,30.68054957,32.98532751,35.29010545,37.59488339,41.2825281
2,72,11.58683331,13.82402177,14.61856272,17.12244447,19.4390952,21.60161612,23.86622943,26.1952128,28.52419617,30.85317954,33.18216291,35.51114628,37.84012966,41.56650305
2,73,11.58566208,13.82492006,14.62200891,17.14085499,19.48153267,21.67604616,23.9674599,26.3195963,28.67173269,31.02386908,33.37600547,35.72814186,38.08027826,41.84369648
2,74,11.58505093,13.82653827,14.62621915,17.16019297,19.52520314,21.75228508,24.07147358,26.44781541,28.82415723,31.20049905,33.57684088,35.9531827,38.32952452,42.13167144
2,75,11.5851137,13.82897244,14.63129002,17.18058404,19.57030298,21.83064467,24.17670406,26.57619891,28.97569375,31.37518859,33.77468344,36.17417828,38.57367312,42.41286487
2,76,11.58569685,13.83204068,14.6370297,17.20180511,19.61658296,21.91086127,24.28550095,26.71025363,29.13500631,31.559759,33.98451168,36.40926437,38.83401705,42.71362134
2,77,11.5869851,13.83600641,14.6437233,17.22418251,19.66436622,21.99321946,24.39729783,26.84730836,29.29731888,31.7473294,34.19733993,36.64735045,39.09736098,43.01737782
2,78,11.58882467,13.84068764,14.65117898,17.24749258,19.71339941,22.07744342,24.50931151,26.98352747,29.45774342,31.93195938,34.40617533,36.88039129,39.35460724,43.31335277
2,79,11.59132959,13.84618047,14.6594933,17.27186186,19.76388457,22.16386213,24.6261084,27.12558219,29.62505599,32.12452978,34.62400358,37.12347737,39.62295117,43.62210924
2,80,11.59486923,13.85278361,14.66891633,17.29729344,19.81545334,22.25162218,24.74290528,27.26763692,29.79236855,32.31710019,34.84183182,37.36656346,39.8912951,43.93086571
2,81,11.59869099,13.85997239,14.67903902,17.32387189,19.86884058,22.34226147,24.86448537,27.41552726,29.96656914,32.51761103,35.06865292,37.6196948,40.17073669,44.2524037
2,82,11.60335679,13.8682329,14.69030399,17.35183949,19.92400982,22.43539771,24.98906546,27.5664176,30.14376973,32.72112187,35.29847401,37.87582614,40.45317828,44.5769417
2,83,11.60863744,13.87729308,14.70242388,17.38085921,19.98057625,22.53060509,25.11642875,27.72114355,30.32585835,32.93057314,35.53528794,38.14000274,40.74471753,44.91226121
2,84,11.61468127,13.88733201,14.71558922,17.4111583,20.03880247,22.62818608,25.24500884,27.87603389,30.50705893,33.13808398,35.76910903,38.40013408,41.03115912,45.2407992
2,85,11.62136876,13.89825096,14.72970233,17.44261128,20.09848267,22.72780146,25.37737213,28.03575984,30.69414755,33.35253526,36.01092296,38.66931067,41.32769838,45.58111871
2,86,11.62911023,13.91027834,14.74492198,17.47514399,20.15931538,22.82893889,25.51151863,28.19832141,30.88512418,33.57192696,36.25872974,38.94553252,41.6323353,45.93121974
2,87,11.63723372,13.92305748,14.76102733,17.50904853,20.22219114,22.93317364,25.64966512,28.36488297,31.08010082,33.79531867,36.51053652,39.22575437,41.94097222,46.28532077
2,88,11.64595858,13.93662962,14.77798465,17.54401131,20.28647384,23.03951155,25.79002842,28.53260892,31.27518943,34.01776994,36.76035045,39.50293096,42.24551147,46.63364029
2,89,11.65564304,13.95129118,14.79604362,17.58002622,20.35173473,23.14691832,25.93117491,28.70217049,31.47316607,34.24416165,37.01515723,39.78615281,42.55714839,46.99074132
2,90,11.66574495,13.96670784,14.81498794,17.61743311,20.41913611,23.25767687,26.07810461,28.87856767,31.67903073,34.47949379,37.27995685,40.08041991,42.88088297,47.36162387
2,91,11.67672338,13.98312081,14.83493723,17.65577858,20.4873708,23.36931267,26.22425111,29.05312924,31.88200737,34.7108855,37.53976363,40.36864176,43.19751989,47.7237249
2,92,11.68839761,14.00049343,14.85592538,17.69539604,20.55717419,23.48307623,26.37396401,29.23336203,32.09276005,34.95215807,37.81155609,40.67095411,43.53035214,48.10538897
2,93,11.70040716,14.01852709,14.87770148,17.73629754,20.62899891,23.60007278,26.52689371,29.41575921,32.30462471,35.19349021,38.08235571,40.97122122,43.86008672,48.48227152
2,94,11.71335616,14.0376423,14.90057616,17.77825038,20.7017636,23.7180154,26.68182341,29.60015639,32.51848937,35.43682235,38.35515534,41.27348832,44.1918213,48.86115407
2,95,11.72691578,14.05762271,14.92439236,17.82136354,20.77595456,23.83789427,26.83853631,29.78738918,32.73624205,35.68509493,38.6339478,41.58280067,44.53165355,49.24981814
2,96,11.7411256,14.07847457,14.9491511,17.86565356,20.85166322,23.95995256,26.99824921,29.97762197,32.95699474,35.9363675,38.91574027,41.89511303,44.87448579,49.64148221
2,97,11.75618643,14.10031349,14.97491139,17.91087776,20.92813883,24.08267372,27.15796211,30.16785477,33.17774742,36.18764008,39.19753273,42.20742538,45.21731804,50.03314628
2,98,11.77163065,14.12297003,15.00164367,17.95758743,21.00670452,24.20837522,27.32167502,30.36208756,33.40250011,36.44291265,39.48332519,42.52373774,45.56415028,50.42881036
2,99,11.78788594,14.14652864,15.0292827,18.00513208,21.0859781,24.33477168,27.48538792,30.55632035,33.62725279,36.69818522,39.76911766,42.84005009,45.91098253,50.82447443
2,100,11.80441196,14.17073016,15.05770341,18.05395299,21.16717175,24.46409355,27.65388402,30.75638876,33.8588935,36.96139823,40.06390297,43.1664077,46.26891244,51.23292002
2,101,11.82181609,14.1959207,15.08712514,18.10372182,21.24918665,24.59419469,27.82338013,30.95745717,34.0915342,37.22561124,40.35968828,43.49376531,46.62784235,51.64236561
2,102,11.83961054,14.22177844,15.11729185,18.15440503,21.33219783,24.72541733,27.99309303,31.15768996,34.32228689,37.48688381,40.65148074,43.81607767,46.98067459,52.04402968
2,103,11.85783548,14.24830995,15.14820473,18.20601922,21.41629922,24.85801296,28.16537234,31.36259398,34.55981562,37.75703726,40.95425889,44.15148053,47.34870217,52.46425679
2,104,11.87680615,14.27572863,15.18002029,18.2584438,21.5009244,24.99073927,28.33686845,31.56566239,34.79445632,38.02325026,41.2520442,44.48083814,47.70963208,52.87570238
2,105,11.89585067,14.30352226,15.21233051,18.31182113,21.58714651,25.12610669,28.51058135,31.76989518,35.02920901,38.28852284,41.54783667,44.80715049,48.06646432,53.28136645
2,106,11.91558744,14.33219206,15.2455407,18.36598775,21.67374687,25.26116613,28.68507746,31.97596359,35.26684972,38.55773585,41.84862197,45.1395081,48.43039423,53.69581204
2,107,11.93551512,14.36126169,15.27920956,18.42073697,21.76097409,25.39691463,28.86057356,32.18303199,35.50549042,38.82794885,42.15040728,45.47286571,48.79532414,54.11125763
2,108,11.95614265,14.39113249,15.31368622,18.47619176,21.84862737,25.53269505,29.03506967,32.3891004,35.74313113,39.09716186,42.45119259,45.80522332,49.15925405,54.52570322
2,109,11.97666346,14.42126639,15.34855659,18.53244625,21.93746942,25.67012901,29.21234898,32.59900442,35.98565986,39.3723153,42.75897074,46.14562618,49.53228162,54.95093033
2,110,11.99780189,14.45210973,15.38413889,18.58928788,22.02656678,25.80731009,29.38806188,32.80523721,36.22241254,39.63958788,43.05676321,46.47393854,49.89111387,55.3585944
2,111,12.0191429,14.48342869,15.42027146,18.64680129,22.11623758,25.94473619,29.56455799,33.01330562,36.46205325,39.91080088,43.35954852,46.80829615,50.25704378,55.77503999
2,112,12.04084961,14.51532865,15.45705269,18.70513907,22.20685072,26.08323374,29.74127089,33.22053841,36.69980594,40.17907346,43.65834098,47.1376085,50.61687603,56.18370406
2,113,12.06296665,14.54774758,15.49435298,18.76380642,22.2972556,26.22055858,29.917767,33.42860682,36.93944664,40.45028647,43.96112629,47.47196611,50.98280594,56.60014965
2,114,12.08544175,14.58074538,15.53230128,18.82329449,22.38856886,26.35883049,30.0944799,33.63583961,37.17719933,40.71855904,44.25991875,47.80127847,51.34263818,57.00881372
2,115,12.10817523,14.61430271,15.57089317,18.88356199,22.48051606,26.49722105,30.27097601,33.84390802,37.41684003,40.98977205,44.56270406,48.13563608,51.70856809,57.42525931
2,116,12.13150185,14.64856333,15.61019538,18.944401,22.57258981,26.63489899,30.4459057,34.0483052,37.65070469,41.25310419,44.85550368,48.45790318,52.06030267,57.82414186
2,117,12.15524785,14.68348832,15.65023941,19.00617157,22.66566149,26.77350364,30.62161861,34.25453799,37.88745738,41.52037676,45.15329615,48.78621553,52.41913492,58.23180594
2,118,12.17921275,14.71888883,15.69083275,19.06862136,22.75930764,26.91225218,30.79733151,34.46077079,38.12421006,41.78764934,45.45108861,49.11452789,52.77796716,58.63947001
2,119,12.20366197,14.75504001,15.73226185,19.13211664,22.85406471,27.05198916,30.97504441,34.66900358,38.36296274,42.05692191,45.75088108,49.44484024,53.13879941,59.04913408
2,120,12.22863876,14.79188104,15.77439811,19.19615303,22.94873154,27.1903107,31.14897411,34.87240076,38.5958274,42.31925405,46.0426807,49.76610735,53.48953399,59.44701663
2,121,12.25409083,14.82947023,15.81736934,19.26123153,23.0444752,27.32949118,31.32468701,35.07863355,38.83258009,42.58652663,46.34047316,50.0944197,53.84836624,59.8546807
2,122,12.28025867,14.86793482,15.86123923,19.32709827,23.14050287,27.46785514,31.49783351,35.28019512,39.06255672,42.84491833,46.62727994,50.40964155,54.19200316,60.24378173
2,123,12.30669553,14.90695758,15.90575137,19.39375057,23.23715321,27.60618679,31.67154641,35.48442791,39.29730941,43.11019091,46.92307241,50.7359539,54.5488354,60.6494458
2,124,12.33371809,14.94682318,15.95119419,19.46157922,23.33512282,27.7458221,31.84569291,35.68698948,39.52828605,43.36958261,47.21087918,51.05217575,54.89347232,61.03954683
2,125,12.36139245,14.98755135,15.9975327,19.53016681,23.4331716,27.88398411,32.01862261,35.88938666,39.76015071,43.63091475,47.5016788,51.37244285,55.2432069,61.43642938
2,126,12.38949744,15.02894226,16.04461137,19.59969658,23.53223514,28.02301839,32.1917691,36.09094822,39.99012734,43.88930646,47.78848558,51.6876647,55.58684382,61.82553041
2,127,12.41799822,15.07106356,16.09252021,19.67023809,23.63213883,28.1621201,32.3646988,36.2933454,40.221992,44.1506386,48.0792852,52.0079318,55.9365784,62.22241297
2,128,12.44731424,15.11415306,16.14142318,19.74169325,23.73250922,28.30064797,32.5358453,36.49290697,40.44996864,44.40703031,48.36409198,52.32115365,56.27821532,62.609514
2,129,12.47699563,15.15789169,16.19106293,19.81406409,23.8337038,28.43943806,32.70799179,36.69346853,40.67894527,44.66442202,48.64989876,52.6353755,56.62085224,62.99761503
2,130,12.50748522,15.20259711,16.24169652,19.88734422,23.93533389,28.57754863,32.87735508,36.89019449,40.90303389,44.91587329,48.92871269,52.94155209,56.9543915,63.37493454
2,131,12.53827774,15.24793919,16.29306397,19.96151291,24.03760072,28.71533154,33.04571838,37.08592044,41.1261225,45.16632456,49.20652663,53.24672869,57.28693075,63.75125405
2,132,12.56960219,15.29403611,16.34526635,20.03675762,24.14111363,28.85439179,33.21686487,37.285482,41.35409914,45.42271627,49.4913334,53.55995054,57.62856767,64.13835508
2,133,12.60159662,15.34099838,16.39836497,20.11276533,24.24471779,28.99196492,33.38422816,37.48020796,41.57618775,45.67216754,49.76814734,53.86412713,57.96010692,64.51367459
2,134,12.6339886,15.3886146,16.45220093,20.18970625,24.3492457,29.1300792,33.55259145,37.67593391,41.79927636,45.92261882,50.04596127,54.16930373,58.29264618,64.88999411
2,135,12.66697011,15.43700627,16.50683821,20.26728855,24.45369099,29.26643387,33.71817154,37.86782425,42.01747695,46.16712966,50.31678236,54.46643507,58.61608777,65.2555321
2,136,12.70034117,15.48605008,16.56221233,20.34580099,24.55903643,29.4032531,33.88375163,38.05971459,42.23567754,46.4116405,50.58760345,54.76356641,58.93952936,65.62107009
2,137,12.73440706,15.53588995,16.6183925,20.42500003,24.6646054,29.53926077,34.04733172,38.24960493,42.45187813,46.65415134,50.85642454,55.05869775,59.26097095,65.98460808
2,138,12.76872677,15.58628107,16.67521201,20.50498486,24.77074571,29.67498363,34.21091181,38.43949526,42.66807872,46.89666218,51.12524563,55.35382909,59.58241254,66.34814607
2,139,12.80340937,15.63724409,16.73267526,20.58580594,24.87779067,29.81144724,34.37470869,38.62854999,42.88239129,47.13623258,51.39007388,55.64391518,59.89775647,66.70390255
2,140,12.83864971,15.68890267,16.79084744,20.66716582,24.98471525,29.94631321,34.53550558,38.81460471,43.09370385,47.37280299,51.65190213,55.93100126,60.2101004,67.05665902
2,141,12.87411712,15.74103244,16.84956598,20.7492169,25.09221384,30.0811701,34.69630246,39.00065944,43.30501642,47.6093734,51.91373037,56.21808735,60.52244433,67.40941549
2,142,12.91006469,15.79376899,16.90889899,20.83168501,25.19942525,30.21419405,34.85509935,39.18471417,43.51432898,47.8439438,52.17355862,56.50317344,60.83278826,67.76017196
2,143,12.94647786,15.84703573,16.96875476,20.91447658,25.30637086,30.34572724,35.01011303,39.36393328,43.71775353,48.07157377,52.42539402,56.77921427,61.13303452,68.09914692
2,144,12.98283839,15.90055807,17.02899581,20.99813924,25.41475763,30.47936557,35.16890991,39.547988,43.92706609,48.30614418,52.68522227,57.06430036,61.44337845,68.44990339
2,145,13.01952862,15.95451022,17.08966244,21.0819792,25.52254505,30.61076217,35.32314039,39.7253715,44.12760261,48.52983372,52.93206483,57.33429594,61.73652705,68.78009682
2,146,13.0565361,16.00881617,17.1506631,21.16590317,25.62975846,30.74027297,35.47537087,39.900755,44.32613913,48.75152326,53.17690739,57.60229152,62.02767565,69.10829025
2,147,13.09353804,16.06332586,17.21192605,21.2501586,25.73707071,30.86913951,35.62660135,40.0751385,44.52367565,48.9722128,53.42074995,57.8692871,62.31782425,69.43548369
2,148,13.13084521,16.11811375,17.27343171,21.33440387,25.84383229,30.9964757,35.77583182,40.247522,44.71921217,49.19090234,53.66259251,58.13428268,62.60597285,69.76067712
2,149,13.16799943,16.17292869,17.33501067,21.41874369,25.95039556,31.12279982,35.9224959,40.41523427,44.90797264,49.40071101,53.89344938,58.38618775,62.87892612,70.06730751
2,150,13.20499709,16.22776996,17.39666276,21.50317683,26.0567534,31.24809596,36.06872637,40.58461776,45.10050916,49.61640055,54.13229194,58.64818333,63.16407472,70.38950095
2,151,13.24215557,16.28271443,17.45836943,21.58735986,26.16225667,31.37148945,36.21139044,40.74833004,45.28526963,49.82220922,54.35914881,58.8960884,63.43302799,70.69213134
2,152,13.27901108,16.337509,17.51996044,21.67139882,26.26725758,31.49349242,36.35205451,40.91004231,45.4680301,50.02601789,54.58400568,59.14199348,63.69998127,70.99276173
2,153,13.31602887,16.39240848,17.58160701,21.75518301,26.37139106,31.61357817,36.49071859,41.06975458,45.64879057,50.22782656,54.80686256,59.38589855,63.96493454,71.29139213
2,154,13.3526695,16.44707023,17.64304381,21.83870249,26.47486754,31.73208504,36.62659945,41.22563124,45.82466302,50.4236948,55.02272658,59.62175837,64.22079015,71.579241
2,155,13.38933108,16.50166249,17.70434815,21.92172861,26.57718115,31.84832484,36.75869712,41.37667228,45.99464744,50.61262261,55.23059777,59.84857293,64.4665481,71.85530836
2,156,13.42554192,16.55592943,17.76534869,22.00436925,26.67868391,31.962802,36.89057798,41.52854894,46.16651989,50.80449084,55.4424618,60.08043275,64.7184037,72.13915723
2,157,13.46143199,16.60989614,17.82605098,22.08668177,26.77975494,32.07666345,37.01967565,41.67658998,46.33350431,50.99041865,55.64733298,60.30424732,64.96116165,72.41222458
2,158,13.49720803,16.66369518,17.88652496,22.16834848,26.87931492,32.18750442,37.14577331,41.82163103,46.49748874,51.17334645,55.84920417,60.52506188,65.2009196,72.68229194
2,159,13.53280064,16.71724005,17.94667699,22.24924905,26.97721518,32.29515501,37.26730457,41.96000084,46.65269712,51.34539339,56.03808967,60.73078594,65.42348221,72.93179625
2,160,13.56765688,16.77016464,18.00626988,22.32987163,27.07527679,32.40367255,37.38961903,42.10020627,46.81079352,51.52138076,56.23196801,60.94255525,65.6531425,73.19008209
2,161,13.60226171,16.82282309,18.06553861,22.40969496,27.17147657,32.50841882,37.50715028,42.23457609,46.96200189,51.6894277,56.4168535,61.14427931,65.87170511,73.4355864
2,162,13.63675223,16.8751685,18.12439822,22.48868898,27.26625354,32.61097086,37.62189834,42.36511029,47.10832225,51.8515342,56.59474616,61.33795811,66.08117007,73.6703092
2,163,13.67064393,16.92694041,18.18267541,22.5669651,27.35996065,32.71181992,37.73364639,42.4926445,47.2516426,52.01064071,56.76963881,61.52863692,66.28763502,73.90203199
2,164,13.70400612,16.9781523,18.24037322,22.64455294,27.45279289,32.81154788,37.84539444,42.6201787,47.39496296,52.16974721,56.94453147,61.71931572,66.49409998,74.13375479
2,165,13.7369793,17.02885226,18.29746894,22.72101126,27.54351851,32.90759294,37.95135929,42.74087729,47.53039529,52.31991328,57.10943128,61.89894927,66.68846727,74.35169606
2,166,13.76942545,17.07899377,18.35398608,22.79677872,27.63336585,33.0025242,38.05632414,42.86057588,47.66482762,52.46907935,57.27333109,62.07758282,66.88183456,74.56863734
2,167,13.80134487,17.12845022,18.40971364,22.87117797,27.72081719,33.09344764,38.15572258,42.97260324,47.7894839,52.60636455,57.42324521,62.24012587,67.05700652,74.76401558
2,168,13.83281246,17.17736364,18.46486643,22.94491502,27.80758719,33.1838488,38.25490423,43.08546622,47.9160282,52.74659019,57.57715218,62.40771417,67.23827615,74.96717533
2,169,13.86347237,17.22544349,18.51915548,23.01757552,27.89285074,33.27205685,38.35208588,43.19632919,48.04057251,52.88481583,57.72905915,62.57330246,67.41754578,75.16833509
2,170,13.89347123,17.27271792,18.57258704,23.08922134,27.97700698,33.359237,38.44748432,43.30435656,48.16122879,53.01810103,57.87497327,62.73184551,67.58871774,75.35971332
2,171,13.92302256,17.31939968,18.62532561,23.15961007,28.05890463,33.44260855,38.53788276,43.40738392,48.27688508,53.14638623,58.01588739,62.88538855,67.75488971,75.54609156
2,172,13.95177308,17.36517628,18.67711019,23.2288333,28.13935181,33.52421363,38.626498,43.50757567,48.38865334,53.269731,58.15080867,63.03188634,67.91296401,75.72268828
2,173,13.98008523,17.41028938,18.72811184,23.29671023,28.21759778,33.60244301,38.71033004,43.6019318,48.49353357,53.38513534,58.27673711,63.16833888,68.05994064,75.88650347
2,174,14.00767688,17.45451368,18.77816354,23.3634516,28.29459512,33.67949822,38.79394527,43.69712355,48.60030183,53.50348011,58.40665839,63.30983667,68.21301494,76.05810019
2,175,14.03439835,17.4978211,18.82725929,23.42899323,28.36994071,33.75422377,38.87377731,43.78747969,48.70118207,53.61488445,58.52858682,63.4422892,68.35599158,76.21791539
2,176,14.06062666,17.54030822,18.87538842,23.49298215,28.44300401,33.82584248,38.94982614,43.87300021,48.79617428,53.71934835,58.64252242,63.56569648,68.48887055,76.36594906
2,177,14.08562305,17.58163723,18.92239076,23.55595146,28.51516572,33.89674188,39.02487497,43.95752073,48.89016649,53.82281225,58.75545801,63.68810377,68.62074953,76.51298274
2,178,14.11042859,17.62230413,18.96850507,23.61706648,28.58415496,33.96279021,39.0941406,44.03520564,48.97627068,53.91733572,58.85840076,63.7994658,68.74053084,76.6462349
2,179,14.1339338,17.66172624,19.01339872,23.67704341,28.65210069,34.02795871,39.16240623,44.11189055,49.06137487,54.01085919,58.96034351,63.90982783,68.85931214,76.77848706
2,180,14.15696005,17.70033352,19.05732809,23.73546376,28.71776836,34.09005817,39.22688866,44.18373984,49.14059103,54.09744222,59.05429341,64.0111446,68.96799579,76.89895769
2,181,14.17883508,17.73779851,19.10013437,23.79289592,28.78273737,34.15201694,39.29293749,44.25926037,49.22558325,54.19190613,59.158229,64.12455188,69.09087476,77.03699137
2,182,14.20038878,17.77450624,19.14195822,23.84831864,28.84419589,34.20844245,39.35063671,44.32327405,49.29591139,54.26854873,59.24118607,64.21382341,69.18646075,77.14268049
2,183,14.22072421,17.80998524,19.18256517,23.90263499,28.90481468,34.26456553,39.40911913,44.38912334,49.36912755,54.34913176,59.32913597,64.30914018,69.28914439,77.25715113
2,184,14.24059564,17.84465479,19.22221008,23.95539173,28.96316178,34.31765703,39.46281835,44.44913702,49.43545569,54.42177436,59.40809303,64.3944117,69.38073037,77.35884024
2,185,14.25947291,17.87823988,19.2607139,24.00670677,29.01957823,34.36815243,39.51373437,44.50531509,49.49689581,54.48847653,59.48005725,64.47163797,69.46321869,77.44974784
2,186,14.27750759,17.91084359,19.29817439,24.05673015,29.07441021,34.41679256,39.56265039,44.55949316,49.55633593,54.5531787,59.55002147,64.54686424,69.54370701,77.53865544
2,187,14.29478336,17.94248182,19.33459508,24.10549477,29.12786196,34.46414403,39.61034961,44.61350684,49.61666407,54.6198213,59.62297853,64.62613576,69.62929299,77.63434456
2,188,14.31144399,17.97328476,19.37004911,24.15263085,29.17864262,34.50737879,39.65269922,44.65901368,49.66532814,54.6716426,59.67795706,64.68427152,69.69058598,77.70068912
2,189,14.32728177,18.00303676,19.40436993,24.19838982,29.22790447,34.54917229,39.69361524,44.70519175,49.71676826,54.72834477,59.73992128,64.75149779,69.7630743,77.78159672
2,190,14.3423549,18.0318978,19.43774285,24.24297326,29.27572852,34.58930022,39.73196485,44.74669859,49.76143233,54.77616607,59.79089981,64.80563355,69.82036729,77.84394128
2,191,14.35659511,18.0597809,19.47007385,24.28626341,29.32197358,34.627598,39.76831446,44.78620543,49.8040964,54.82198737,59.83987834,64.85776931,69.87566028,77.90428583
2,192,14.3698496,18.08658346,19.50126552,24.32810898,29.36629518,34.66334653,39.80344727,44.82554788,49.8476485,54.86974911,59.89184972,64.91395033,69.93605094,77.97141191
2,193,14.38280825,18.11276181,19.53168785,24.3686253,29.40864805,34.69649024,39.83301368,44.85721911,49.88142454,54.90562997,59.9298354,64.95404083,69.97824626,78.01697495
2,194,14.39487046,18.13787705,19.56097497,24.40772989,29.44928497,34.72765863,39.86158009,44.88789034,49.91420059,54.94051084,59.96682109,64.99313134,70.01944159,78.06153799
2,195,14.40617623,18.16210437,19.58931544,24.44565763,29.48849047,34.75718959,39.8881465,44.91656157,49.94497664,54.97339171,60.00180678,65.03022185,70.05863692,78.10410103
2,196,14.41664017,18.18542817,19.616706,24.48237457,29.5260626,34.7845387,39.9127129,44.94323279,49.97375268,55.00427257,60.03479246,65.06531236,70.09583225,78.14466407
2,197,14.42643618,18.20788084,19.64315371,24.51794809,29.56240787,34.81080556,39.9337129,44.96423279,49.99475268,55.02527257,60.05579246,65.08631236,70.11683225,78.16566407
2,198,14.43532271,18.22934342,19.66855765,24.55219284,29.59698004,34.83473356,39.95349611,44.98506841,50.01664071,55.04821301,60.07978531,65.11135761,70.14292991,78.19344559
2,199,14.44384254,18.25017137,19.69319104,24.58507308,29.62939657,34.855573,39.97027931,45.00290402,50.03552873,55.06815344,60.10077815,65.13340286,70.16602757,78.21822711
2,200,14.45161277,18.27011405,19.7168789,24.61677556,29.66038944,34.87480702,39.98427931,45.01690402,50.04952873,55.08215344,60.11477815,65.14740286,70.18002757,78.23222711
2,201,14.45838509,18.28909402,19.73963403,24.64772225,29.69096741,34.894225,40.00006251,45.03373963,50.06741675,55.10109387,60.134771,65.16844812,70.20212524,78.25600863
2,202,14.46472768,18.30735428,19.76152532,24.67718647,29.71925558,34.91041633,40.01027931,45.04290402,50.07552873,55.10815344,60.14077815,65.17340286,70.20602757,78.25822711
2,203,14.47046189,18.32490488,19.78265984,24.70570776,29.74640592,34.92534314,40.01949611,45.05106841,50.08264071,55.11421301,60.14578531,65.17735761,70.20892991,78.25944559
2,204,14.47581938,18.34189565,19.80311604,24.73294753,29.77135741,34.93687754,40.0247129,45.05523279,50.08575268,55.11627257,60.14679246,65.17731236,70.20783225,78.25666407
2,205,14.48027116,18.35794098,19.82264338,24.75946518,29.79609495,34.94912488,40.0301465,45.05856157,50.08697664,55.11539171,60.14380678,65.17222185,70.20063692,78.24610103
2,206,14.48416369,18.37343535,19.84159903,24.78524064,29.81977968,34.95991984,40.0351465,45.06356157,50.09197664,55.12039171,60.14880678,65.17722185,70.20563692,78.25110103
2,207,14.48777397,18.38838811,19.8598806,24.80976865,29.84147491,34.96788467,40.03579688,45.06105473,50.08631257,55.11157041,60.13682825,65.16208609,70.18734393,78.22775647
2,208,14.49084969,18.4027204,19.87750034,24.83347107,29.86218194,34.97477953,40.03523048,45.0583835,50.08153652,55.10468954,60.12784256,65.15099558,70.1741486,78.21119343
2,209,14.49313505,18.41635214,19.89447004,24.85676944,29.88289414,34.9823357,40.03744727,45.05954788,50.0816485,55.10374911,60.12584972,65.14795033,70.17005094,78.20541191
2,210,14.4952801,18.42961821,19.91095454,24.87905567,29.90190755,34.98741924,40.03409766,45.05304104,50.07198442,55.0909278,60.10987119,65.12881457,70.14775795,78.17806735
2,211,14.49693625,18.44242183,19.92696209,24.9007171,29.92001891,34.9912532,40.03074805,45.0465342,50.06232035,55.0781065,60.09389265,65.1096788,70.12546495,78.1507228
2,212,14.49822183,18.4547099,19.9424059,24.92170469,29.93748473,34.99470514,40.02718165,45.04086298,50.05454431,55.06822564,60.08190697,65.0955883,70.10926963,78.13115976
2,213,14.49918125,18.46663989,19.95747063,24.94221933,29.95438926,34.99758932,40.02104883,45.03052052,50.03999221,55.0494639,60.05893559,65.06840728,70.07787897,78.09303368
2,214,14.49967824,18.47803788,19.97196817,24.96202581,29.97045052,34.99957658,40.01648242,45.02384929,50.03121617,55.03858304,60.04594991,65.05331678,70.06068365,78.07247064
2,215,14.50008476,18.48923009,19.98616613,24.98102179,29.98491549,34.99897059,40.00813281,45.01234245,50.01655209,55.02076173,60.02497137,65.02918101,70.03339065,78.04012608
2,216,14.5,18.5,20,25,30,35,40,45,50,55,60,65,70,78
