age_months,sex,14.5,18.5,20,25,30,35,40,45,50,55,60,65,70,78
0,1,9.473442211,11.79627273,12.57170073,14.80490605,16.54298465,17.97617256,20.82301005,23.80353769,26.78406533,29.76459296,32.7451206,35.72564824,38.70617588,43.4750201
1,1,10.40167839,13.14805005,14.01082401,16.336509,17.98425578,19.26071401,22.63631658,26.21043719,29.78455779,33.35867839,36.93279899,40.5069196,44.0810402,49.79963317
2,1,11.66171357,14.48251277,15.37895945,17.82764566,19.59364582,20.97836064,24.44365829,28.10571859,31.76777889,35.4298392,39.0918995,42.7539598,46.4160201,52.27531658
3,1,12.22021106,15.03861798,15.94126277,18.42646745,20.23874002,21.67031217,25.1281809,28.77767839,32.42717588,36.07667337,39.72617085,43.37566834,47.02516583,52.86436181
4,1,12.50794472,15.30127068,16.20064801,18.69181671,20.52453175,21.98114833,25.40961809,29.02456784,32.63951759,36.25446734,39.86941709,43.48436683,47.09931658,52.88323618
5,1,12.68567839,15.44943922,16.34280373,18.83002216,20.67497803,22.1477523,25.54031658,29.11443719,32.68855779,36.26267839,39.83679899,43.4109196,46.9850402,52.70363317
6,1,12.7811608,15.51298672,16.39934469,18.87706325,20.72532348,22.20698449,25.56014573,29.09029648,32.62044724,36.15059799,39.68074874,43.2108995,46.74105025,52.38929146
7,1,12.82064322,15.51791318,16.39565612,18.85702216,20.70405736,22.19056568,25.49823618,28.97813568,32.45803518,35.93793467,39.41783417,42.89773367,46.37763317,51.94547236
8,1,12.81537186,15.47397651,16.3413528,18.78187835,20.62193505,22.10763548,25.36932663,28.79897487,32.22862312,35.65827136,39.0879196,42.51756784,45.94721608,51.43465327
9,1,12.7801005,15.39841879,16.25504947,18.6716729,20.50132348,21.98298449,25.19554774,28.57180402,31.9480603,35.32431658,38.70057286,42.07682915,45.45308543,50.85509548
10,1,12.72582915,15.30548212,16.15082401,18.54242636,20.35946728,21.8354731,25.00163819,28.32764322,31.65364824,34.97965327,38.30565829,41.63166332,44.95766834,50.27927638
11,1,12.65980905,15.20054545,16.03490592,18.40017982,20.20436646,21.67310131,24.7898593,28.06247236,31.33508543,34.60769849,37.88031156,41.15292462,44.42553769,49.66171859
12,1,12.5930402,15.09722983,15.92129521,18.26193329,20.05314332,21.51379932,24.58394975,27.80631156,31.02867337,34.25103518,37.47339698,40.69575879,43.9181206,49.0738995
13,1,12.5230201,14.9919142,15.80568451,18.1216662,19.89904249,21.35242753,24.38177889,27.56017085,30.73856281,33.91695477,37.09534673,40.27373869,43.45213065,48.53755779
14,1,12.45575377,14.89221961,15.69668856,17.99041967,19.75494167,21.20105574,24.18960804,27.32403015,30.45845226,33.59287437,36.72729648,39.86171859,42.9961407,48.01121608
15,1,12.39073869,14.79752503,15.593,17.86519367,19.61784085,21.05668396,24.01017588,27.10690955,30.20364322,33.30037688,36.39711055,39.49384422,42.59057789,47.54535176
16,1,12.32672362,14.70507252,15.49200406,17.74298823,19.48474002,20.91631217,23.83474372,26.89378894,29.95283417,33.0118794,36.07092462,39.12996985,42.18901508,47.08348744
17,1,12.26970854,14.62124106,15.40062287,17.63276223,19.36276151,20.78787058,23.6741809,26.69867839,29.72317588,32.74767337,35.77217085,38.79666834,41.82116583,46.66036181
18,1,12.21544724,14.54303064,15.31524169,17.52957733,19.249783,20.66842899,23.52261809,26.51256784,29.50251759,32.49246734,35.48241709,38.47236683,41.46231658,46.24623618
19,1,12.16393467,14.46882022,15.2338605,17.43139243,19.14192681,20.5549176,23.38279397,26.34447739,29.3061608,32.26784422,35.22952764,38.19121106,41.15289447,45.89158794
20,1,12.11967337,14.40323085,15.16240146,17.34422807,19.04619292,20.4543364,23.25596985,26.18938693,29.12280402,32.05622111,34.98963819,37.92305528,40.85647236,45.5499397
21,1,12.07991457,14.34464147,15.09794242,17.26608426,18.96058135,20.36468541,23.14301508,26.05130653,28.95959799,31.86788945,34.7761809,37.68447236,40.59276382,45.24603015
22,1,12.04465327,14.29129418,15.03917599,17.19494044,18.88184747,20.28110422,23.03892965,25.92523618,28.81154271,31.69784925,34.58415578,37.47046231,40.35676884,44.9748593
23,1,12.01489447,14.24494688,14.98833171,17.13183772,18.8132359,20.20845322,22.94584422,25.81016583,28.67448744,31.53880905,34.40313065,37.26745226,40.13177387,44.71468844
24,1,11.98838693,14.20359959,14.94248743,17.07571445,18.75086896,20.14366263,22.86362814,25.70910553,28.55458291,31.4000603,34.24553769,37.09101508,39.93649246,44.48925628
25,1,12.14266834,14.4155046,15.1702498,17.34004317,19.03160284,20.42924382,23.21849246,26.13934673,29.06020101,31.98105528,34.90190955,37.82276382,40.74361809,45.41698492
26,1,12.09642211,14.37674668,15.1322498,17.29785826,18.97876814,20.36429084,23.16396985,26.09738693,29.03080402,31.96422111,34.89763819,37.83105528,40.76447236,45.4579397
27,1,12.05042714,14.33860981,15.0952498,17.25769391,18.92881112,20.30140766,23.10857789,26.05141709,28.99425628,31.93709548,34.87993467,37.82277387,40.76561307,45.47415578
28,1,12.0051809,14.30023085,15.0572498,17.21652955,18.87822104,20.24031508,23.05805528,26.01345729,28.9688593,31.92426131,34.87966332,37.83506533,40.79046734,45.51911055
29,1,11.96118593,14.26409397,15.0222498,17.17838573,18.83150864,20.18229229,23.00766332,25.97248744,28.93731156,31.90213568,34.8669598,37.83178392,40.79660804,45.54032663
30,1,11.9189397,14.22771502,14.98655718,17.14126247,18.78716319,20.12906011,22.96227136,25.93651759,28.91076382,31.88501005,34.85925628,37.83350251,40.80774874,45.56654271
31,1,11.87569347,14.19157814,14.95155718,17.1031392,18.74194005,20.07575812,22.9168794,25.90054774,28.88421608,31.86788442,34.85155276,37.83522111,40.81888945,45.59275879
32,1,11.83444724,14.15682022,14.91755718,17.06803647,18.70083923,20.02738633,22.87648744,25.86957789,28.86266834,31.85575879,34.84884925,37.8419397,40.83503015,45.62397487
33,1,11.79520101,14.12306231,14.88455718,17.03297484,18.66186072,19.98194474,22.83622613,25.83559799,28.83496985,31.83434171,34.83371357,37.83308543,40.83245729,45.63145226
34,1,11.75570352,14.08868335,14.85086456,16.9989132,18.62400452,19.93843335,22.80083417,25.80962814,28.81842211,31.82721608,34.83601005,37.84480402,40.85359799,45.66766834
35,1,11.71895477,14.05592543,14.81917194,16.96685157,18.58851527,19.89971255,22.76757286,25.78264824,28.79772362,31.81279899,34.82787437,37.84294975,40.85802513,45.68214573
36,1,11.68245729,14.02354648,14.78747932,16.93581048,18.5549037,19.86206156,22.73531156,25.75666834,28.77802513,31.79938191,34.82073869,37.84209548,40.86345226,45.69762312
37,1,11.6479598,13.99316752,14.75747932,16.90678994,18.52478139,19.83113136,22.71005025,25.73768844,28.76532663,31.79296482,34.82060302,37.84824121,40.8758794,45.7201005
38,1,11.61621106,13.96378856,14.7287867,16.87881048,18.49753676,19.80227096,22.6839196,25.71469849,28.74547739,31.77625628,34.80703518,37.83781407,40.86859296,45.7178392
39,1,11.58446231,13.9344096,14.70040146,16.85281048,18.47178139,19.77813136,22.66278894,25.69670854,28.73062814,31.76454774,34.79846734,37.83238693,40.86630653,45.72057789
40,1,11.55571357,13.90765169,14.67440146,16.82885157,18.45002601,19.75799176,22.64278894,25.67670854,28.71062814,31.74454774,34.77846734,37.81238693,40.84630653,45.70057789
41,1,11.52896482,13.88227273,14.65001622,16.8069132,18.43151527,19.74271255,22.62778894,25.66170854,28.69562814,31.72954774,34.76346734,37.79738693,40.83130653,45.68557789
42,1,11.50296482,13.85727273,14.6253236,16.78697484,18.41524915,19.73129375,22.61965829,25.65671859,28.69377889,31.7308392,34.7678995,37.8049598,40.8420201,45.70131658
43,1,11.47896482,13.83427273,14.60324574,16.76907756,18.40298303,19.72387494,22.61552764,25.65572864,28.69592965,31.73613065,34.77633166,37.81653266,40.85673367,45.72105528
44,1,11.45771357,13.81251481,14.58255312,16.75318029,18.39296154,19.72031653,22.60965829,25.64671859,28.68377889,31.7208392,34.7578995,37.7949598,40.8320201,45.69131658
45,1,11.43596482,13.79151481,14.56216788,16.73734464,18.38606237,19.72068832,22.61065829,25.64771859,28.68477889,31.7218392,34.7588995,37.7959598,40.8330201,45.69231658
46,1,11.41671357,13.77113585,14.54309002,16.72448846,18.38153013,19.7258507,22.61378894,25.64770854,28.68162814,31.71554774,34.74946734,37.78338693,40.81730653,45.67157789
47,1,11.39846231,13.75213585,14.52470479,16.71363227,18.3789979,19.73301309,22.62178894,25.65570854,28.68962814,31.72354774,34.75746734,37.79138693,40.82530653,45.67957789
48,1,11.38121106,13.73275689,14.50662693,16.70183772,18.37871029,19.74403587,22.62805025,25.65568844,28.68332663,31.71096482,34.73860302,37.76624121,40.7938794,45.6381005
49,1,11.3649598,13.71575689,14.49024169,16.69302262,18.380545,19.75798885,22.64305025,25.67068844,28.69832663,31.72596482,34.75360302,37.78124121,40.8088794,45.6531005
50,1,11.34970854,13.69837794,14.47385645,16.68424861,18.38450202,19.77487203,22.65531156,25.67666834,28.69802513,31.71938191,34.74073869,37.76209548,40.78345226,45.61762312
51,1,11.33545729,13.68137794,14.45777859,16.67745406,18.38982598,19.79554581,22.67157286,25.68664824,28.70172362,31.71679899,34.73187437,37.74694975,40.76202513,45.58614573
52,1,11.32195477,13.66537794,14.44270073,16.67072114,18.39814994,19.81921958,22.69370352,25.70563819,28.71757286,31.72950754,34.74144221,37.75337688,40.76531156,45.58440704
53,1,11.31045226,13.64999898,14.42831549,16.66498823,18.40771853,19.84575376,22.71309548,25.71560804,28.7181206,31.72063317,34.72314573,37.72565829,40.72817085,45.53219095
54,1,11.29869849,13.63437794,14.41354501,16.66125531,18.41940944,19.87521813,22.74122613,25.74059799,28.73996985,31.73934171,34.73871357,37.73808543,40.73745729,45.53645226
55,1,11.28819598,13.62037794,14.40046715,16.65754294,18.43234497,19.9075429,22.76948744,25.76257789,28.75566834,31.74875879,34.74184925,37.7349397,40.72803015,45.51697487
56,1,11.27794472,13.60637794,14.38738929,16.65483056,18.44640281,19.94179787,22.7968794,25.78054774,28.76421608,31.74788442,34.73155276,37.71522111,40.69888945,45.47275879
57,1,11.26919095,13.59275689,14.37431144,16.65215928,18.46270528,19.97991323,22.8311407,25.80852764,28.78591457,31.76330151,34.74068844,37.71807538,40.69546231,45.45928141
58,1,11.26143719,13.58037794,14.36323358,16.651488,18.48100776,20.0200286,22.86453266,25.83249749,28.80046231,31.76842714,34.73639196,37.70435678,40.67232161,45.42106533
59,1,11.25393467,13.56775689,14.35115572,16.65083726,18.50079948,20.06486476,22.90292462,25.86146734,28.82001005,31.77855276,34.73709548,37.69563819,40.6541809,45.38784925
60,1,11.2471809,13.55675689,14.34107786,16.65120706,18.5224689,20.11077072,22.94518593,25.89744724,28.84970854,31.80196985,34.75423116,37.70649246,40.65875377,45.38237186
61,1,11.43364824,13.67688355,14.43770479,16.67815928,18.49225238,20.032889,22.78571357,25.65317588,28.52063819,31.3881005,34.25556281,37.12302513,39.99048744,44.57842714
62,1,11.43289447,13.67226251,14.43362693,16.68138527,18.50869866,20.06549297,22.81684422,25.68116583,28.54548744,31.40980905,34.27413065,37.13845226,40.00277387,44.58568844
63,1,11.43264322,13.66926251,14.43093431,16.68663181,18.52826725,20.10202714,22.84910553,25.70714573,28.56518593,31.42322613,34.28126633,37.13930653,39.99734673,44.57021106
64,1,11.43339196,13.66726251,14.42954907,16.69287835,18.54883584,20.13956132,22.88236683,25.73412563,28.58588442,31.43764322,34.28940201,37.1411608,39.9929196,44.55573367
65,1,11.43488945,13.66626251,14.42947121,16.70112488,18.57164905,20.18095589,22.92249749,25.77111558,28.61973367,31.46835176,34.31696985,37.16558794,40.01420603,44.57199497
66,1,11.43738693,13.66626251,14.43008597,16.71039197,18.59646227,20.22435046,22.96462814,25.81010553,28.65558291,31.5010603,34.34653769,37.19201508,40.03749246,44.59025628
67,1,11.44013568,13.66688355,14.43200811,16.72067959,18.6233978,20.27067523,23.00688945,25.84608543,28.68528141,31.52447739,34.36367337,37.20286935,40.04206533,44.58477889
68,1,11.44488442,13.66888355,14.43523763,16.73392613,18.65145565,20.3189302,23.05115075,25.88406533,28.7169799,31.54989447,34.38280905,37.21572362,40.04863819,44.58130151
69,1,11.44963317,13.6725046,14.43985239,16.7472343,18.68239118,20.36925497,23.10028141,25.93005528,28.75982915,31.58960302,34.41937688,37.24915075,40.07892462,44.60656281
70,1,11.45438191,13.6765046,14.44508191,16.76252193,18.71469365,20.42337033,23.15628141,25.98605528,28.81582915,31.64560302,34.47537688,37.30515075,40.13492462,44.66256281
71,1,11.46113065,13.68212564,14.45169667,16.7788301,18.74887381,20.4785555,23.21041206,26.03704523,28.86367839,31.69031156,34.51694472,37.34357789,40.17021106,44.69282412
72,1,11.4678794,13.68774668,14.4589262,16.79713827,18.78529859,20.53760107,23.26854271,26.09203518,28.91552764,31.7390201,34.56251256,37.38600503,40.20949749,44.72708543
73,1,11.4748794,13.69474668,14.46715572,16.81644645,18.82272338,20.59764663,23.33054271,26.15403518,28.97752764,31.8010201,34.62451256,37.44800503,40.27149749,44.78908543
74,1,11.48262814,13.70198876,14.47607786,16.83577516,18.86139279,20.66055259,23.39267337,26.21302513,29.03337688,31.85372864,34.6740804,37.49443216,40.31478392,44.82734673
75,1,11.49062814,13.71060981,14.48630738,16.85710388,18.90206221,20.72545856,23.45967337,26.28002513,29.10037688,31.92072864,34.7410804,37.56143216,40.38178392,44.89434673
76,1,11.49937688,13.71923085,14.4965369,16.87945314,18.94473162,20.79236452,23.52867337,26.34902513,29.16937688,31.98972864,34.8100804,37.63043216,40.45078392,44.96334673
77,1,11.50837688,13.72847293,14.50776642,16.9018024,18.98764566,20.86113088,23.59680402,26.41401508,29.23122613,32.04843719,34.86564824,37.6828593,40.50007035,45.00760804
78,1,11.51737688,13.73809397,14.51899594,16.92615166,19.03268202,20.93282744,23.67080402,26.48801508,29.30522613,32.12243719,34.93964824,37.7568593,40.57407035,45.08160804
79,1,11.52637688,13.74833606,14.53153285,16.95152147,19.07984069,21.00745419,23.74780402,26.56501508,29.38222613,32.19943719,35.01664824,37.8338593,40.65107035,45.15860804
80,1,11.53637688,13.7589571,14.54406975,16.97689127,19.12699935,21.08208095,23.82480402,26.64201508,29.45922613,32.27643719,35.09364824,37.9108593,40.72807035,45.23560804
81,1,11.54637688,13.77019918,14.55729927,17.00328163,19.17628034,21.15963791,23.90480402,26.72201508,29.53922613,32.35643719,35.17364824,37.9908593,40.80807035,45.31560804
82,1,11.55637688,13.78244127,14.57152879,17.03067198,19.22668363,21.23912506,23.98967337,26.81002513,29.63037688,32.45072864,35.2710804,38.09143216,40.91178392,45.42434673
83,1,11.56662814,13.79368335,14.58537307,17.05906233,19.27833156,21.32147261,24.07180402,26.88901508,29.70622613,32.52343719,35.34064824,38.1578593,40.97507035,45.48260804
84,1,11.5768794,13.80692543,14.6006026,17.08747322,19.33097948,21.40482016,24.16067337,26.98102513,29.80137688,32.62172864,35.4420804,38.26243216,41.08278392,45.59534673
85,1,11.5878794,13.81916752,14.61544688,17.11688412,19.38474972,21.49009792,24.24867337,27.06902513,29.88937688,32.70972864,35.5300804,38.35043216,41.17078392,45.68334673
86,1,11.5988794,13.8324096,14.63098378,17.14729501,19.43976458,21.57823606,24.34254271,27.16603518,29.98952764,32.8130201,35.63651256,38.46000503,41.28349749,45.80108543
87,1,11.6098794,13.84565169,14.64682806,17.177747,19.49677945,21.66837421,24.43841206,27.26504523,30.09167839,32.91831156,35.74494472,38.57157789,41.39821106,45.92082412
88,1,11.62113065,13.85951481,14.66336496,17.20917844,19.55391663,21.75944256,24.53241206,27.35904523,30.18567839,33.01231156,35.83894472,38.66557789,41.49221106,46.01482412
89,1,11.63238191,13.87375689,14.67990187,17.24163042,19.61329843,21.8543713,24.63328141,27.46305528,30.29282915,33.12260302,35.95237688,38.78215075,41.61192462,46.13956281
90,1,11.64363317,13.88799898,14.69674615,17.27408241,19.67280255,21.95023025,24.73515075,27.56806533,30.4009799,33.23389447,36.06680905,38.89972362,41.73263819,46.26530151
91,1,11.65488442,13.9028621,14.71459043,17.3075344,19.73330667,22.04708919,24.8380201,27.67407538,30.51013065,33.34618593,36.18224121,39.01829648,41.85435176,46.3920402
92,1,11.66688442,13.91772523,14.73243471,17.34102747,19.79605542,22.14780853,24.94488945,27.78408543,30.62328141,33.46247739,36.30167337,39.14086935,41.98006533,46.52277889
93,1,11.67838693,13.93258836,14.75027899,17.3755,19.8590488,22.25038827,25.05088945,27.89008543,30.72928141,33.56847739,36.40767337,39.24686935,42.08606533,46.62877889
94,1,11.69038693,13.94845148,14.7688159,17.41097253,19.92291986,22.35303781,25.16262814,28.00810553,30.85358291,33.6990603,36.54453769,39.39001508,42.23549246,46.78825628
95,1,11.70188945,13.96431461,14.78766018,17.44648615,19.98903555,22.45954775,25.27549749,28.12411558,30.97273367,33.82135176,36.66996985,39.51858794,42.36720603,46.92499497
96,1,11.7141407,13.98017773,14.80681184,17.48297922,20.05539586,22.56791808,25.39036683,28.24212563,31.09388442,33.94564322,36.79740201,39.6491608,42.5009196,47.06373367
97,1,11.72639196,13.99704086,14.82665612,17.51949284,20.12287849,22.67821861,25.51010553,28.36814573,31.22618593,34.08422613,36.94226633,39.80030653,42.65834673,47.23121106
98,1,11.73864322,14.01290398,14.84580779,17.55700646,20.19148344,22.79044935,25.62897487,28.49015578,31.35133668,34.21251759,37.07369849,39.9348794,42.7960603,47.37394975
99,1,11.75039698,14.02976711,14.86565207,17.59554063,20.2622107,22.90561028,25.75084422,28.61516583,31.47948744,34.34380905,37.20813065,40.07245226,42.93677387,47.51968844
100,1,11.76339698,14.04725128,14.88649635,17.63407479,20.33306027,23.02170141,25.87658291,28.74718593,31.61778894,34.48839196,37.35899497,40.22959799,43.10020101,47.69316583
101,1,11.7758995,14.0641144,14.90695539,17.67260896,20.40415447,23.13965293,26.00145226,28.87519598,31.7489397,34.62268342,37.49642714,40.37017085,43.24391457,47.84190452
102,1,11.78840201,14.08197753,14.92810706,17.71216367,20.47724867,23.25960446,26.13119095,29.01121608,31.89124121,34.77126633,37.65129146,40.53131658,43.41134171,48.01938191
103,1,11.80090452,14.1004617,14.94995134,17.75173892,20.55158749,23.38241638,26.26392965,29.15023618,32.03654271,34.92284925,37.80915578,40.69546231,43.58176884,48.1998593
104,1,11.81415578,14.11832482,14.971103,17.79229363,20.62604863,23.50615851,26.39766834,29.29025628,32.18284422,35.07543216,37.9680201,40.86060804,43.75319598,48.38133668
105,1,11.82690955,14.13680899,14.99325466,17.83384834,20.70163209,23.63183083,26.53053769,29.42626633,32.32199497,35.21772362,38.11345226,41.0091809,43.90490955,48.53807538
106,1,11.8401608,14.15529316,15.01540633,17.87542359,20.77846017,23.76036355,26.66927638,29.57128643,32.47329648,35.37530653,38.27731658,41.17932663,44.08133668,48.72455276
107,1,11.85366332,14.17477732,15.03855799,17.91799885,20.85616594,23.88896607,26.80801508,29.71630653,32.62459799,35.53288945,38.4411809,41.34947236,44.25776382,48.91103015
108,1,11.86716583,14.19464045,15.06201703,17.96059464,20.93523865,24.02135919,26.95362312,29.87133668,32.78905025,35.70676382,38.62447739,41.54219095,44.45990452,49.12824623
109,1,11.8809196,14.21474566,15.08616869,18.0051699,21.01531136,24.1547523,27.09449246,30.01534673,32.93620101,35.85705528,38.77790955,41.69876382,44.61961809,49.29298492
110,1,11.89542211,14.23522983,15.11062774,18.0497657,21.0966287,24.29100582,27.24123116,30.16836683,33.09550251,36.02263819,38.94977387,41.87690955,44.80404523,49.48746231
111,1,11.90992462,14.25671399,15.1357794,18.09438204,21.17894603,24.42825933,27.3918392,30.32839698,33.26495477,36.20151256,39.13807035,42.07462814,45.01118593,49.70967839
112,1,11.92442714,14.27819816,15.16123844,18.14099838,21.26338568,24.56844304,27.54544724,30.49142714,33.43740704,36.38338693,39.32936683,42.27534673,45.22132663,49.93489447
113,1,11.9391809,14.30030337,15.18769749,18.18761473,21.34806996,24.71048715,27.69818593,30.65044724,33.60270854,36.55496985,39.50723116,42.45949246,45.41175377,50.13537186
114,1,11.95493467,14.32340858,15.21484915,18.23523107,21.43375424,24.85353127,27.85192462,30.81046734,33.76901005,36.72755276,39.68609548,42.64463819,45.6031809,50.33684925
115,1,11.97068844,14.34689275,15.24230819,18.28384741,21.52056083,24.99850557,28.01053266,30.97849749,33.94646231,36.91442714,39.88239196,42.85035678,45.81832161,50.56706533
116,1,11.98719095,14.37099796,15.27076723,18.3334843,21.60936743,25.14547988,28.1711407,31.14852764,34.12591457,37.10330151,40.08068844,43.05807538,46.03546231,50.79928141
117,1,12.00394472,14.39548212,15.29953366,18.38410065,21.69841865,25.29431459,28.33374874,31.32055779,34.30736683,37.29417588,40.28098492,43.26779397,46.25460302,51.03349749
118,1,12.02069849,14.42058733,15.3289927,18.43471699,21.78734755,25.4422191,28.49535678,31.49158794,34.4878191,37.48405025,40.48028141,43.47651256,46.47274372,51.26671357
119,1,12.03845226,14.44669254,15.35945174,18.48735388,21.87939877,25.59405381,28.66096482,31.66661809,34.67227136,37.67792462,40.68357789,43.68923116,46.69488442,51.50392965
120,1,12.05620603,14.47279775,15.39021817,18.53999077,21.97157231,25.74681871,28.82757286,31.84264824,34.85772362,37.87279899,40.88787437,43.90294975,46.91802513,51.74214573
121,1,12.07421106,14.49990296,15.42198459,18.59262765,22.06374584,25.89958362,28.9941809,32.01867839,35.04317588,38.06767337,41.09217085,44.11666834,47.14116583,51.98036181
122,1,12.09296482,14.52800817,15.45444363,18.64726454,22.15791937,26.05434852,29.16565829,32.20271859,35.23977889,38.2768392,41.3138995,44.3509598,47.3880201,52.24731658
123,1,12.11171859,14.55573442,15.48721006,18.70190143,22.25221522,26.21004363,29.33526633,32.38174874,35.42823116,38.47471357,41.52119598,44.56767839,47.6141608,52.48853266
124,1,12.13072362,14.58483963,15.5206691,18.75851777,22.34751107,26.36673873,29.50874372,32.56778894,35.62683417,38.6858794,41.74492462,44.80396985,47.86301508,52.75748744
125,1,12.15047739,14.61394484,15.5547429,18.81417521,22.44356229,26.52257344,29.68122111,32.75282915,35.82443719,38.89604523,41.96765327,45.03926131,48.11086935,53.02544221
126,1,12.17048241,14.64367109,15.58950933,18.8718121,22.54098045,26.68219874,29.85482915,32.9358593,36.01688945,39.0979196,42.17894975,45.2599799,48.34101005,53.27065829
127,1,12.19048744,14.67439734,15.62496837,18.92944898,22.6382763,26.84089384,30.03030653,33.1238995,36.21749246,39.31108543,42.40467839,45.49827136,48.59186432,53.54161307
128,1,12.21224121,14.70550255,15.66104217,18.98806533,22.73544983,26.99865875,30.20478392,33.3109397,36.41709548,39.52325126,42.62940704,45.73556281,48.84171859,53.81156784
129,1,12.23324623,14.7372288,15.6978086,19.04770222,22.83474568,27.15935385,30.38226131,33.5009799,36.61969849,39.73841709,42.85713568,45.97585427,49.09457286,54.08452261
130,1,12.25450251,14.76995506,15.73557502,19.1083391,22.9347969,27.31918856,30.55873869,33.6900201,36.82130151,39.95258291,43.08386432,46.21514573,49.34642714,54.35647739
131,1,12.27650754,14.80268131,15.77334144,19.16897599,23.03484812,27.47902327,30.73521608,33.8790603,37.02290452,40.16674874,43.31059296,46.45443719,49.59828141,54.62843216
132,1,12.29851256,14.8360286,15.81210787,19.23057179,23.13389934,27.63785797,30.91069347,34.0671005,37.22350754,40.37991457,43.53632161,46.69272864,49.84913568,54.89938693
133,1,12.32151759,14.87013381,15.85118167,19.29220868,23.23482824,27.79776248,31.0900402,34.26215075,37.43426131,40.60637186,43.77848241,46.95059296,50.12270352,55.1980804
134,1,12.34452261,14.9044811,15.89094809,19.35582502,23.33663484,27.95773679,31.26651759,34.45119095,37.63586432,40.82053769,44.00521106,47.18988442,50.37455779,55.47003518
135,1,12.36777889,14.93920735,15.9310219,19.41844137,23.43731911,28.1157809,31.44099497,34.63823116,37.83546734,41.03270352,44.2299397,47.42717588,50.62441206,55.73998995
136,1,12.39103518,14.97555465,15.97278832,19.48303717,23.53900339,28.27482501,31.61934171,34.83228141,38.04522111,41.2581608,44.4711005,47.6840402,50.8969799,56.03768342
137,1,12.41529146,15.0112809,16.01416951,19.54763296,23.64044304,28.43200873,31.7928191,35.01832161,38.24382412,41.46932663,44.69482915,47.92033166,51.14583417,56.30663819
138,1,12.44029648,15.04862819,16.05693593,19.61322876,23.74276038,28.58926224,31.96916583,35.21037186,38.45157789,41.69278392,44.93398995,48.17519598,51.41640201,56.60233166
139,1,12.46455276,15.08535444,16.09900973,19.67884511,23.84583309,28.74565536,32.14451256,35.40142211,38.65833166,41.91524121,45.17215075,48.4290603,51.68596985,56.89702513
140,1,12.48980905,15.12370174,16.14308354,19.74642036,23.94878349,28.90111827,32.3188593,35.59147236,38.86408543,42.13669849,45.40931156,48.68192462,51.95453769,57.19071859
141,1,12.51606533,15.16242799,16.18715734,19.81397507,24.05061157,29.05465099,32.49120603,35.77952261,39.0678392,42.35615578,45.64447236,48.93278894,52.22110553,57.48241206
142,1,12.54232161,15.20177528,16.23223114,19.88157087,24.15419502,29.20832332,32.66355276,35.96757286,39.27159296,42.57561307,45.87963317,49.18365327,52.48767337,57.77410553
143,1,12.56857789,15.24174362,16.27830495,19.95112558,24.25765616,29.36106544,32.8348995,36.15462312,39.47434673,42.79407035,46.11379397,49.43351759,52.75324121,58.06479899
144,1,12.59508543,15.28209091,16.32437875,20.02068029,24.36087268,29.51194716,33.00424623,36.33967337,39.6751005,43.01052764,46.34595477,49.68138191,53.01680905,58.35349246
145,1,12.62309045,15.32405924,16.37245255,20.090235,24.46384456,29.66096849,33.17446231,36.52873367,39.88300503,43.23727638,46.59154774,49.9458191,53.30009045,58.66692462
146,1,12.65059799,15.3657855,16.41983374,20.16176916,24.56757182,29.80912942,33.34367839,36.71679397,40.08990955,43.46302513,46.8361407,50.20925628,53.58237186,58.97935678
147,1,12.67910553,15.40875383,16.46860016,20.23330332,24.67105445,29.95542996,33.50802513,36.89684422,40.28566332,43.67448241,47.06330151,50.4521206,53.8409397,59.26305025
148,1,12.70836181,15.45210112,16.51798135,20.30583749,24.77529245,30.10087009,33.67424121,37.08190452,40.48956784,43.89723116,47.30489447,50.71255779,54.12022111,59.57248241
149,1,12.73786935,15.49606946,16.56805515,20.37935111,24.87928583,30.24444983,33.83558794,37.25895477,40.68232161,44.10568844,47.52905528,50.95242211,54.37578894,59.85317588
150,1,12.76737688,15.54041675,16.61843633,20.45286473,24.98315689,30.38709937,33.99880402,37.44101508,40.88322613,44.32543719,47.76764824,51.2098593,54.65207035,60.15960804
151,1,12.79688442,15.58600613,16.67051014,20.5273578,25.08678333,30.52788851,34.1600201,37.62107538,41.08213065,44.54318593,48.00424121,51.46529648,54.92635176,60.4640402
152,1,12.82839196,15.63235342,16.72289132,20.60285088,25.19079819,30.66502666,34.31723618,37.79713568,41.27703518,44.75693467,48.23683417,51.71673367,55.19663317,60.76447236
153,1,12.8588995,15.67832176,16.77527251,20.67832341,25.29393537,30.80209501,34.47445226,37.97319598,41.4719397,44.97068342,48.46942714,51.96817085,55.46691457,61.06490452
154,1,12.89040704,15.72529009,16.82865369,20.75479594,25.39782792,30.93830296,34.63066834,38.14825628,41.66584422,45.18343216,48.7010201,52.21860804,55.73619598,61.36433668
155,1,12.92216583,15.77325843,16.88272749,20.83126847,25.5011089,31.06985991,34.78188442,38.31831658,41.85474874,45.3911809,48.92761307,52.46404523,56.00047739,61.65876884
156,1,12.95367337,15.82122676,16.93710868,20.90969991,25.6045122,31.20234707,34.93696985,38.49538693,42.05380402,45.61222111,49.17063819,52.72905528,56.28747236,61.9809397
157,1,12.9861809,15.8701951,16.99248986,20.98715189,25.70730393,31.33018323,35.08705528,38.66745729,42.2478593,45.82826131,49.40866332,52.98906533,56.56946734,62.29811055
158,1,13.0189397,15.91916343,17.04787105,21.06556279,25.80909565,31.45701939,35.23327136,38.83251759,42.43176382,46.03101005,49.63025628,53.22950251,56.82874874,62.58754271
159,1,13.05169849,15.96875281,17.10394485,21.14399423,25.91164275,31.58299515,35.37848744,38.99657789,42.61466834,46.23275879,49.85084925,53.4689397,57.08703015,62.87597487
160,1,13.08520603,16.01872114,17.16032603,21.22242567,26.0137006,31.70525012,35.52257286,39.16264824,42.80272362,46.44279899,50.08287437,53.72294975,57.36302513,63.18714573
161,1,13.11796482,16.06868948,17.21670722,21.30179548,26.11351381,31.82364469,35.66265829,39.32471859,42.98677889,46.6488392,50.3108995,53.9729598,57.6350201,63.49431658
162,1,13.15147236,16.11927886,17.2740884,21.38118583,26.2140824,31.94117887,35.80174372,39.48578894,43.16983417,46.8538794,50.53792462,54.22196985,57.90601508,63.80048744
163,1,13.18523116,16.16986823,17.33146959,21.45957618,26.31328405,32.05492244,35.9339598,39.63684925,43.33973869,47.04262814,50.74551759,54.44840704,58.15129648,64.0759196
164,1,13.21898995,16.22083657,17.38854339,21.53892544,26.41124107,32.16580562,36.06604523,39.7909196,43.51579397,47.24066834,50.96554271,54.69041709,58.41529146,64.37509045
165,1,13.25174874,16.27142594,17.44623195,21.61825416,26.50795347,32.27382841,36.19513065,39.94198995,43.68884925,47.43570854,51.18256784,54.92942714,58.67628643,64.67126131
166,1,13.28550754,16.32239428,17.50361314,21.69760342,26.60542123,32.38099079,36.32321608,40.0920603,43.86090452,47.62974874,51.39859296,55.16743719,58.93628141,64.96643216
167,1,13.31826633,16.3736047,17.56168694,21.77593213,26.70076668,32.48522298,36.44830151,40.23913065,44.0299598,47.82078894,51.61161809,55.40244724,59.19327638,65.25860302
168,1,13.35202513,16.42457303,17.61906813,21.85521976,26.79450057,32.58380417,36.56738693,40.38020101,44.19301508,48.00582915,51.81864322,55.63145729,59.44427136,65.54477387
169,1,13.38478392,16.47554137,17.67644931,21.93352793,26.88811213,32.68145516,36.68834171,40.52628141,44.36422111,48.2021608,52.0401005,55.8780402,59.7159799,65.85668342
170,1,13.41754271,16.52675179,17.73452311,22.01181556,26.9807237,32.77810616,36.80542714,40.66535176,44.52527638,48.38520101,52.24512563,56.10505025,59.96497487,66.14085427
171,1,13.44955276,16.57734116,17.7919043,22.09008264,27.07184602,32.87003635,36.91751256,40.79942211,44.68133166,48.56324121,52.44515075,56.3270603,60.20896985,66.42002513
172,1,13.48256281,16.6283095,17.84928548,22.16734972,27.16160139,32.95817596,37.02559799,40.92949246,44.83338693,48.73728141,52.64117588,56.54507035,60.44896482,66.69519598
173,1,13.51507035,16.67889888,17.90635929,22.24459626,27.25035676,33.04531556,37.13555276,41.06457286,44.99359296,48.92261307,52.85163317,56.78065327,60.70967337,66.99610553
174,1,13.5470804,16.72948825,17.96374047,22.3218428,27.33886751,33.13059476,37.24063819,41.19164322,45.14264824,49.09365327,53.04465829,56.99566332,60.94666834,67.26827638
175,1,13.5788392,16.77907763,18.02012165,22.39806879,27.42513362,33.21201357,37.34172362,41.31471357,45.28770352,49.26069347,53.23368342,57.20667337,61.17966332,67.53644724
176,1,13.60984925,16.82904597,18.07650284,22.47427424,27.51027743,33.29150218,37.44367839,41.44179397,45.43990955,49.43802513,53.4361407,57.43425628,61.43237186,67.82935678
177,1,13.6408593,16.87925638,18.13326926,22.54947969,27.59405429,33.36720019,37.53876382,41.55886432,45.57896482,49.59906533,53.61916583,57.63926633,61.65936683,68.09152764
178,1,13.67161809,16.92822472,18.18895783,22.62466459,27.67695347,33.44282841,37.63671859,41.68194472,45.72717085,49.77239698,53.81762312,57.86284925,61.90807538,68.38043719
179,1,13.70237688,16.9778141,18.24503163,22.69884949,27.7584857,33.51466602,37.73067337,41.80102513,45.87137688,49.94172864,54.0120804,58.08243216,62.15278392,68.66534673
180,1,13.73238693,17.02702451,18.30079805,22.77301385,27.83889562,33.58457344,37.81975879,41.91209548,46.00443216,50.09676884,54.18910553,58.28144221,62.37377889,68.92151759
181,1,13.76239698,17.07561389,18.35617924,22.84619875,27.91918323,33.65355065,37.90784422,42.02216583,46.13648744,50.25080905,54.36513065,58.47945226,62.59377387,69.17668844
182,1,13.79215578,17.12358223,18.41056042,22.91932202,27.99634852,33.71859767,37.99479899,42.13424623,46.27369347,50.4131407,54.55258794,58.69203518,62.83148241,69.45459799
183,1,13.82116583,17.1721716,18.46532685,22.99148638,28.07414687,33.7818541,38.07975377,42.24432663,46.4088995,50.57347236,54.73804523,58.90261809,63.06719095,69.73050754
184,1,13.84992462,17.21976098,18.51970803,23.06360965,28.15018985,33.84497092,38.16470854,42.35440704,46.54410553,50.73380402,54.92350251,59.11320101,63.3028995,70.00641709
185,1,13.87793467,17.26735036,18.57347445,23.13473292,28.22486589,33.90429714,38.24566332,42.46048744,46.67531156,50.89013568,55.1049598,59.31978392,63.53460804,70.27832663
186,1,13.90594472,17.31393973,18.62685564,23.20485619,28.29854193,33.96262336,38.32274874,42.55955779,46.79636683,51.03317588,55.26998492,59.50679397,63.74360302,70.52249749
187,1,13.93395477,17.36052911,18.67992944,23.27493837,28.36997334,34.01708919,38.39583417,42.65462814,46.91342211,51.17221608,55.43101005,59.68980402,63.94859799,70.76266834
188,1,13.96071357,17.40649745,18.73200324,23.34406163,28.44240475,34.07255502,38.47565829,42.76271859,47.04977889,51.3368392,55.6238995,59.9109598,64.1980201,71.05731658
189,1,13.98772362,17.45270787,18.78476967,23.41312327,28.51183616,34.12502084,38.54674372,42.85578894,47.16483417,51.4738794,55.78292462,60.09196985,64.40101508,71.29548744
190,1,14.01373367,17.4976762,18.83615085,23.48022599,28.58114526,34.17655647,38.61969849,42.95386935,47.2880402,51.62221106,55.95638191,60.29055276,64.62472362,71.55939698
191,1,14.03874372,17.54226558,18.88722466,23.54828763,28.64933204,34.2261619,38.69065327,43.04994975,47.40924623,51.76854271,56.1278392,60.48713568,64.84643216,71.82130653
192,1,14.06450251,17.58685495,18.93799108,23.61436981,28.71639651,34.27383713,38.75960804,43.14403015,47.52845226,51.91287437,56.29729648,60.68171859,65.0661407,72.08121608
193,1,14.08876382,17.63106537,18.9887575,23.6804109,28.78133867,34.31858216,38.82269347,43.2291005,47.63550754,52.04191457,56.44832161,60.85472864,65.26113568,72.31138693
194,1,14.11352261,17.67465475,19.03852393,23.74547253,28.84628082,34.36332719,38.88864824,43.3201809,47.75171357,52.18324623,56.61477889,61.04631156,65.47784422,72.56829648
195,1,14.13653266,17.71762308,19.08759773,23.81051362,28.91010066,34.40614203,38.95547236,43.41527136,47.87507035,52.33486935,56.79466834,61.25446734,65.71426633,72.84994472
196,1,14.15954271,17.76021246,19.13667153,23.87453416,28.97216513,34.44881726,39.01942714,43.50435176,47.98927638,52.47420101,56.95912563,61.44405025,65.92897487,73.10485427
197,1,14.18255276,17.80180184,19.18443796,23.93657525,29.03286266,34.48770189,39.07651256,43.58342211,48.09033166,52.59724121,57.10415075,61.6110603,66.11796985,73.32902513
198,1,14.20456281,17.84339122,19.23251176,23.9995958,29.0936825,34.52751672,39.13746734,43.66950251,48.20153769,52.73357286,57.26560804,61.79764322,66.32967839,73.58093467
199,1,14.22557286,17.88398059,19.27927818,24.06161634,29.15325772,34.56447116,39.19542211,43.75258291,48.30974372,52.86690452,57.42406533,61.98122613,66.53838693,73.82984422
200,1,14.24658291,17.92456997,19.32635199,24.12163689,29.21095524,34.60035579,39.25237688,43.83466332,48.41694975,52.99923618,57.58152261,62.16380905,66.74609548,74.07775377
201,1,14.26659296,17.9645383,19.37211841,24.18263689,29.26840814,34.63438003,39.31020101,43.92075377,48.53130653,53.1418593,57.75241206,62.36296482,66.97351759,74.35040201
202,1,14.28660302,18.00412768,19.41788483,24.24163689,29.32410567,34.66826466,39.36515578,44.00083417,48.63651256,53.27219095,57.90786935,62.54354774,67.17922613,74.59631156
203,1,14.30586432,18.0433381,19.46334388,24.30061634,29.37843626,34.6983587,39.41324121,44.07090452,48.72856784,53.38623116,58.04389447,62.70155779,67.35922111,74.81148241
204,1,14.32462312,18.08130644,19.50741768,24.3585958,29.43201147,34.72931314,39.46806533,44.15399497,48.83992462,53.52585427,58.21178392,62.89771357,67.58364322,75.08113065
205,1,14.34188442,18.11889581,19.5511841,24.41657525,29.48546437,34.75933737,39.5190201,44.23007538,48.94113065,53.65218593,58.36324121,63.07429648,67.78535176,75.3230402
206,1,14.35989447,18.15648519,19.59495053,24.47255471,29.53679496,34.78643141,39.56697487,44.30315578,49.03933668,53.77551759,58.51169849,63.2478794,67.9840603,75.56194975
207,1,14.37690452,18.19307457,19.63771695,24.52853416,29.58800323,34.81259525,39.61392965,44.37523618,49.13654271,53.89784925,58.65915578,63.42046231,68.18176884,75.7998593
208,1,14.39291457,18.22966394,19.68048337,24.58349307,29.63733382,34.83768929,39.66275377,44.45232663,49.2418995,54.03147236,58.82104523,63.61061809,68.40019095,76.06350754
209,1,14.40817588,18.26525332,19.7222498,24.63845199,29.6866644,34.86278333,39.70870854,44.52340704,49.33810553,54.15280402,58.96750251,63.78220101,68.5968995,76.30041709
210,1,14.42318593,18.30046374,19.76370884,24.69239035,29.73399499,34.88587736,39.75266332,44.59248744,49.43231156,54.27213568,59.1119598,63.95178392,68.79160804,76.53532663
211,1,14.43744724,18.33505312,19.80447526,24.74534926,29.78120326,34.9080412,39.79561809,44.66056784,49.52551759,54.39046734,59.25541709,64.12036683,68.98531658,76.76923618
212,1,14.45145729,18.36902145,19.84424169,24.79728763,29.82641154,34.92820504,39.83944221,44.73265829,49.62587437,54.51909045,59.41230653,64.30552261,69.19873869,77.02788442
213,1,14.46446734,18.40261083,19.88400811,24.84922599,29.87161981,34.94836888,39.88326633,44.80474874,49.72623116,54.64771357,59.56919598,64.49067839,69.4121608,77.28653266
214,1,14.47672864,18.43582125,19.92346715,24.90014381,29.91470577,34.96560252,39.92122111,44.86782915,49.81443719,54.76104523,59.70765327,64.65426131,69.60086935,77.51544221
215,1,14.48873869,18.46841062,19.96223358,24.95008218,29.95779173,34.98283616,39.96204523,44.9369196,49.91179397,54.88666834,59.86154271,64.83641709,69.81129146,77.77109045
216,1,14.5,18.5,20,25,30,35,40,45,50,55,60,65,70,78
0,2,9.989845974,12.12328262,12.78448643,14.70577163,16.18363205,17.35688253,19.76064586,22.58736698,25.4140881,28.24080922,31.06753034,33.89425146,36.72097258,41.24372637
1,2,10.58876663,13.15276119,13.91082856,16.05005031,17.61369152,18.80839488,21.68005718,25.12813186,28.57620653,32.02428121,35.47235589,38.92043057,42.36850525,47.88542474
2,2,11.65626138,14.30505558,15.10468538,17.38856557,19.09190635,20.41384746,23.38535648,26.92386289,30.46236931,34.00087573,37.53938215,41.07788856,44.61639498,50.27800525
3,2,12.19085181,14.85855393,15.67356527,18.01777457,19.79022681,21.17800607,24.17504026,27.72521529,31.27539032,34.82556534,38.37574037,41.9259154,45.47609043,51.15637048
4,2,12.50067095,15.16155393,15.98134808,18.35147632,20.16113271,21.58959846,24.58401459,28.1166867,31.64935881,35.18203092,38.71470303,42.24737515,45.78004726,51.43232264
5,2,12.6931727,15.33478804,16.15434808,18.53444875,20.3656893,21.82078621,24.79813419,28.29871762,31.79930105,35.29988448,38.80046791,42.30105134,45.80163477,51.40256826
6,2,12.79608401,15.41212247,16.22762811,18.60488634,20.44610963,21.91600163,24.86674096,28.32648425,31.78622754,35.24597083,38.70571412,42.16545741,45.6252007,51.16078996
7,2,12.83626838,15.41862412,16.22778245,18.59393496,20.4368198,21.91410934,24.82983489,28.23998658,31.65013827,35.06028996,38.47044166,41.88059335,45.29074504,50.74698775
8,2,12.82686231,15.37319265,16.17381108,18.52064323,20.35803285,21.83754165,24.71692882,28.07748891,31.43804901,34.7986091,38.15916919,41.51972929,44.88028938,50.25718553
9,2,12.78531972,15.29279463,16.08377687,18.40820564,20.23674878,21.71329856,24.55068086,27.85581505,31.16094924,34.46608343,37.77121762,41.07635181,44.381486,49.6697007
10,2,12.72191365,15.19039661,15.97174266,18.27257356,20.08832268,21.56043394,24.35543291,27.60514119,30.85484947,34.10455776,37.35426604,40.60397433,43.85368261,49.05321587
11,2,12.64637106,15.07603203,15.84717702,18.12194149,19.92461252,21.38932623,24.14335589,27.34055543,30.53775496,33.73495449,36.93215403,40.12935356,43.32655309,48.44207235
12,2,12.57069195,14.96460057,15.7261428,17.97726079,19.76590235,21.22321852,23.93844982,27.08605776,30.23366569,33.38127363,36.52888156,39.6764895,42.82409743,47.86027013
13,2,12.49387631,14.85313566,15.60564001,17.83262871,19.6082632,21.05892159,23.73554376,26.83356009,29.93157643,33.02959277,36.1276091,39.22562544,42.32364177,47.28046791
14,2,12.42292415,14.75163731,15.49566865,17.70099663,19.46362406,20.90762465,23.55215053,26.60932672,29.66650292,32.72367911,35.78085531,38.83803151,41.8952077,46.78668961
15,2,12.35669895,14.65710551,15.39322871,17.57941318,19.32998491,20.76732771,23.38192824,26.40118145,29.42043466,32.43968786,35.45894107,38.47819428,41.49744749,46.32825263
16,2,12.29347375,14.56654027,15.29585162,17.46292696,19.20334576,20.63403077,23.21870595,26.20003617,29.18136639,32.16269662,35.14402684,38.12535706,41.10668728,45.87681564
17,2,12.2379755,14.48790815,15.21047453,17.35948937,19.09084865,20.51635538,23.07582555,26.02506709,28.97430863,31.92355018,34.87279172,37.82203326,40.7712748,45.49006126
18,2,12.18834072,14.41627602,15.13262886,17.26700316,18.98842255,20.40949075,22.9461161,25.86618611,28.78625613,31.70632614,34.62639615,37.54646616,40.46653617,45.13864819
19,2,12.14270595,14.34961046,15.06084604,17.18061419,18.89399645,20.31062613,22.82440665,25.71530513,28.60620362,31.4971021,34.38800058,37.27889907,40.16979755,44.79523512
20,2,12.10393466,14.29291145,14.99906322,17.10627384,18.81271238,20.22638304,22.72203909,25.58960035,28.45716161,31.32472287,34.19228413,37.05984539,39.92740665,44.51550467
21,2,12.07189032,14.24414555,14.94581183,17.04098211,18.74142832,20.15213996,22.62750058,25.46880747,28.31011435,31.15142124,33.99272812,36.83403501,39.67534189,44.22143291
22,2,12.0439825,14.20044654,14.89809186,16.98369038,18.67821527,20.08670765,22.54847491,25.37227888,28.19608285,31.01988681,33.84369078,36.66749475,39.49129872,44.00938506
23,2,12.02280163,14.1666472,14.86037189,16.9374959,18.62800222,20.03427534,22.48244924,25.28875029,28.09505134,30.90135239,33.70765344,36.51395449,39.32025554,43.81033722
24,2,12.00748425,14.13881441,14.82971476,16.89930141,18.5859312,19.99146457,22.42425263,25.21013361,27.99601459,30.78189557,33.56777655,36.35365753,39.13953851,43.59694807
25,2,12.22570945,14.38344654,15.07949758,17.15720417,18.84093697,20.23611377,22.69664586,25.52336698,28.3500881,31.17680922,34.00353034,36.83025146,39.65697258,44.17972637
26,2,12.2049825,14.35851342,15.05290331,17.12600968,18.80565291,20.19787069,22.65330397,25.47419078,28.2950776,31.11596441,33.93685123,36.75773804,39.57862485,44.09204376
27,2,12.18425554,14.33358031,15.02684046,17.09586382,18.77243986,20.16243838,22.61296208,25.42801459,28.24306709,31.0581196,33.87317211,36.68822462,39.50327713,44.00736114
28,2,12.16452859,14.3096472,15.00177761,17.06666933,18.73915579,20.1261953,22.57162019,25.38083839,28.19005659,30.9992748,33.808493,36.6177112,39.4269294,43.92167853
29,2,12.14566511,14.28671408,14.97718334,17.03857209,18.70887173,20.09295221,22.5332783,25.33666219,28.14004609,30.94342999,33.74681389,36.55019778,39.35358168,43.83899592
30,2,12.12593816,14.26474753,14.95412049,17.01242623,18.67972969,20.06233067,22.50010735,25.3005741,28.10104084,30.90150758,33.70197433,36.50244107,39.30290782,43.78365461
31,2,12.10607468,14.24081441,14.92958907,16.9853776,18.65151664,20.03189836,22.46476546,25.2593979,28.05403034,30.84866278,33.64329522,36.43792765,39.23256009,43.703972
32,2,12.0852112,14.21884786,14.90705764,16.96132898,18.62651664,20.00689836,22.43976546,25.2343979,28.02903034,30.82366278,33.61829522,36.41292765,39.20756009,43.678972
33,2,12.06434772,14.19684786,14.88505764,16.93932898,18.60451664,19.98489836,22.41559452,25.2073098,27.99902509,30.79074037,33.58245566,36.37417095,39.16588623,43.63263069
34,2,12.04134772,14.17384786,14.86258907,16.9183776,18.58472969,19.96733067,22.39859452,25.1903098,27.98202509,30.77374037,33.56545566,36.35717095,39.14888623,43.61563069
35,2,12.01834772,14.15281441,14.84212049,16.90052347,18.57001376,19.95557375,22.38976546,25.1843979,27.97903034,30.77366278,33.56829522,36.36292765,39.15756009,43.628972
36,2,11.99407468,14.13078097,14.82118334,16.88476658,18.55943986,19.94943838,22.38693641,25.184486,27.98203559,30.77958518,33.57713477,36.37468436,39.17223396,43.6483133
37,2,11.96993816,14.11071408,14.80277761,16.8720583,18.55300799,19.94892455,22.3922783,25.19566219,27.99904609,30.80242999,33.60581389,36.40919778,39.21258168,43.69799592
38,2,11.94552859,14.09158031,14.78590331,16.86239865,18.55071815,19.95403225,22.40144924,25.20775029,28.01405134,30.82035239,33.62665344,36.43295449,39.23925554,43.72933722
39,2,11.91925554,14.07147998,14.76856043,16.85383625,18.55164137,19.96457227,22.42096208,25.23601459,28.05106709,30.8661196,33.68117211,36.49622462,39.31127713,43.81536114
40,2,11.89284597,14.05234621,14.75221755,16.84832246,18.55656458,19.97911229,22.44447491,25.26827888,28.09208285,30.91588681,33.73969078,36.56349475,39.38729872,43.90538506
41,2,11.86643641,14.03321244,14.73693752,16.84485729,18.56455881,19.99746309,22.47198775,25.30454317,28.1370986,30.96965403,33.80220945,36.63476488,39.4673203,43.99940898
42,2,11.83889032,14.01501178,14.72212607,16.84244075,18.57469507,20.01943542,22.50350058,25.34480747,28.18611435,31.02742124,33.86872812,36.71003501,39.55134189,44.09743291
43,2,11.81148075,13.996878,14.70784604,16.84102421,18.58583134,20.04240775,22.54035531,25.39624796,28.25214061,31.10803326,33.9639259,36.81981855,39.6757112,44.24513944
44,2,11.78493466,13.97971079,14.69456601,16.84065628,18.59903862,20.06819086,22.57803909,25.44560035,28.31316161,31.18072287,34.04828413,36.91584539,39.78340665,44.37150467
45,2,11.75825204,13.96251013,14.68128598,16.84228836,18.61431691,20.09678473,22.61655193,25.49286464,28.36917736,31.24549008,34.1218028,36.99811552,39.87442824,44.47652859
46,2,11.73284247,13.94734291,14.67000595,16.84392044,18.62959521,20.12537861,22.65940665,25.55030513,28.44120362,31.3321021,34.22300058,37.11389907,40.00479755,44.63023512
47,2,11.70929638,13.93314225,14.65972592,16.84750389,18.6458735,20.15497248,22.69891949,25.59856943,28.49821937,31.39786931,34.29751925,37.19716919,40.09681914,44.73625904
48,2,11.68561377,13.91897504,14.64997731,16.85123321,18.66508078,20.18675559,22.74260327,25.65392182,28.56524037,31.47655893,34.38787748,37.29919603,40.21051459,44.86862427
49,2,11.6632042,13.90680782,14.64169729,16.85686529,18.68435908,20.21934946,22.78945799,25.71536231,28.64126663,31.56717095,34.49307526,37.41897958,40.3448839,45.02633081
50,2,11.64252159,13.89560716,14.63494868,16.86449737,18.70563737,20.25394333,22.83397083,25.7686266,28.70328238,31.63793816,34.57259393,37.50724971,40.44190548,45.13735473
51,2,11.6219755,13.8854065,14.62866865,16.87317807,18.72898668,20.29134798,22.88365461,25.829979,28.77630338,31.72262777,34.66895216,37.61527655,40.56160093,45.27571995
52,2,11.6034294,13.87723928,14.62492004,16.88285877,18.75326498,20.32894186,22.93550933,25.89641949,28.85732964,31.81823979,34.77914994,37.74006009,40.70097025,45.43842649
53,2,11.58588331,13.87003862,14.62164001,16.89444222,18.77761429,20.3673465,22.98619312,25.95877188,28.93135064,31.9039294,34.87650817,37.84908693,40.82166569,45.57779172
54,2,11.56933722,13.86383797,14.61989141,16.90617154,18.8049636,20.40875115,23.0398769,26.02412427,29.00837165,31.99261902,34.97686639,37.96111377,40.94536114,45.72015694
55,2,11.55479113,13.85867075,14.61861138,16.91880362,18.83117088,20.44753425,23.09056068,26.08647666,29.08239265,32.07830863,35.07422462,38.07014061,41.06605659,45.85952217
56,2,11.54124504,13.85450353,14.61833135,16.93138708,18.85637816,20.48531735,23.14024446,26.14782905,29.15541365,32.16299825,35.17058285,38.17816744,41.18575204,45.9978874
57,2,11.52969895,13.85133632,14.61905132,16.94497053,18.88258544,20.52410046,23.18875729,26.20509335,29.2214294,32.23776546,35.25410152,38.27043757,41.28677363,46.11291132
58,2,11.51928938,13.84920254,14.62023987,16.95750537,18.90665069,20.55926202,23.23544107,26.26344574,29.29145041,32.31945508,35.34745974,38.37546441,41.40346908,46.24827655
59,2,11.50887981,13.84800188,14.62189699,16.9710402,18.93171593,20.59542358,23.28095391,26.31771004,29.35446616,32.39122229,35.42797841,38.46473454,41.50149067,46.36030047
60,2,11.50047025,13.84690155,14.62408553,16.98352642,18.95463915,20.6279636,23.32463769,26.37306243,29.42148716,32.4699119,35.51833664,38.56676138,41.61518611,46.49266569
61,2,11.63661727,13.85277438,14.61001711,16.96665923,19.03426276,20.87033319,23.46318436,26.31615986,29.16913536,32.02211085,34.87508635,37.72806184,40.58103734,45.14579813
62,2,11.62961727,13.84674093,14.60667423,16.97658304,19.06474834,20.92671016,23.52618436,26.37915986,29.23213536,32.08511085,34.93808635,37.79106184,40.64403734,45.20879813
63,2,11.62361727,13.8426406,14.60479993,16.98750684,19.09630493,20.98489791,23.58901342,26.43907176,29.28913011,32.13918845,34.98924679,37.83930513,40.68936348,45.24945683
64,2,11.61861727,13.83760716,14.60298847,16.99947927,19.12986152,21.04508566,23.65384247,26.50098366,29.34812485,32.19526604,35.04240723,37.88954842,40.73668961,45.29211552
65,2,11.61275379,13.83357372,14.60164559,17.01145169,19.16348913,21.10608418,23.72401342,26.57407176,29.42413011,32.27418845,35.12424679,37.97430513,40.82436348,45.38445683
66,2,11.60861727,13.83050683,14.60077129,17.02442412,19.19818775,21.16889348,23.79184247,26.63898366,29.48612485,32.33326604,35.18040723,38.02754842,40.87468961,45.43011552
67,2,11.60375379,13.82747339,14.60095984,17.03839655,19.23395739,21.23351354,23.86601342,26.71607176,29.56613011,32.41618845,35.26624679,38.11630513,40.96636348,45.52645683
68,2,11.59975379,13.8254065,14.60161696,17.0534176,19.27172703,21.3001336,23.94001342,26.79007176,29.64013011,32.49018845,35.34024679,38.19030513,41.04036348,45.60045683
69,2,11.59675379,13.82430617,14.60274266,17.06843864,19.3096387,21.3683752,24.01384247,26.86098366,29.70812485,32.55526604,35.40240723,38.24954842,41.09668961,45.65211552
70,2,11.59375379,13.82323928,14.60439978,17.08445969,19.34862139,21.43842758,24.09184247,26.93898366,29.78612485,32.63326604,35.48040723,38.32754842,41.17468961,45.73011552
71,2,11.59175379,13.8231724,14.6070569,17.10148074,19.38853307,21.50866918,24.16984247,27.01698366,29.86412485,32.71126604,35.55840723,38.40554842,41.25268961,45.80811552
72,2,11.58975379,13.82313895,14.61024544,17.11859903,19.43058677,21.58253233,24.25401342,27.10407176,29.95413011,32.80418845,35.65424679,38.50430513,41.35436348,45.91445683
73,2,11.58861727,13.82407207,14.61390257,17.1376687,19.4737115,21.65820624,24.33801342,27.18807176,30.03813011,32.88818845,35.73824679,38.58830513,41.43836348,45.99845683
74,2,11.58761727,13.82597174,14.61855969,17.15678699,19.51790723,21.73569093,24.42401342,27.27407176,30.12413011,32.97418845,35.82424679,38.67430513,41.52436348,46.08445683
75,2,11.58761727,13.82793829,14.62374823,17.17785666,19.56317399,21.81498639,24.51418436,27.36715986,30.22013536,33.07311085,35.92608635,38.77906184,41.63203734,46.19679813
76,2,11.58848075,13.83087141,14.62993678,17.19902357,19.61044075,21.89628185,24.60418436,27.45715986,30.31013536,33.16311085,36.01608635,38.86906184,41.72203734,46.28679813
77,2,11.58948075,13.83477108,14.63712533,17.22119049,19.65884953,21.98019885,24.69718436,27.55015986,30.40313536,33.25611085,36.10908635,38.96206184,41.81503734,46.37979813
78,2,11.59134422,13.83970419,14.64478245,17.24530878,19.70825832,22.06511585,24.79335531,27.64924796,30.50514061,33.36103326,36.2169259,39.07281855,41.9287112,46.49813944
79,2,11.59334422,13.84560386,14.65343957,17.26947569,19.75888016,22.15346516,24.89352625,27.75233606,30.61114586,33.46995566,36.32876546,39.18757526,42.04638506,46.62048075
80,2,11.5972077,13.85250353,14.66362811,17.2956426,19.81135996,22.24219293,24.99152625,27.85033606,30.70914586,33.56795566,36.42676546,39.28557526,42.14438506,46.71848075
81,2,11.60107118,13.85943665,14.67381666,17.32185814,19.86505282,22.33435301,25.0956972,27.95742415,30.81915111,33.68087806,36.54260502,39.40433197,42.26605893,46.84482205
82,2,11.60593466,13.86733632,14.68553663,17.35007367,19.92081669,22.42932386,25.2006972,28.06242415,30.92415111,33.78587806,36.64760502,39.50933197,42.37105893,46.94982205
83,2,11.61079813,13.87626943,14.69772518,17.37933782,19.97858056,22.52629472,25.31203909,28.17960035,31.04716161,33.91472287,36.78228413,39.64984539,42.51740665,47.10550467
84,2,11.61666161,13.88713566,14.71191372,17.41055336,20.03741545,22.62507634,25.42321004,28.29368845,31.16416686,34.03464527,36.90512369,39.7756021,42.64608051,47.23884597
85,2,11.62352509,13.89803533,14.72610227,17.44181751,20.09739237,22.72647951,25.53738098,28.41077655,31.28417211,34.15756768,37.03096324,39.90435881,42.77775438,47.37518728
86,2,11.63125204,13.909935,14.74182224,17.47413029,20.15929827,22.8290719,25.65255193,28.52886464,31.40517736,34.28149008,37.1578028,40.03411552,42.91042824,47.51252859
87,2,11.63911552,13.92283467,14.75801078,17.50844306,20.22334621,22.93528584,25.77389382,28.65604084,31.53818786,34.42033489,37.30248191,40.18462894,43.06677596,47.6782112
88,2,11.64784247,13.93573434,14.77526218,17.54370722,20.28760719,23.04393209,25.89606476,28.78112894,31.66619312,34.55125729,37.43632147,40.32138565,43.20644982,47.82255251
89,2,11.65770595,13.95060057,14.79345073,17.58002,20.35372614,23.1529568,26.01823571,28.90621704,31.79419837,34.6821797,37.57016103,40.45814236,43.34612369,47.96689382
90,2,11.66743291,13.96646679,14.8131707,17.61738139,20.42205814,23.26641382,26.1475776,29.04139323,31.93520887,34.8290245,37.72284014,40.61665578,43.51047141,48.14057643
91,2,11.67829638,13.98236646,14.83342209,17.65669417,20.49131913,23.38006007,26.27691949,29.17656943,32.07621937,34.97586931,37.87551925,40.77516919,43.67481914,48.31425904
92,2,11.69002334,14.00023269,14.85461064,17.69610419,20.56258012,23.49570632,26.40826138,29.31374562,32.21922987,35.12471412,38.03019837,40.93568261,43.84116686,48.48994166
93,2,11.70175029,14.01809892,14.87686203,17.73746559,20.63505415,23.61478488,26.54360327,29.45492182,32.36624037,35.27755893,38.18887748,41.10019603,44.01151459,48.66962427
94,2,11.71447725,14.03699859,14.90011343,17.77982698,20.7085992,23.73567421,26.6831161,29.60318611,32.52325613,35.44332614,38.36339615,41.28346616,44.20353617,48.87564819
95,2,11.72806768,14.05783137,14.92430197,17.823237,20.78407324,23.85775277,26.82145799,29.74736231,32.67326663,35.59917095,38.52507526,41.45097958,44.3768839,49.05833081
96,2,11.74179463,14.07866415,14.94955337,17.86764702,20.8606893,23.98245288,26.96279988,29.89453851,32.82627713,35.75801575,38.68975438,41.621493,44.55323162,49.24401342
97,2,11.75738506,14.10053038,14.97580476,17.91305704,20.93823435,24.10734221,27.10414177,30.0417147,32.97928763,35.91686056,38.85443349,41.79200642,44.72957935,49.42969603
98,2,11.77211202,14.12239661,15.00258758,17.96046706,21.01792144,24.23585308,27.25165461,30.197979,33.14430338,36.09062777,39.03695216,41.98327655,44.92960093,49.64371995
99,2,11.78870245,14.14626284,15.03030755,18.00787708,21.09760852,24.36436396,27.39916744,30.35424329,33.30931914,36.26439498,39.21947083,42.17454667,45.12962252,49.85774387
100,2,11.80529288,14.17009562,15.05909037,18.05733572,21.18036662,24.4966856,27.54850933,30.50941949,33.47032964,36.43123979,39.39214994,42.35306009,45.31397025,50.05142649
101,2,11.82288331,14.1959284,15.08881034,18.10679436,21.26319574,24.62981802,27.70102217,30.67068378,33.64034539,36.610007,39.57966861,42.54933022,45.51899183,50.27045041
102,2,11.84047375,14.22176119,15.11959316,18.15820438,21.34702486,24.76395044,27.85453501,30.83294807,33.81136114,36.78977421,39.76818728,42.74660035,45.72501342,50.49047433
103,2,11.8582007,14.24859397,15.15084455,18.20971164,21.43278296,24.89927208,28.01121879,31.00130047,33.99138215,36.98146383,39.97154551,42.96162719,45.95170887,50.73583956
104,2,11.87765461,14.27542675,15.18262737,18.26217028,21.51854106,25.03459373,28.16356068,31.15947666,34.15539265,37.15130863,40.14722462,43.14314061,46.13905659,50.93252217
105,2,11.89624504,14.30325954,15.21541019,18.3165803,21.60544119,25.17253691,28.32324446,31.33082905,34.33841365,37.34599825,40.35358285,43.36116744,46.36875204,51.1808874
106,2,11.91583547,14.33209232,15.24866158,18.37103894,21.69327031,25.31066933,28.48292824,31.50218145,34.52143466,37.54068786,40.55994107,43.57919428,46.59844749,51.42925263
107,2,11.93628938,14.36089166,15.28297583,18.42549758,21.78117044,25.44961252,28.63927013,31.66435764,34.68944516,37.71453267,40.73962019,43.7647077,46.78979522,51.62993524
108,2,11.95674329,14.39072445,15.31722722,18.48095622,21.86992854,25.58793416,28.79895391,31.83571004,34.87246616,37.90922229,40.94597841,43.98273454,47.01949067,51.87830047
109,2,11.97733372,14.42152379,15.35301004,18.53746348,21.96068664,25.72825581,28.96063769,32.00906243,35.05748716,38.1059119,41.15433664,44.20276138,47.25118611,52.12866569
110,2,11.99778763,14.45232313,15.38879286,18.5948735,22.05051576,25.86838822,29.12232147,32.18241482,35.24250817,38.30260152,41.36269487,44.42278821,47.48288156,52.37903092
111,2,12.01924154,14.48315591,15.4251071,18.65233214,22.14127386,26.00870987,29.28400525,32.35576721,35.42752917,38.49929113,41.57105309,44.64281505,47.71457701,52.62939615
112,2,12.04069545,14.51495525,15.46188992,18.71174216,22.23303196,26.15003151,29.44668903,32.5301196,35.61355018,38.69698075,41.78041132,44.86384189,47.94727246,52.88076138
113,2,12.06314936,14.54775459,15.49967274,18.7702008,22.32471904,26.29054239,29.60837281,32.703472,35.79857118,38.89367036,41.98876954,45.08386873,48.17896791,53.1311266
114,2,12.08560327,14.58055393,15.53798698,18.82961082,22.41647714,26.43186403,29.77105659,32.87782439,35.98459218,39.09135998,42.19812777,45.30489557,48.41166336,53.38249183
115,2,12.10805718,14.61431983,15.5767698,18.89006946,22.51002219,26.57275337,29.93274037,33.05117678,36.16961319,39.28804959,42.406486,45.5249224,48.64335881,53.63285706
116,2,12.13137456,14.64911917,15.61655262,18.95143086,22.60263826,26.71345347,30.0965951,33.22961727,36.36263944,39.49566161,42.62868378,45.76170595,48.89472812,53.90756359
117,2,12.15482847,14.68388507,15.65686687,19.01384088,22.69711229,26.85453203,30.25827888,33.40296966,36.54766044,39.69235123,42.83704201,45.98173279,49.12642357,54.15792882
118,2,12.17914586,14.71871785,15.69718111,19.07625089,22.79158633,26.99561059,30.42213361,33.58141015,36.7406867,39.89996324,43.05923979,46.21851634,49.37779288,54.43263536
119,2,12.20359977,14.75545031,15.73896393,19.13966091,22.88713138,27.13849993,30.58581739,33.75676254,36.9277077,40.09865286,43.26959802,46.44054317,49.61148833,54.68500058
120,2,12.22878063,14.79224965,15.78127817,19.20402231,22.98246338,27.27895695,30.74867211,33.93420303,37.11973396,40.30526488,43.4907958,46.67632672,49.86185764,54.95870712
121,2,12.25423454,14.83001554,15.82459241,19.26943233,23.07972437,27.4206032,30.91252684,34.11264352,37.31276021,40.5128769,43.71299358,46.91311027,50.11322695,55.23341365
122,2,12.27955193,14.86781488,15.86843808,19.33574511,23.17598535,27.56124945,31.07755251,34.29517211,37.51279172,40.73041132,43.94803092,47.16565053,50.38327013,55.53146149
123,2,12.30673279,14.90754734,15.91375232,19.40215513,23.27403329,27.70146338,31.23723629,34.4665245,37.69581272,40.92510093,44.15438915,47.38367736,50.61296558,55.77982672
124,2,12.3331867,14.94731324,15.95906657,19.4704679,23.37222326,27.84329886,31.40326196,34.65005309,37.89684422,41.14363536,44.39042649,47.63721762,50.88400875,56.07887456
125,2,12.36136756,14.98804569,16.00538081,19.5388293,23.47120018,27.98370203,31.56294574,34.82140548,38.07986523,41.33832497,44.59678471,47.85524446,51.1137042,56.32723979
126,2,12.38868495,15.02884503,16.0527579,19.60914208,23.5711771,28.12510519,31.73014236,35.00902217,38.28790198,41.5667818,44.84566161,48.12454142,51.40342124,56.64962894
127,2,12.41786581,15.07154404,16.10107215,19.67950347,23.67201198,28.26588682,31.88982614,35.18037456,38.47092299,41.76147141,45.05201984,48.34256826,51.63311669,56.89799417
128,2,12.44704667,15.11430994,16.14991781,19.75081625,23.77277585,28.40585767,32.05285181,35.36090315,38.66895449,41.97700583,45.28505718,48.59310852,51.90115986,57.19404201
129,2,12.47636406,15.15804239,16.19976348,19.82312903,23.87453972,28.54682852,32.21687748,35.54243174,38.867986,42.19354026,45.51909452,48.84464877,52.17020303,57.49108985
130,2,12.50654492,15.20280829,16.25060915,19.89739318,23.97709055,28.68636707,32.3810741,35.72704842,39.07302275,42.41899708,45.76497141,49.11094574,52.45692007,57.810479
131,2,12.53772579,15.2485073,16.30192339,19.97165734,24.07957035,28.82509484,32.53992882,35.90048891,39.26104901,42.6216091,45.98216919,49.34272929,52.70328938,58.08018553
132,2,12.56890665,15.29423976,16.35430048,20.04697011,24.18405016,28.96582261,32.70295449,36.0810175,39.45908051,42.83714352,46.21520653,49.59326954,52.97133256,58.37623337
133,2,12.60095099,15.34100565,16.40714615,20.12223427,24.28738793,29.10392884,32.86515111,36.26363419,39.66211727,43.06060035,46.45908343,49.85756651,53.25604959,58.69362252
134,2,12.63313186,15.38870466,16.46152324,20.19949842,24.39265468,29.24322429,33.02617678,36.44216278,39.85814877,43.27413477,46.69012077,50.10610677,53.52209277,58.98767036
135,2,12.66631272,15.43740367,16.51636891,20.27771395,24.49777941,29.38089821,33.18520245,36.61869137,40.05218028,43.48566919,46.91915811,50.35264702,53.78613594,59.2797182
136,2,12.69935706,15.48613613,16.571746,20.35592949,24.60290413,29.51857213,33.34639907,36.80030805,40.25421704,43.70812602,47.16203501,50.61594399,54.06985298,59.59610735
137,2,12.73353792,15.53586858,16.62759167,20.43514502,24.7088158,29.65481373,33.50559568,36.97992474,40.45425379,43.92858285,47.4029119,50.87724096,54.35157001,59.9104965
138,2,12.76758226,15.58656759,16.68496876,20.51536056,24.81565646,29.79124456,33.6647923,37.15954142,40.65429055,44.14903967,47.6437888,51.13853792,54.63328705,60.22488565
139,2,12.8026266,15.6372666,16.74234585,20.59652747,24.92256813,29.92848617,33.82281797,37.33507001,40.84732205,44.3595741,47.87182614,51.38407818,54.89633022,60.51593349
140,2,12.83767095,15.68896561,16.80072295,20.67769438,25.02926676,30.06329546,33.98001459,37.5126867,41.04535881,44.57803092,48.11070303,51.64337515,55.17604726,60.82832264
141,2,12.87371529,15.74166463,16.85956861,20.75986129,25.13689436,30.19829398,34.1372112,37.69030338,41.24339557,44.79648775,48.34957993,51.90267211,55.45576429,61.14071179
142,2,12.90975963,15.79436364,16.9189457,20.8420282,25.24437994,30.33167096,34.29240782,37.86592007,41.43943232,45.01294457,48.58645683,52.15996908,55.73348133,61.45110093
143,2,12.94580397,15.84706265,16.97885422,20.9251465,25.35165246,30.46261562,34.44460443,38.03853676,41.63246908,45.2264014,48.82033372,52.41426604,56.00819837,61.75849008
144,2,12.98184831,15.90076166,17.03923131,21.00831341,25.46006702,30.59618183,34.601972,38.21924154,41.83651109,45.45378063,49.07105018,52.68831972,56.30558926,62.09322054
145,2,13.01875613,15.95542723,17.10007698,21.09238308,25.56733955,30.7271265,34.75416861,38.39185823,42.02954784,45.66723746,49.30492707,52.94261669,56.5803063,62.40060968
146,2,13.05580047,16.00912624,17.1609855,21.17645275,25.67447004,30.85644962,34.90436523,38.56247491,42.2205846,45.87869428,49.53680397,53.19491365,56.85302334,62.70599883
147,2,13.09270828,16.0637918,17.22236259,21.26052242,25.78152952,30.98496198,35.05356184,38.7320916,42.41062135,46.08915111,49.76768086,53.44621062,57.12474037,63.01038798
148,2,13.12975263,16.11849081,17.28373968,21.34459209,25.88844696,31.11185279,35.2029294,38.90479638,42.60666336,46.30853034,50.01039732,53.71226429,57.41413127,63.33711844
149,2,13.16679697,16.17318983,17.34511677,21.42956451,25.9943644,31.2377436,35.35129697,39.07650117,42.80170537,46.52690957,50.25211377,53.97731797,57.70252217,63.66284889
150,2,13.20370478,16.22785539,17.40702529,21.51363418,26.1010688,31.3622021,35.49549358,39.24111785,42.98674212,46.73236639,50.47799067,54.22361494,57.96923921,63.96223804
151,2,13.2416126,16.28352096,17.46887096,21.59760661,26.20577319,31.4846606,35.6376902,39.40373454,43.16977888,46.93582322,50.70186756,54.4679119,58.23395624,64.25962719
152,2,13.27852042,16.33821997,17.53024805,21.68157904,26.31033555,31.60549756,35.78005776,39.56943932,43.35882089,47.14820245,50.93758401,54.72696558,58.51634714,64.57935764
153,2,13.31556476,16.39288554,17.59215656,21.76555146,26.41475588,31.72471298,35.91825438,39.72805601,43.53785764,47.34765928,51.15746091,54.96726254,58.77706418,64.87274679
154,2,13.3516091,16.44758455,17.65353366,21.84947527,26.51810519,31.84211762,36.05879288,39.89484889,43.7309049,47.56696091,51.40301692,55.23907293,59.07512894,65.21281855
155,2,13.38851692,16.50225012,17.71491075,21.93235045,26.61938349,31.9567115,36.1919895,40.04846558,43.90494166,47.76141774,51.61789382,55.47436989,59.33084597,65.5012077
156,2,13.42442474,16.55594913,17.77528784,22.01427426,26.72059077,32.0704946,36.32635706,40.20617036,44.08598366,47.96579697,51.84561027,55.72542357,59.60523687,65.81293816
157,2,13.46033256,16.6106147,17.83666493,22.09714944,26.82165601,32.18265616,36.45872462,40.36187515,44.26502567,48.1681762,52.07132672,55.97447725,59.87762777,66.12266861
158,2,13.4963769,16.66428026,17.89704202,22.17802463,26.92065024,32.29200695,36.58592124,40.50949183,44.43306243,48.35663302,52.28020362,56.20377421,60.12734481,66.40505776
159,2,13.53228471,16.71797927,17.95688769,22.25880257,27.01757346,32.39854697,36.7122888,40.65919662,44.60610443,48.55301225,52.49992007,56.44682789,60.39373571,66.70878821
160,2,13.56719253,16.77064484,18.01626478,22.33962913,27.11542565,32.50527622,36.83648541,40.8038133,44.77114119,48.73846908,52.70579697,56.67312485,60.64045274,66.98817736
161,2,13.60123687,16.82334385,18.07564187,22.41940707,27.21113582,32.60838393,36.96102392,40.95460618,44.94818845,48.94177071,52.93535298,56.92893524,60.9225175,67.31224912
162,2,13.63600817,16.87600942,18.13448754,22.49813639,27.30484598,32.70949164,37.07922054,41.09322287,45.1072252,49.12122754,53.13522987,57.14923221,61.16323454,67.58563827
163,2,13.67005251,16.92770843,18.19286463,22.57686571,27.3983431,32.80816704,37.1965881,41.23392765,45.27126721,49.30860677,53.34594632,57.38328588,61.42062544,67.88036873
164,2,13.70296033,16.97840744,18.25024173,22.65359503,27.48998225,32.90646397,37.31395566,41.37463244,45.43530922,49.495986,53.55666278,57.61733956,61.67801634,68.17509918
165,2,13.73600467,17.02910645,18.30708739,22.73027573,27.58033733,33.00051783,37.42632322,41.51033722,45.59435123,49.67836523,53.76237923,57.84639323,61.93040723,68.46482964
166,2,13.76891249,17.07977202,18.36393306,22.80595643,27.66969241,33.09357168,37.53551984,41.63995391,45.74438798,49.84882205,53.95325613,58.0576902,62.16212427,68.72921879
167,2,13.8008203,17.12847103,18.41877873,22.88053989,27.75597648,33.18281477,37.64071645,41.7655706,45.89042474,50.01527888,54.14013302,58.26498716,62.38984131,68.98960793
168,2,13.83186464,17.1781366,18.4746244,22.95417196,27.84218953,33.27124708,37.74708401,41.89527538,46.04346674,50.19165811,54.33984947,58.48804084,62.63623221,69.27333839
169,2,13.86277246,17.22586905,18.52847006,23.02680404,27.92733156,33.35786862,37.85145158,42.02298016,46.19450875,50.36603734,54.53756593,58.70909452,62.8806231,69.55506884
170,2,13.8928168,17.27353462,18.58178431,23.0983875,28.01054461,33.44330093,37.95264819,42.14459685,46.33654551,50.52849417,54.72044282,58.91239148,63.10434014,69.81145799
171,2,13.92186114,17.31926707,18.6341614,23.16797095,28.09154461,33.52430093,38.05101575,42.26630163,46.48158751,50.6968734,54.91215928,59.12744516,63.34273104,70.08718845
172,2,13.95076896,17.36593264,18.68647564,23.23750579,28.17154461,33.60430093,38.14621237,42.38191832,46.61762427,50.85333022,55.08903617,59.32474212,63.56044807,70.3375776
173,2,13.97967678,17.4106651,18.73678988,23.304992,28.24847359,33.68049016,38.23740898,42.49353501,46.74966103,51.00578705,55.26191307,59.51803909,63.77416511,70.58396674
174,2,14.00672112,17.45439755,18.78663555,23.37152684,28.32533156,33.75586862,38.32977655,42.60923979,46.88870303,51.16816628,55.44762952,59.72709277,64.00655601,70.8536972
175,2,14.03376546,17.49809656,18.8359498,23.43701305,28.40011851,33.82843631,38.41697316,42.71685648,47.01673979,51.3166231,55.61650642,59.91638973,64.21627305,71.09608635
176,2,14.0598098,17.54079557,18.88373261,23.50045064,28.47190546,33.89800399,38.50116978,42.82147316,47.14177655,51.46207993,55.78238331,60.1026867,64.42299008,71.3354755
177,2,14.08485414,17.58152803,18.93057828,23.56388823,28.54362139,33.96676091,38.58436639,42.92508985,47.2658133,51.60653676,55.94726021,60.28798366,64.62870712,71.57386464
178,2,14.10989848,17.62226048,18.9763611,23.6242772,28.61126631,34.03070706,38.66256301,43.02370653,47.38485006,51.74599358,56.10713711,60.46828063,64.82942415,71.80725379
179,2,14.13294282,17.66199293,19.02114392,23.68466618,28.67884021,34.09384243,38.74193057,43.12641132,47.51089207,51.89537281,56.27985356,60.66433431,65.04881505,72.06398425
180,2,14.15598716,17.70069195,19.06492674,23.74300652,28.74341411,34.15397781,38.81395624,43.21593991,47.61792357,52.01990723,56.4218909,60.82387456,65.22585823,72.26903209
181,2,14.17803151,17.7384244,19.10824098,23.79944412,28.80798802,34.21411318,38.88815286,43.31055659,47.73296033,52.15536406,56.57776779,61.00017153,65.42257526,72.49842124
182,2,14.20007585,17.77515685,19.14949238,23.85473585,28.86841988,34.26862702,38.95417853,43.39408518,47.83399183,52.27389848,56.71380513,61.15371179,65.59361844,72.69746908
183,2,14.22025671,17.80992275,19.18980662,23.90907619,28.92885175,34.32314085,39.02237515,43.48270187,47.94302859,52.40335531,56.86368203,61.32400875,65.78433547,72.92085823
184,2,14.24030105,17.8446552,19.22905801,23.96136792,28.98621261,34.37384391,39.08440082,43.56223046,48.04006009,52.51788973,56.99571937,61.47354901,65.95137865,73.11590607
185,2,14.25848191,17.8784211,19.26784083,24.01261103,29.04157346,34.42254697,39.14876838,43.64993524,48.1511021,52.65226896,57.15343582,61.65460268,66.15576954,73.35763652
186,2,14.27666278,17.91115356,19.30509223,24.06285414,29.09586329,34.46943927,39.20679405,43.72546383,48.24413361,52.76280338,57.28147316,61.80014294,66.31881272,73.54868436
187,2,14.29470712,17.94291945,19.34134362,24.11114586,29.14908211,34.51452079,39.26281972,43.79899242,48.33516511,52.87133781,57.4075105,61.9436832,66.47985589,73.73773221
188,2,14.31088798,17.97365191,19.37659502,24.15829173,29.19837195,34.55641308,39.31584539,43.869521,48.42319662,52.97687223,57.53054784,62.08422345,66.63789907,73.92378005
189,2,14.32693232,18.0034178,19.41084641,24.20353483,29.24744874,34.59587306,39.36587106,43.93704959,48.50822812,53.07940665,57.65058518,62.22176371,66.79294224,74.10682789
190,2,14.34211319,18.0321837,19.44409781,24.2486807,29.29459654,34.63414381,39.41489673,44.00357818,48.59225963,53.18094107,57.76962252,62.35830397,66.94698541,74.28887573
191,2,14.35629405,18.0599496,19.47581778,24.29182656,29.33974434,34.67041456,39.4619224,44.06810677,48.67429113,53.2804755,57.88665986,62.49284422,67.09902859,74.46892357
192,2,14.36947491,18.08674894,19.50706917,24.33302105,29.38382113,34.70487454,39.50911902,44.13572345,48.76232789,53.38893232,58.01553676,62.64214119,67.26874562,74.67131272
193,2,14.38265578,18.11251484,19.53678914,24.37311829,29.4248269,34.73552375,39.54797375,44.18916394,48.83035414,53.47154434,58.11273454,62.75392474,67.39511494,74.82101925
194,2,14.39483664,18.13828073,19.56650911,24.41221553,29.46483267,34.76517295,39.58799942,44.24669253,48.90538565,53.56407876,58.22277188,62.88146499,67.54015811,74.99406709
195,2,14.40615403,18.16208008,19.59422908,24.45031278,29.50376742,34.79301139,39.62602509,44.30222112,48.97841715,53.65461319,58.33080922,63.00700525,67.68320128,75.16511494
196,2,14.41633489,18.18584597,19.62194905,24.48641002,29.54070217,34.81884983,39.66205076,44.35574971,49.04944866,53.74314761,58.43684656,63.13054551,67.82424446,75.33416278
197,2,14.42651575,18.20764531,19.64766902,24.52241002,29.57563693,34.84268827,39.69390548,44.4021902,49.11047491,53.81875963,58.52704434,63.23532905,67.94361377,75.47686931
198,2,14.43483314,18.22944465,19.67285757,24.55645864,29.60950067,34.86471593,39.7281021,44.45680688,49.18551167,53.91421645,58.64292124,63.37162602,68.10033081,75.66625846
199,2,14.444014,18.25021055,19.69757754,24.58850726,29.64129339,34.88393283,39.75278588,44.49315928,49.23353267,53.97390607,58.71427946,63.45465286,68.19502625,75.77962369
200,2,14.45133139,18.27000989,19.72076608,24.62050726,29.67201509,34.90133896,39.77981155,44.53768786,49.29556418,54.05344049,58.8113168,63.56919312,68.32706943,75.93967153
201,2,14.45851225,18.28880923,19.74348605,24.65055588,29.70187883,34.91936662,39.80566628,44.57812835,49.35059043,54.12305251,58.89551459,63.66797666,68.44043874,76.07637806
202,2,14.46482964,18.30760857,19.76514318,24.68050726,29.72960053,34.93377275,39.82969195,44.61965694,49.40962194,54.19958693,58.98955193,63.77951692,68.56948191,76.2334259
203,2,14.47014702,18.32444136,19.78586315,24.70845864,29.75539325,34.94698964,39.85271762,44.66018553,49.46765344,54.27512135,59.08258926,63.89005718,68.69752509,76.38947375
204,2,14.47546441,18.34220725,19.80652027,24.73541002,29.77997292,34.95677423,39.86957235,44.69162602,49.5136797,54.33573337,59.15778705,63.97984072,68.8018944,76.51718028
205,2,14.48064527,18.35804004,19.82570881,24.76231278,29.80369463,34.96718035,39.88742707,44.72406651,49.56070595,54.39734539,59.23398483,64.07062427,68.90726371,76.64588681
206,2,14.48396266,18.37383938,19.84436594,24.78731278,29.8272743,34.97596494,39.90545274,44.7595951,49.61373746,54.46787981,59.32202217,64.17616453,69.03030688,76.79693466
207,2,14.48814352,18.38863872,19.86255448,24.81216691,29.84792499,34.98256029,39.91713652,44.78294749,49.64875846,54.51456943,59.3803804,64.24619137,69.11200233,76.89729988
208,2,14.49059743,18.4024715,19.87974303,24.83506967,29.86750466,34.98734487,39.93116219,44.81447608,49.69778996,54.58110385,59.46441774,64.34773162,69.23104551,77.04434772
209,2,14.49291482,18.41627084,19.89640015,24.85802105,29.88815535,34.99394023,39.94501692,44.84291657,49.74081622,54.63871587,59.53661552,64.43451517,69.33241482,77.16905426
210,2,14.49523221,18.42910363,19.91258869,24.88087518,29.906664,34.99691404,39.95487165,44.86735706,49.77984247,54.69232789,59.6048133,64.51729872,69.42978413,77.28976079
211,2,14.49741307,18.44193641,19.92824582,24.90172932,29.92331469,34.99950939,39.96472637,44.89179755,49.81886873,54.74593991,59.67301109,64.60008226,69.52715344,77.41046733
212,2,14.49873046,18.45473575,19.94337151,24.92263208,29.94082335,35.00148321,39.9735811,44.91523804,49.85689498,54.79855193,59.74020887,64.68186581,69.62352275,77.53017386
213,2,14.49904784,18.46656854,19.95856006,24.94343759,29.95640302,35.00226779,39.98360677,44.94276663,49.90192649,54.86108635,59.82024621,64.77940607,69.73856593,77.6732217
214,2,14.50036523,18.47740132,19.97221718,24.96234035,29.97198269,35.00305237,39.98929055,44.96011902,49.93094749,54.90177596,59.87260443,64.84343291,69.81426138,77.76758693
215,2,14.50068261,18.48920066,19.98634288,24.98119449,29.98642033,35.00121542,39.99414527,44.97955951,49.96497375,54.95038798,59.93580222,64.92121645,69.90663069,77.88329347
216,2,14.5,18.5,20,25,30,35,40,45,50,55,60,65,70,78
