age_months,sex,L,M,S,SD4neg,SD3neg,SD2neg,SD1neg,SD0,SD1,SD2,SD3,SD4,SD5,SD6,SD7,SD8,diff_SD2_SD3
0,1,-0.3053,13.4069,0.0956,9.235,10.184,11.133,12.201,13.407,14.773,16.326,18.1,19.874,21.648000000000003,23.422000000000004,25.196000000000005,26.970000000000006,1.774000000000001
1,1,0.2738,14.914,0.09035,10.116,11.253,12.391,13.61,14.914,16.306,17.791,19.371,20.951,22.530999999999995,24.110999999999994,25.690999999999992,27.27099999999999,1.5799999999999983
2,1,0.1113,16.3231,0.08676,11.369,12.534,13.7,14.96,16.323,17.795,19.384,21.098,22.811,24.525999999999996,26.239999999999995,27.953999999999994,29.667999999999992,1.7139999999999986
3,1,0.0077,16.895,0.08496,11.928,13.091,14.253,15.518,16.895,18.393,20.022,21.794,23.567,25.338000000000005,27.110000000000007,28.88200000000001,30.65400000000001,1.772000000000002
4,1,-0.0709,17.1533,0.08381,12.219,13.369,14.52,15.778,17.153,18.658,20.304,22.107,23.91,25.713,27.516000000000002,29.319000000000003,31.122000000000003,1.8030000000000008
5,1,-0.1366,17.2914,0.08297,12.4,13.537,14.675,15.922,17.291,18.796,20.452,22.275,24.098,25.920999999999992,27.74399999999999,29.566999999999986,31.389999999999983,1.8229999999999968
6,1,-0.1903,17.3419,0.08235,12.499,13.622,14.746,15.981,17.342,18.843,20.501,22.335,24.17,26.003,27.837,29.671,31.505,1.8339999999999996
7,1,-0.2369,17.3302,0.08185,12.542,13.651,14.759,15.981,17.33,18.823,20.479,22.319,24.159,25.999,27.839,29.679,31.519,1.8399999999999999
8,1,-0.2795,17.2661,0.08141,12.541,13.633,14.725,15.931,17.266,18.748,20.397,22.236,24.075,25.914000000000005,27.753000000000007,29.59200000000001,31.43100000000001,1.8390000000000022
9,1,-0.3165,17.1696,0.08103,12.51,13.585,14.66,15.849,17.17,18.638,20.277,22.111,23.945,25.779,27.613,29.447,31.281,1.8339999999999996
10,1,-0.3502,17.0543,0.08069,12.46,13.518,14.577,15.75,17.054,18.509,20.136,21.963,23.789,25.617000000000004,27.444000000000006,29.271000000000008,31.09800000000001,1.8270000000000017
11,1,-0.382,16.9273,0.08038,12.398,13.44,14.482,15.639,16.927,18.367,19.982,21.8,23.618,25.436000000000003,27.254000000000005,29.072000000000006,30.890000000000008,1.8180000000000014
12,1,-0.4104,16.8033,0.0801,12.335,13.362,14.388,15.53,16.803,18.229,19.832,21.64,23.449,25.256,27.064,28.872,30.68,1.8079999999999998
13,1,-0.4376,16.6771,0.07983,12.269,13.28,14.292,15.419,16.677,18.089,19.679,21.478,23.277,25.076000000000008,26.87500000000001,28.674000000000014,30.473000000000017,1.799000000000003
14,1,-0.4621,16.5591,0.07959,12.205,13.203,14.201,15.314,16.559,17.958,19.536,21.326,23.116,24.906,26.695999999999998,28.485999999999997,30.275999999999996,1.7899999999999991
15,1,-0.4852,16.4466,0.07936,12.143,13.129,14.115,15.214,16.447,17.833,19.4,21.181,22.962,24.743000000000006,26.524000000000008,28.30500000000001,30.086000000000013,1.7810000000000024
16,1,-0.5075,16.3369,0.07914,12.082,13.056,14.03,15.117,16.337,17.711,19.268,21.04,22.812,24.583999999999996,26.355999999999995,28.127999999999993,29.89999999999999,1.7719999999999985
17,1,-0.5279,16.2375,0.07893,12.028,12.99,13.953,15.029,16.238,17.601,19.147,20.911,22.675,24.439000000000007,26.20300000000001,27.967000000000013,29.731000000000016,1.764000000000003
18,1,-0.5472,16.1447,0.07874,11.976,12.929,13.881,14.947,16.145,17.498,19.035,20.791,22.548,24.303,26.059,27.815,29.571,1.7560000000000002
19,1,-0.5662,16.0564,0.07855,11.927,12.87,13.813,14.869,16.056,17.4,18.928,20.677,22.427,24.174999999999997,25.923999999999996,27.672999999999995,29.421999999999993,1.7489999999999988
20,1,-0.5836,15.9786,0.07837,11.885,12.819,13.753,14.8,15.979,17.313,18.833,20.576,22.319,24.062000000000005,25.805000000000007,27.54800000000001,29.29100000000001,1.743000000000002
21,1,-0.6002,15.9087,0.0782,11.847,12.774,13.7,14.738,15.909,17.235,18.748,20.486,22.223,23.962,25.7,27.438,29.176,1.7379999999999995
22,1,-0.6166,15.8444,0.07803,11.814,12.732,13.651,14.682,15.844,17.164,18.67,20.402,22.134,23.866,25.598,27.33,29.061999999999998,1.7319999999999993
23,1,-0.6318,15.7888,0.07787,11.786,12.697,13.609,14.633,15.789,17.101,18.602,20.329,22.057,23.783,25.51,27.237000000000002,28.964000000000002,1.7270000000000003
24,1,-0.6464,15.7388,0.07772,11.761,12.666,13.572,14.589,15.739,17.045,18.54,20.264,21.988,23.712,25.436,27.16,28.884,1.7240000000000002
25,1,-0.5863,15.9825,0.07791,11.909,12.839,13.769,14.81,15.982,17.309,18.82,20.55,22.281,24.01,25.740000000000002,27.470000000000002,29.200000000000003,1.7300000000000004
26,1,-0.5523,15.9443,0.07799,11.862,12.795,13.729,14.772,15.944,17.267,18.769,20.484,22.198,23.91400000000001,25.629000000000012,27.344000000000015,29.05900000000002,1.7150000000000034
27,1,-0.5196,15.9071,0.07808,11.815,12.752,13.689,14.735,15.907,17.227,18.721,20.42,22.12,23.818000000000005,25.517000000000007,27.216000000000008,28.91500000000001,1.6990000000000016
28,1,-0.4873,15.8694,0.07818,11.769,12.709,13.65,14.697,15.869,17.186,18.672,20.358,22.043,23.73,25.416,27.102,28.788,1.686
29,1,-0.4578,15.8338,0.07828,11.724,12.668,13.612,14.662,15.834,17.148,18.627,20.299,21.972,23.643,25.315,26.987000000000002,28.659000000000002,1.6720000000000006
30,1,-0.4301,15.7989,0.0784,11.681,12.628,13.575,14.626,15.799,17.111,18.584,20.245,21.906,23.567000000000004,25.228000000000005,26.889000000000006,28.550000000000008,1.6610000000000014
31,1,-0.4037,15.7635,0.07853,11.637,12.587,13.537,14.591,15.764,17.073,18.54,20.191,21.842,23.493,25.144,26.794999999999998,28.445999999999998,1.6509999999999998
32,1,-0.3804,15.73,0.07866,11.595,12.548,13.501,14.557,15.73,17.038,18.5,20.142,21.784,23.426,25.067999999999998,26.709999999999997,28.351999999999997,1.6419999999999995
33,1,-0.3594,15.6971,0.0788,11.555,12.511,13.466,14.524,15.697,17.003,18.462,20.096,21.73,23.364,24.998,26.632,28.266000000000002,1.6340000000000003
34,1,-0.3404,15.664,0.07896,11.515,12.473,13.431,14.49,15.664,16.969,18.425,20.052,21.68,23.305999999999997,24.932999999999996,26.559999999999995,28.186999999999994,1.626999999999999
35,1,-0.3247,15.6328,0.07912,11.478,12.437,13.397,14.458,15.633,16.937,18.39,20.013,21.636,23.259000000000004,24.882000000000005,26.505000000000006,28.128000000000007,1.623000000000001
36,1,-0.3112,15.6015,0.07929,11.441,12.402,13.364,14.426,15.602,16.906,18.357,19.975,21.594,23.211000000000006,24.829000000000008,26.44700000000001,28.065000000000012,1.618000000000002
37,1,-0.3009,15.5723,0.07948,11.406,12.369,13.333,14.396,15.572,16.877,18.327,19.944,21.561,23.177999999999994,24.79499999999999,26.41199999999999,28.028999999999986,1.6169999999999973
38,1,-0.2934,15.5443,0.07967,11.374,12.338,13.303,14.367,15.544,16.849,18.3,19.915,21.531,23.144999999999996,24.759999999999994,26.374999999999993,27.98999999999999,1.6149999999999984
39,1,-0.2887,15.5167,0.07988,11.342,12.307,13.273,14.338,15.517,16.823,18.274,19.891,21.507,23.124999999999993,24.74199999999999,26.358999999999988,27.975999999999985,1.6169999999999973
40,1,-0.2869,15.4914,0.0801,11.313,12.279,13.245,14.312,15.491,16.799,18.252,19.871,21.49,23.108999999999998,24.727999999999998,26.346999999999998,27.965999999999998,1.6189999999999998
41,1,-0.2878,15.4675,0.08033,11.286,12.253,13.219,14.287,15.468,16.777,18.233,19.856,21.479,23.102000000000004,24.725000000000005,26.348000000000006,27.971000000000007,1.623000000000001
42,1,-0.2914,15.4445,0.08058,11.26,12.227,13.194,14.262,15.444,16.757,18.216,19.845,21.473,23.102999999999994,24.731999999999992,26.36099999999999,27.989999999999988,1.6289999999999978
43,1,-0.2972,15.4236,0.08084,11.236,12.203,13.171,14.239,15.424,16.739,18.203,19.838,21.473,23.108000000000004,24.743000000000006,26.378000000000007,28.01300000000001,1.6350000000000016
44,1,-0.3054,15.404,0.08111,11.215,12.181,13.148,14.218,15.404,16.723,18.192,19.835,21.479,23.121000000000002,24.764000000000003,26.407000000000004,28.050000000000004,1.6430000000000007
45,1,-0.316,15.3849,0.0814,11.193,12.16,13.127,14.197,15.385,16.707,18.184,19.836,21.489,23.139999999999993,24.79199999999999,26.44399999999999,28.095999999999986,1.6519999999999975
46,1,-0.3284,15.3675,0.0817,11.174,12.14,13.106,14.177,15.368,16.694,18.178,19.842,21.505,23.169999999999995,24.833999999999993,26.49799999999999,28.16199999999999,1.663999999999998
47,1,-0.3429,15.351,0.08201,11.156,12.121,13.087,14.158,15.351,16.683,18.174,19.85,21.526,23.202000000000005,24.878000000000007,26.55400000000001,28.23000000000001,1.676000000000002
48,1,-0.3598,15.3346,0.08234,11.139,12.103,13.067,14.139,15.335,16.671,18.172,19.862,21.552,23.241999999999994,24.93199999999999,26.62199999999999,28.311999999999987,1.6899999999999977
49,1,-0.3782,15.3196,0.08267,11.123,12.086,13.05,14.122,15.32,16.662,18.172,19.877,21.582,23.286999999999995,24.991999999999994,26.696999999999992,28.40199999999999,1.7049999999999983
50,1,-0.3984,15.3052,0.08302,11.108,12.07,13.032,14.105,15.305,16.653,18.174,19.895,21.617,23.337,25.058,26.779,28.5,1.721
51,1,-0.4212,15.291,0.08338,11.094,12.055,13.015,14.088,15.291,16.646,18.177,19.917,21.657,23.397000000000006,25.137000000000008,26.87700000000001,28.61700000000001,1.740000000000002
52,1,-0.4449,15.2779,0.08375,11.081,12.04,12.999,14.072,15.278,16.639,18.183,19.942,21.702,23.46,25.219,26.978,28.737000000000002,1.7590000000000003
53,1,-0.4702,15.2654,0.08412,11.07,12.027,12.983,14.057,15.265,16.633,18.19,19.97,21.75,23.529999999999994,25.30999999999999,27.08999999999999,28.869999999999987,1.7799999999999976
54,1,-0.4977,15.2532,0.08451,11.059,12.013,12.968,14.041,15.253,16.629,18.199,20.001,21.804,23.605,25.407,27.209,29.011,1.8019999999999996
55,1,-0.5255,15.2419,0.0849,11.049,12.001,12.954,14.027,15.242,16.625,18.209,20.035,21.861,23.687,25.513,27.339000000000002,29.165000000000003,1.8260000000000005
56,1,-0.5544,15.2311,0.08529,11.039,11.99,12.94,14.013,15.231,16.622,18.22,20.071,21.922,23.773000000000007,25.62400000000001,27.475000000000012,29.326000000000015,1.8510000000000026
57,1,-0.5855,15.2204,0.0857,11.031,11.979,12.927,13.999,15.22,16.619,18.233,20.111,21.989,23.867,25.745,27.623,29.501,1.8780000000000001
58,1,-0.6166,15.2108,0.0861,11.024,11.969,12.914,13.987,15.211,16.618,18.248,20.153,22.058,23.962999999999994,25.86799999999999,27.77299999999999,29.677999999999987,1.9049999999999976
59,1,-0.6499,15.2014,0.08652,11.017,11.96,12.902,13.974,15.201,16.617,18.264,20.2,22.135,24.072,26.008,27.944,29.88,1.936
60,1,-0.6833,15.193,0.08693,11.011,11.951,12.891,13.963,15.193,16.617,18.282,20.248,22.214,24.180000000000003,26.146000000000004,28.112000000000005,30.078000000000007,1.966000000000001
61,1,-0.7387,15.2641,0.0839,11.204,12.118,13.031,14.071,15.264,16.645,18.259,20.166,22.072,23.98,25.887,27.794,29.701,1.907
62,1,-0.7621,15.2616,0.08414,11.204,12.115,13.027,14.066,15.262,16.648,18.273,20.2,22.127,24.054,25.980999999999998,27.907999999999998,29.834999999999997,1.9269999999999996
63,1,-0.7856,15.2604,0.08439,11.204,12.114,13.024,14.063,15.26,16.653,18.29,20.238,22.186,24.134,26.082,28.03,29.978,1.9480000000000004
64,1,-0.8089,15.2605,0.08464,11.205,12.114,13.022,14.061,15.26,16.659,18.308,20.277,22.247,24.215000000000003,26.184000000000005,28.153000000000006,30.122000000000007,1.9690000000000012
65,1,-0.8322,15.2619,0.0849,11.207,12.114,13.021,14.06,15.262,16.667,18.328,20.32,22.312,24.304000000000002,26.296000000000003,28.288000000000004,30.280000000000005,1.9920000000000009
66,1,-0.8554,15.2645,0.08516,11.21,12.115,13.021,14.06,15.264,16.676,18.35,20.365,22.38,24.394999999999992,26.40999999999999,28.424999999999986,30.439999999999984,2.014999999999997
67,1,-0.8785,15.2684,0.08543,11.213,12.117,13.021,14.061,15.268,16.686,18.374,20.413,22.452,24.491000000000003,26.530000000000005,28.569000000000006,30.608000000000008,2.0390000000000015
68,1,-0.9015,15.2737,0.0857,11.218,12.121,13.023,14.063,15.274,16.699,18.399,20.463,22.526,24.591,26.655,28.719,30.783,2.064
69,1,-0.9243,15.2801,0.08597,11.223,12.125,13.026,14.067,15.28,16.712,18.427,20.515,22.604,24.691000000000003,26.779000000000003,28.867000000000004,30.955000000000005,2.088000000000001
70,1,-0.9471,15.2877,0.08625,11.228,12.129,13.03,14.071,15.288,16.727,18.456,20.571,22.685,24.801000000000005,26.916000000000007,29.03100000000001,31.14600000000001,2.115000000000002
71,1,-0.9697,15.2965,0.08653,11.235,12.135,13.035,14.077,15.296,16.743,18.487,20.628,22.77,24.910000000000004,27.051000000000005,29.192000000000007,31.33300000000001,2.141000000000002
72,1,-0.9921,15.3062,0.08682,11.242,12.141,13.04,14.083,15.306,16.761,18.52,20.689,22.858,25.027,27.196,29.365000000000002,31.534000000000002,2.1690000000000005
73,1,-1.0144,15.3169,0.08711,11.249,12.148,13.047,14.09,15.317,16.78,18.554,20.751,22.948,25.145000000000007,27.34200000000001,29.539000000000012,31.736000000000015,2.1970000000000027
74,1,-1.0365,15.3285,0.08741,11.257,12.155,13.053,14.098,15.328,16.799,18.589,20.816,23.043,25.27,27.497,29.724,31.951,2.2270000000000003
75,1,-1.0584,15.3408,0.08771,11.265,12.163,13.061,14.107,15.341,16.82,18.626,20.883,23.139,25.396999999999995,27.653999999999993,29.91099999999999,32.16799999999999,2.256999999999998
76,1,-1.0801,15.354,0.08802,11.274,12.171,13.069,14.116,15.354,16.842,18.665,20.952,23.24,25.526000000000007,27.81300000000001,30.100000000000012,32.387000000000015,2.2870000000000026
77,1,-1.1017,15.3679,0.08833,11.283,12.18,13.077,14.126,15.368,16.864,18.704,21.023,23.343,25.660999999999998,27.979999999999997,30.298999999999996,32.617999999999995,2.318999999999999
78,1,-1.123,15.3825,0.08865,11.292,12.189,13.086,14.136,15.382,16.888,18.745,21.097,23.449,25.801000000000002,28.153000000000002,30.505000000000003,32.857,2.3520000000000003
79,1,-1.1441,15.3978,0.08898,11.301,12.198,13.095,14.147,15.398,16.913,18.788,21.174,23.559,25.945999999999998,28.331999999999997,30.717999999999996,33.104,2.3859999999999992
80,1,-1.1649,15.4137,0.08931,11.311,12.208,13.105,14.158,15.414,16.938,18.831,21.251,23.672,26.091000000000005,28.511000000000006,30.931000000000008,33.35100000000001,2.4200000000000017
81,1,-1.1856,15.4302,0.08964,11.321,12.218,13.115,14.17,15.43,16.964,18.876,21.331,23.786,26.240999999999996,28.695999999999994,31.150999999999993,33.605999999999995,2.4549999999999983
82,1,-1.206,15.4473,0.08998,11.331,12.228,13.126,14.183,15.447,16.991,18.922,21.413,23.905,26.395,28.886,31.377,33.867999999999995,2.4909999999999997
83,1,-1.2261,15.465,0.09033,11.341,12.239,13.136,14.195,15.465,17.019,18.969,21.498,24.027,26.556,29.085,31.614,34.143,2.529
84,1,-1.246,15.4832,0.09068,11.351,12.25,13.148,14.209,15.483,17.047,19.017,21.584,24.152,26.718,29.285,31.852,34.419,2.567
85,1,-1.2656,15.5019,0.09103,11.362,12.261,13.159,14.222,15.502,17.076,19.066,21.672,24.279,26.884000000000004,29.490000000000006,32.096000000000004,34.70200000000001,2.6060000000000016
86,1,-1.2849,15.521,0.09139,11.373,12.272,13.171,14.236,15.521,17.106,19.116,21.763,24.409,27.057000000000006,29.704000000000008,32.35100000000001,34.99800000000001,2.647000000000002
87,1,-1.304,15.5407,0.09176,11.384,12.283,13.183,14.25,15.541,17.136,19.168,21.856,24.544,27.232000000000006,29.92000000000001,32.60800000000001,35.296000000000014,2.6880000000000024
88,1,-1.3228,15.5608,0.09213,11.395,12.295,13.195,14.265,15.561,17.167,19.22,21.95,24.681,27.41,30.14,32.870000000000005,35.6,2.7300000000000004
89,1,-1.3414,15.5814,0.09251,11.406,12.307,13.208,14.28,15.581,17.199,19.274,22.048,24.822,27.595999999999993,30.36999999999999,33.14399999999999,35.917999999999985,2.7739999999999974
90,1,-1.3596,15.6023,0.09289,11.417,12.319,13.221,14.295,15.602,17.231,19.328,22.147,24.966,27.784999999999997,30.603999999999996,33.422999999999995,36.24199999999999,2.818999999999999
91,1,-1.3776,15.6237,0.09327,11.428,12.331,13.234,14.311,15.624,17.264,19.383,22.247,25.112,27.975,30.839000000000002,33.703,36.56700000000001,2.8640000000000008
92,1,-1.3953,15.6455,0.09366,11.44,12.343,13.247,14.327,15.646,17.297,19.44,22.351,25.262,28.172999999999995,31.083999999999993,33.99499999999999,36.90599999999999,2.910999999999998
93,1,-1.4126,15.6677,0.09406,11.451,12.356,13.26,14.343,15.668,17.331,19.497,22.457,25.416,28.377000000000002,31.337000000000003,34.297000000000004,37.257000000000005,2.960000000000001
94,1,-1.4297,15.6903,0.09445,11.463,12.368,13.274,14.36,15.69,17.366,19.555,22.563,25.571,28.578999999999997,31.586999999999996,34.595,37.602999999999994,3.007999999999999
95,1,-1.4464,15.7133,0.09486,11.474,12.381,13.288,14.377,15.713,17.401,19.615,22.673,25.732,28.788999999999998,31.846999999999998,34.905,37.962999999999994,3.058
96,1,-1.4629,15.7368,0.09526,11.486,12.394,13.302,14.394,15.737,17.437,19.675,22.785,25.895,29.005,32.114999999999995,35.224999999999994,38.334999999999994,3.1099999999999994
97,1,-1.479,15.7606,0.09567,11.498,12.407,13.317,14.412,15.761,17.473,19.736,22.899,26.061,29.225,32.388000000000005,35.551,38.714,3.1630000000000003
98,1,-1.4947,15.7848,0.09609,11.51,12.42,13.331,14.429,15.785,17.51,19.798,23.015,26.232,29.449000000000005,32.66600000000001,35.88300000000001,39.10000000000001,3.2170000000000023
99,1,-1.5101,15.8094,0.09651,11.521,12.434,13.346,14.447,15.809,17.548,19.862,23.134,26.406,29.678000000000004,32.95,36.22200000000001,39.494000000000014,3.272000000000002
100,1,-1.5252,15.8344,0.09693,11.534,12.447,13.361,14.466,15.834,17.586,19.926,23.254,26.582,29.910000000000007,33.238000000000014,36.56600000000002,39.89400000000002,3.328000000000003
101,1,-1.5399,15.8597,0.09735,11.546,12.461,13.376,14.484,15.86,17.624,19.99,23.376,26.761,30.148000000000007,33.534000000000006,36.920000000000016,40.30600000000001,3.386000000000003
102,1,-1.5542,15.8855,0.09778,11.558,12.475,13.392,14.503,15.886,17.663,20.056,23.5,26.945,30.387999999999998,33.831999999999994,37.275999999999996,40.72,3.443999999999999
103,1,-1.5681,15.9116,0.09821,11.57,12.489,13.408,14.523,15.912,17.702,20.123,23.627,27.131,30.634999999999994,34.138999999999996,37.64299999999999,41.14699999999999,3.503999999999998
104,1,-1.5817,15.9381,0.09864,11.583,12.503,13.424,14.542,15.938,17.742,20.19,23.755,27.32,30.884999999999994,34.44999999999999,38.014999999999986,41.579999999999984,3.5649999999999977
105,1,-1.5948,15.9651,0.09907,11.595,12.518,13.44,14.562,15.965,17.783,20.258,23.885,27.511,31.139000000000006,34.766000000000005,38.393000000000015,42.02000000000001,3.6270000000000024
106,1,-1.6076,15.9925,0.09951,11.608,12.532,13.456,14.582,15.992,17.824,20.327,24.018,27.708,31.4,35.090999999999994,38.782,42.473,3.690999999999999
107,1,-1.6199,16.0205,0.09994,11.621,12.547,13.473,14.603,16.02,17.866,20.397,24.151,27.905,31.659000000000002,35.413000000000004,39.167,42.92100000000001,3.7540000000000013
108,1,-1.6318,16.049,0.10038,11.634,12.562,13.491,14.624,16.049,17.908,20.468,24.288,28.107,31.928,35.748000000000005,39.568,43.388000000000005,3.8200000000000003
109,1,-1.6433,16.0781,0.10082,11.647,12.578,13.508,14.646,16.078,17.952,20.54,24.426,28.312,32.19799999999999,36.083999999999996,39.97,43.855999999999995,3.8859999999999992
110,1,-1.6544,16.1078,0.10126,11.661,12.594,13.526,14.668,16.108,17.996,20.613,24.567,28.52,32.475,36.429,40.383,44.337,3.9540000000000006
111,1,-1.6651,16.1381,0.1017,11.675,12.61,13.545,14.691,16.138,18.04,20.687,24.709,28.731,32.753,36.77499999999999,40.797,44.81899999999999,4.0219999999999985
112,1,-1.6753,16.1692,0.10214,11.689,12.626,13.564,14.714,16.169,18.086,20.763,24.854,28.945,33.035999999999994,37.126999999999995,41.21799999999999,45.30899999999998,4.0909999999999975
113,1,-1.6851,16.2009,0.10259,11.703,12.643,13.583,14.738,16.201,18.132,20.839,25.001,29.163,33.325,37.48700000000001,41.649000000000015,45.811000000000014,4.162000000000003
114,1,-1.6944,16.2333,0.10303,11.718,12.661,13.603,14.763,16.233,18.179,20.916,25.149,29.382,33.615,37.848,42.081,46.31400000000001,4.2330000000000005
115,1,-1.7032,16.2665,0.10347,11.733,12.679,13.624,14.788,16.266,18.227,20.994,25.299,29.604,33.909,38.214,42.519,46.824,4.305
116,1,-1.7116,16.3004,0.10391,11.749,12.697,13.645,14.814,16.3,18.276,21.074,25.451,29.828,34.205,38.581999999999994,42.958999999999996,47.336,4.376999999999999
117,1,-1.7196,16.3351,0.10435,11.765,12.716,13.667,14.84,16.335,18.326,21.154,25.605,30.055,34.507000000000005,38.958,43.409000000000006,47.86,4.4510000000000005
118,1,-1.7271,16.3704,0.10478,11.781,12.735,13.689,14.867,16.37,18.376,21.234,25.758,30.282,34.806,39.32999999999999,43.853999999999985,48.377999999999986,4.523999999999997
119,1,-1.7341,16.4065,0.10522,11.798,12.755,13.712,14.895,16.406,18.428,21.317,25.915,30.513,35.111,39.708999999999996,44.306999999999995,48.904999999999994,4.597999999999999
120,1,-1.7407,16.4433,0.10566,11.815,12.775,13.735,14.923,16.443,18.48,21.4,26.073,30.746,35.419000000000004,40.092000000000006,44.76500000000001,49.43800000000001,4.673000000000002
121,1,-1.7468,16.4807,0.10609,11.832,12.796,13.759,14.952,16.481,18.532,21.483,26.231,30.979,35.727000000000004,40.47500000000001,45.223000000000006,49.971000000000004,4.748000000000001
122,1,-1.7525,16.5189,0.10652,11.85,12.817,13.784,14.982,16.519,18.586,21.568,26.391,31.213,36.03699999999999,40.859999999999985,45.682999999999986,50.505999999999986,4.822999999999997
123,1,-1.7578,16.5578,0.10695,11.868,12.838,13.808,15.012,16.558,18.64,21.653,26.552,31.45,36.35,41.249,46.148,51.047000000000004,4.899000000000001
124,1,-1.7626,16.5974,0.10738,11.886,12.86,13.834,15.043,16.597,18.696,21.739,26.714,31.688,36.663999999999994,41.638999999999996,46.61399999999999,51.588999999999984,4.974999999999998
125,1,-1.767,16.6376,0.1078,11.905,12.882,13.86,15.074,16.638,18.751,21.826,26.875,31.925,36.973,42.022,47.071,52.12,5.0489999999999995
126,1,-1.771,16.6786,0.10823,11.924,12.905,13.886,15.106,16.679,18.808,21.914,27.04,32.166,37.291999999999994,42.41799999999999,47.54399999999999,52.66999999999999,5.125999999999998
127,1,-1.7745,16.7203,0.10865,11.943,12.928,13.913,15.139,16.72,18.865,22.002,27.204,32.405,37.608000000000004,42.81,48.01200000000001,53.21400000000001,5.202000000000002
128,1,-1.7777,16.7628,0.10906,11.964,12.952,13.941,15.172,16.763,18.923,22.09,27.367,32.643,37.92100000000001,43.19800000000001,48.47500000000001,53.75200000000001,5.277000000000001
129,1,-1.7804,16.8059,0.10948,11.984,12.976,13.969,15.206,16.806,18.982,22.18,27.533,32.885,38.239000000000004,43.592000000000006,48.94500000000001,54.29800000000001,5.3530000000000015
130,1,-1.7828,16.8497,0.10989,12.004,13.001,13.998,15.241,16.85,19.042,22.271,27.698,33.125,38.552,43.979,49.406,54.833,5.427
131,1,-1.7847,16.8941,0.1103,12.025,13.026,14.027,15.276,16.894,19.102,22.362,27.863,33.365,38.865,44.366,49.867000000000004,55.36800000000001,5.501000000000001
132,1,-1.7862,16.9392,0.1107,12.046,13.051,14.056,15.312,16.939,19.163,22.452,28.027,33.602,39.177,44.751999999999995,50.327,55.902,5.574999999999999
133,1,-1.7873,16.985,0.1111,12.068,13.077,14.087,15.348,16.985,19.224,22.544,28.192,33.839,39.488,45.135999999999996,50.784,56.432,5.648
134,1,-1.7881,17.0314,0.1115,12.09,13.103,14.117,15.385,17.031,19.287,22.637,28.357,34.077,39.797,45.516999999999996,51.236999999999995,56.956999999999994,5.719999999999999
135,1,-1.7884,17.0784,0.11189,12.112,13.13,14.148,15.422,17.078,19.349,22.729,28.52,34.311,40.102000000000004,45.893,51.684,57.475,5.791
136,1,-1.7884,17.1262,0.11228,12.134,13.157,14.18,15.461,17.126,19.413,22.822,28.684,34.545,40.408,46.27000000000001,52.132000000000005,57.994000000000014,5.862000000000002
137,1,-1.788,17.1746,0.11266,12.157,13.185,14.212,15.499,17.175,19.477,22.915,28.846,34.776,40.708,46.639,52.57000000000001,58.501000000000005,5.931000000000001
138,1,-1.7873,17.2236,0.11304,12.181,13.213,14.245,15.539,17.224,19.542,23.009,29.008,35.006,41.006,47.004999999999995,53.00399999999999,59.00299999999999,5.998999999999999
139,1,-1.7861,17.2734,0.11342,12.204,13.241,14.278,15.578,17.273,19.607,23.104,29.169,35.235,41.29900000000001,47.364000000000004,53.429,59.49400000000001,6.065000000000001
140,1,-1.7846,17.324,0.11379,12.228,13.27,14.312,15.619,17.324,19.674,23.199,29.329,35.46,41.589,47.718999999999994,53.849,59.979,6.129999999999999
141,1,-1.7828,17.3752,0.11415,12.253,13.3,14.347,15.66,17.375,19.741,23.293,29.487,35.681,41.875,48.068999999999996,54.26299999999999,60.456999999999994,6.193999999999999
142,1,-1.7806,17.4272,0.11451,12.278,13.33,14.382,15.702,17.427,19.808,23.389,29.645,35.901,42.157,48.413,54.669,60.925,6.256
143,1,-1.778,17.4799,0.11487,12.303,13.36,14.417,15.745,17.48,19.877,23.485,29.802,36.119,42.436,48.753,55.07,61.387,6.317
144,1,-1.7751,17.5334,0.11522,12.328,13.391,14.453,15.788,17.533,19.946,23.581,29.957,36.333,42.709,49.08500000000001,55.461000000000006,61.837,6.376000000000001
145,1,-1.7719,17.5877,0.11556,12.355,13.422,14.49,15.833,17.588,20.015,23.677,30.11,36.542,42.976,49.409,55.842,62.275,6.433
146,1,-1.7684,17.6427,0.1159,12.381,13.454,14.528,15.877,17.643,20.086,23.774,30.262,36.75,43.238,49.726,56.214,62.702,6.4879999999999995
147,1,-1.7645,17.6985,0.11623,12.408,13.487,14.566,15.923,17.698,20.157,23.871,30.412,36.952,43.494,50.035,56.576,63.117,6.541
148,1,-1.7604,17.7551,0.11656,12.436,13.52,14.605,15.969,17.755,20.229,23.969,30.561,37.154,43.745,50.336999999999996,56.928999999999995,63.520999999999994,6.591999999999999
149,1,-1.7559,17.8124,0.11688,12.464,13.554,14.644,16.016,17.812,20.302,24.067,30.708,37.349,43.989999999999995,50.63099999999999,57.27199999999999,63.91299999999999,6.640999999999998
150,1,-1.7511,17.8704,0.1172,12.492,13.588,14.684,16.063,17.87,20.375,24.165,30.854,37.543,44.232,50.921,57.61,64.299,6.689
151,1,-1.7461,17.9292,0.11751,12.52,13.622,14.724,16.112,17.929,20.449,24.263,30.998,37.732,44.468,51.203,57.938,64.673,6.734999999999999
152,1,-1.7408,17.9887,0.11781,12.55,13.658,14.766,16.161,17.989,20.524,24.362,31.138,37.915,44.69000000000001,51.46600000000001,58.24200000000002,65.01800000000001,6.776000000000003
153,1,-1.7352,18.0488,0.11811,12.579,13.693,14.807,16.21,18.049,20.599,24.46,31.278,38.096,44.913999999999994,51.73199999999999,58.54999999999999,65.368,6.817999999999998
154,1,-1.7293,18.1096,0.11841,12.609,13.729,14.849,16.26,18.11,20.675,24.559,31.417,38.275,45.133,51.991,58.849000000000004,65.70700000000001,6.8580000000000005
155,1,-1.7232,18.171,0.11869,12.639,13.766,14.892,16.311,18.171,20.751,24.658,31.551,38.444,45.33699999999999,52.22999999999999,59.12299999999999,66.01599999999999,6.892999999999997
156,1,-1.7168,18.233,0.11898,12.669,13.802,14.935,16.362,18.233,20.829,24.757,31.686,38.616,45.544,52.473,59.401999999999994,66.33099999999999,6.9289999999999985
157,1,-1.7102,18.2955,0.11925,12.7,13.839,14.979,16.414,18.296,20.906,24.856,31.816,38.777,45.73599999999999,52.69599999999999,59.65599999999999,66.61599999999999,6.959999999999997
158,1,-1.7033,18.3586,0.11952,12.731,13.877,15.023,16.466,18.359,20.984,24.954,31.945,38.936,45.927,52.918,59.909,66.9,6.991
159,1,-1.6962,18.4221,0.11979,12.762,13.915,15.067,16.519,18.422,21.062,25.053,32.073,39.093,46.113,53.132999999999996,60.153,67.173,7.02
160,1,-1.6888,18.486,0.12005,12.794,13.953,15.112,16.572,18.486,21.14,25.152,32.197,39.243,46.287000000000006,53.33200000000001,60.37700000000001,67.42200000000001,7.045000000000002
161,1,-1.6811,18.5502,0.1203,12.825,13.991,15.157,16.625,18.55,21.219,25.249,32.317,39.385,46.453,53.521,60.589000000000006,67.65700000000001,7.068000000000001
162,1,-1.6732,18.6148,0.12055,12.857,14.029,15.202,16.679,18.615,21.298,25.347,32.436,39.525,46.614,53.702999999999996,60.791999999999994,67.881,7.088999999999999
163,1,-1.6651,18.6795,0.12079,12.889,14.068,15.247,16.733,18.68,21.376,25.444,32.551,39.659,46.76500000000001,53.872000000000014,60.97900000000001,68.08600000000001,7.107000000000003
164,1,-1.6568,18.7445,0.12102,12.921,14.107,15.293,16.787,18.744,21.455,25.54,32.663,39.786,46.90899999999999,54.03199999999999,61.15499999999999,68.27799999999999,7.1229999999999976
165,1,-1.6482,18.8095,0.12125,12.952,14.145,15.338,16.841,18.81,21.534,25.635,32.772,39.909,47.04599999999999,54.18299999999999,61.319999999999986,68.457,7.136999999999997
166,1,-1.6394,18.8746,0.12148,12.984,14.184,15.384,16.895,18.875,21.613,25.731,32.88,40.03,47.178000000000004,54.327000000000005,61.476000000000006,68.625,7.149000000000001
167,1,-1.6304,18.9398,0.1217,13.015,14.222,15.429,16.95,18.94,21.691,25.825,32.985,40.144,47.305,54.465,61.625,68.785,7.16
168,1,-1.6211,19.005,0.12191,13.047,14.261,15.475,17.004,19.005,21.77,25.918,33.084,40.25,47.41600000000001,54.582000000000015,61.74800000000002,68.91400000000002,7.166000000000004
169,1,-1.6116,19.0701,0.12212,13.078,14.299,15.521,17.058,19.07,21.848,26.011,33.182,40.353,47.52400000000001,54.69500000000001,61.866000000000014,69.03700000000002,7.171000000000003
170,1,-1.602,19.1351,0.12233,13.109,14.337,15.566,17.113,19.135,21.926,26.103,33.279,40.454,47.63100000000001,54.80700000000001,61.98300000000001,69.15900000000002,7.176000000000002
171,1,-1.5921,19.2,0.12253,13.139,14.375,15.611,17.167,19.2,22.004,26.194,33.371,40.547,47.72500000000001,54.902000000000015,62.079000000000015,69.25600000000003,7.177000000000003
172,1,-1.5821,19.2648,0.12272,13.17,14.414,15.657,17.221,19.265,22.081,26.284,33.459,40.634,47.80900000000001,54.984000000000016,62.15900000000002,69.33400000000003,7.175000000000004
173,1,-1.5719,19.3294,0.12291,13.201,14.451,15.702,17.275,19.329,22.158,26.373,33.546,40.718,47.891999999999996,55.065,62.23799999999999,69.411,7.172999999999998
174,1,-1.5615,19.3937,0.1231,13.231,14.489,15.747,17.329,19.394,22.235,26.462,33.631,40.8,47.969,55.138000000000005,62.307,69.476,7.1690000000000005
175,1,-1.551,19.4578,0.12328,13.261,14.526,15.791,17.382,19.458,22.311,26.549,33.712,40.875,48.03800000000001,55.201000000000015,62.36400000000002,69.52700000000002,7.163000000000004
176,1,-1.5403,19.5217,0.12346,13.29,14.563,15.836,17.435,19.522,22.387,26.635,33.791,40.948,48.10299999999999,55.258999999999986,62.41499999999998,69.57099999999997,7.155999999999995
177,1,-1.5294,19.5853,0.12363,13.319,14.6,15.88,17.489,19.585,22.462,26.72,33.866,41.013,48.158,55.304,62.45,69.596,7.146000000000001
178,1,-1.5185,19.6486,0.1238,13.348,14.636,15.924,17.541,19.649,22.537,26.804,33.941,41.078,48.21500000000001,55.35200000000002,62.48900000000002,69.62600000000002,7.137000000000004
179,1,-1.5074,19.7117,0.12396,13.377,14.672,15.968,17.594,19.712,22.611,26.887,34.012,41.137,48.262,55.387,62.512,69.637,7.125
180,1,-1.4961,19.7744,0.12412,13.405,14.708,16.011,17.647,19.774,22.685,26.969,34.081,41.192,48.30500000000001,55.41700000000001,62.52900000000001,69.64100000000002,7.112000000000002
181,1,-1.4848,19.8367,0.12428,13.433,14.744,16.054,17.699,19.837,22.758,27.051,34.149,41.247,48.345000000000006,55.44300000000001,62.54100000000001,69.63900000000001,7.0980000000000025
182,1,-1.4733,19.8987,0.12443,13.461,14.779,16.097,17.75,19.899,22.831,27.13,34.213,41.295,48.379000000000005,55.462,62.54500000000001,69.62800000000001,7.083000000000002
183,1,-1.4617,19.9603,0.12458,13.488,14.814,16.14,17.802,19.96,22.903,27.21,34.275,41.341,48.404999999999994,55.46999999999999,62.53499999999999,69.6,7.064999999999998
184,1,-1.45,20.0215,0.12473,13.515,14.848,16.182,17.853,20.022,22.975,27.288,34.337,41.386,48.43500000000001,55.48400000000001,62.533000000000015,69.58200000000002,7.049000000000003
185,1,-1.4382,20.0823,0.12487,13.541,14.882,16.224,17.904,20.082,23.046,27.365,34.395,41.425,48.45500000000001,55.485000000000014,62.51500000000002,69.54500000000002,7.030000000000005
186,1,-1.4263,20.1427,0.12501,13.567,14.916,16.265,17.954,20.143,23.116,27.441,34.452,41.462,48.474,55.485,62.495999999999995,69.50699999999999,7.010999999999999
187,1,-1.4143,20.2026,0.12514,13.593,14.95,16.306,18.004,20.203,23.186,27.515,34.505,41.495,48.48500000000001,55.47500000000001,62.46500000000001,69.45500000000001,6.990000000000002
188,1,-1.4022,20.2621,0.12528,13.618,14.982,16.347,18.053,20.262,23.255,27.59,34.559,41.529,48.49699999999999,55.465999999999994,62.43499999999999,69.40399999999998,6.968999999999998
189,1,-1.39,20.3211,0.12541,13.643,15.015,16.387,18.103,20.321,23.324,27.662,34.61,41.558,48.506,55.454,62.402,69.35,6.948
190,1,-1.3777,20.3796,0.12554,13.667,15.047,16.427,18.151,20.38,23.391,27.734,34.66,41.585,48.511999999999986,55.43799999999998,62.363999999999976,69.28999999999996,6.925999999999995
191,1,-1.3653,20.4376,0.12567,13.69,15.078,16.466,18.199,20.438,23.459,27.805,34.708,41.611,48.513999999999996,55.416999999999994,62.31999999999999,69.22299999999998,6.902999999999999
192,1,-1.3529,20.4951,0.12579,13.714,15.109,16.505,18.247,20.495,23.525,27.875,34.754,41.632,48.51199999999999,55.39099999999999,62.26999999999999,69.14899999999999,6.878999999999998
193,1,-1.3403,20.5521,0.12591,13.736,15.14,16.543,18.295,20.552,23.591,27.943,34.797,41.651,48.50499999999999,55.35899999999998,62.21299999999998,69.06699999999998,6.853999999999996
194,1,-1.3277,20.6085,0.12603,13.759,15.17,16.581,18.342,20.608,23.656,28.011,34.84,41.67,48.49800000000001,55.32700000000001,62.15600000000002,68.98500000000003,6.829000000000004
195,1,-1.3149,20.6644,0.12615,13.78,15.199,16.619,18.388,20.664,23.721,28.078,34.881,41.685,48.487,55.290000000000006,62.093,68.896,6.803000000000001
196,1,-1.3021,20.7197,0.12627,13.801,15.228,16.656,18.434,20.72,23.785,28.143,34.922,41.7,48.47999999999999,55.258999999999986,62.03799999999998,68.81699999999998,6.778999999999996
197,1,-1.2892,20.7745,0.12638,13.822,15.257,16.692,18.479,20.774,23.847,28.207,34.959,41.711,48.46300000000001,55.21500000000001,61.96700000000001,68.71900000000002,6.7520000000000024
198,1,-1.2762,20.8287,0.1265,13.842,15.285,16.728,18.524,20.829,23.91,28.271,34.997,41.723,48.449,55.175,61.900999999999996,68.627,6.725999999999999
199,1,-1.2631,20.8824,0.12661,13.861,15.312,16.763,18.568,20.882,23.972,28.334,35.032,41.73,48.42799999999999,55.12599999999999,61.823999999999984,68.52199999999998,6.697999999999997
200,1,-1.2499,20.9355,0.12672,13.88,15.339,16.798,18.612,20.936,24.032,28.395,35.066,41.736,48.40800000000001,55.07900000000001,61.750000000000014,68.42100000000002,6.671000000000003
201,1,-1.2366,20.9881,0.12683,13.898,15.365,16.833,18.655,20.988,24.093,28.456,35.098,41.741,48.382,55.024,61.666,68.30799999999999,6.6419999999999995
202,1,-1.2233,21.04,0.12694,13.916,15.391,16.867,18.698,21.04,24.152,28.515,35.13,41.744,48.36000000000001,54.97500000000001,61.59000000000001,68.20500000000001,6.615000000000002
203,1,-1.2098,21.0914,0.12704,13.933,15.417,16.9,18.741,21.091,24.211,28.573,35.158,41.743,48.328,54.913000000000004,61.498000000000005,68.083,6.585000000000001
204,1,-1.1962,21.1423,0.12715,13.95,15.441,16.933,18.782,21.142,24.269,28.63,35.187,41.743,48.300999999999995,54.85799999999999,61.41499999999999,67.972,6.556999999999999
205,1,-1.1826,21.1925,0.12726,13.965,15.465,16.965,18.823,21.192,24.327,28.687,35.215,41.743,48.27100000000001,54.79900000000001,61.32700000000001,67.85500000000002,6.528000000000002
206,1,-1.1688,21.2423,0.12736,13.981,15.489,16.997,18.864,21.242,24.383,28.742,35.24,41.737,48.236000000000004,54.73400000000001,61.232000000000006,67.73000000000002,6.498000000000001
207,1,-1.155,21.2914,0.12746,13.996,15.512,17.028,18.904,21.291,24.439,28.797,35.264,41.732,48.19800000000001,54.665000000000006,61.13200000000001,67.59900000000002,6.467000000000002
208,1,-1.141,21.34,0.12756,14.01,15.534,17.059,18.944,21.34,24.494,28.85,35.287,41.724,48.160999999999994,54.59799999999999,61.03499999999999,67.47199999999998,6.436999999999998
209,1,-1.127,21.388,0.12767,14.023,15.556,17.089,18.983,21.388,24.549,28.903,35.31,41.718,48.12400000000001,54.53100000000001,60.93800000000002,67.34500000000003,6.407000000000004
210,1,-1.1129,21.4354,0.12777,14.036,15.577,17.118,19.022,21.435,24.603,28.954,35.331,41.708,48.08500000000001,54.46200000000001,60.83900000000001,67.21600000000001,6.3770000000000024
211,1,-1.0986,21.4822,0.12787,14.048,15.598,17.147,19.06,21.482,24.656,29.005,35.351,41.697,48.043,54.388999999999996,60.735,67.081,6.346
212,1,-1.0843,21.5285,0.12797,14.06,15.618,17.176,19.097,21.528,24.708,29.054,35.369,41.685,47.999,54.31400000000001,60.629000000000005,66.944,6.315000000000001
213,1,-1.0699,21.5742,0.12807,14.071,15.637,17.204,19.134,21.574,24.76,29.103,35.387,41.671,47.955,54.239,60.522999999999996,66.80699999999999,6.283999999999999
214,1,-1.0553,21.6193,0.12816,14.081,15.656,17.231,19.171,21.619,24.811,29.15,35.402,41.653,47.906000000000006,54.15800000000001,60.41000000000001,66.662,6.2520000000000024
215,1,-1.0407,21.6638,0.12826,14.091,15.674,17.258,19.207,21.664,24.861,29.197,35.417,41.638,47.857000000000006,54.07700000000001,60.29700000000001,66.51700000000001,6.220000000000002
216,1,-1.026,21.7077,0.12836,14.1,15.692,17.284,19.242,21.708,24.911,29.243,35.432,41.621,47.81000000000001,53.99900000000001,60.18800000000002,66.37700000000002,6.189000000000004
217,1,-1.0112,21.751,0.12845,14.108,15.709,17.31,19.277,21.751,24.959,29.287,35.443,41.6,47.754999999999995,53.910999999999994,60.06699999999999,66.22299999999998,6.155999999999999
218,1,-0.9962,21.7937,0.12855,14.116,15.725,17.335,19.311,21.794,25.008,29.331,35.455,41.58,47.702999999999996,53.827,59.95099999999999,66.07499999999999,6.123999999999999
219,1,-0.9812,21.8358,0.12864,14.123,15.741,17.36,19.344,21.836,25.055,29.373,35.465,41.558,47.64900000000001,53.741000000000014,59.83300000000001,65.92500000000001,6.092000000000002
220,1,-0.9661,21.8773,0.12874,14.129,15.756,17.383,19.377,21.877,25.102,29.415,35.476,41.536,47.598,53.659,59.72,65.781,6.061
221,1,-0.9509,21.9182,0.12883,14.135,15.771,17.407,19.41,21.918,25.147,29.455,35.483,41.512,47.538999999999994,53.56699999999999,59.59499999999999,65.62299999999999,6.027999999999999
222,1,-0.9356,21.9585,0.12893,14.14,15.784,17.429,19.442,21.958,25.193,29.496,35.492,41.488,47.483999999999995,53.47999999999999,59.47599999999999,65.472,5.995999999999999
223,1,-0.9202,21.9982,0.12902,14.144,15.798,17.452,19.473,21.998,25.237,29.534,35.498,41.461,47.425999999999995,53.38999999999999,59.35399999999999,65.31799999999998,5.963999999999999
224,1,-0.9048,22.0374,0.12911,14.148,15.811,17.473,19.504,22.037,25.281,29.572,35.503,41.434,47.365,53.29600000000001,59.227000000000004,65.158,5.931000000000001
225,1,-0.8892,22.076,0.1292,14.151,15.823,17.495,19.535,22.076,25.324,29.609,35.507,41.406,47.30299999999999,53.200999999999986,59.09899999999998,64.99699999999999,5.897999999999996
226,1,-0.8735,22.114,0.1293,14.153,15.834,17.515,19.564,22.114,25.366,29.646,35.512,41.378,47.244,53.11,58.976,64.842,5.866
227,1,-0.8578,22.1514,0.12939,14.155,15.845,17.535,19.594,22.151,25.408,29.681,35.515,41.348,47.183,53.016999999999996,58.851,64.685,5.834
228,1,-0.8419,22.1883,0.12948,14.156,15.855,17.554,19.622,22.188,25.449,29.716,35.516,41.317,47.11599999999999,52.91599999999999,58.71599999999999,64.51599999999999,5.799999999999997
0,2,-0.0631,13.3363,0.09272,9.154,10.122,11.091,12.159,13.336,14.636,16.071,17.657,19.242,20.828999999999997,22.414999999999996,24.000999999999994,25.586999999999993,1.5859999999999985
1,2,0.3481,14.5422,0.09559,9.569,10.75,11.932,13.195,14.542,15.976,17.499,19.114,20.728,22.344000000000005,23.959000000000007,25.57400000000001,27.18900000000001,1.615000000000002
2,2,0.1743,15.7713,0.09371,10.608,11.822,13.035,14.349,15.771,17.308,18.965,20.752,22.539,24.325999999999997,26.112999999999996,27.899999999999995,29.686999999999994,1.786999999999999
3,2,0.0652,16.3531,0.09255,11.14,12.357,13.574,14.903,16.353,17.934,19.657,21.533,23.409,25.285000000000004,27.161000000000005,29.037000000000006,30.913000000000007,1.8760000000000012
4,2,-0.0173,16.6647,0.09168,11.455,12.666,13.877,15.206,16.665,18.266,20.024,21.955,23.885,25.816999999999993,27.74799999999999,29.678999999999988,31.609999999999985,1.9309999999999974
5,2,-0.086,16.8379,0.09096,11.657,12.857,14.057,15.379,16.838,18.448,20.226,22.193,24.159,26.127000000000006,28.09400000000001,30.06100000000001,32.02800000000001,1.9670000000000023
6,2,-0.1418,16.9077,0.09037,11.772,12.958,14.144,15.456,16.908,18.518,20.305,22.292,24.279,26.266000000000005,28.253000000000007,30.24000000000001,32.22700000000001,1.9870000000000019
7,2,-0.19,16.9033,0.08986,11.826,12.996,14.165,15.462,16.903,18.507,20.295,22.292,24.29,26.286,28.283,30.28,32.277,1.9969999999999999
8,2,-0.2337,16.8417,0.08939,11.833,12.984,14.136,15.416,16.842,18.434,20.216,22.216,24.215,26.216,28.216,30.216,32.216,2.0
9,2,-0.2714,16.7441,0.08899,11.807,12.94,14.073,15.335,16.744,18.322,20.095,22.091,24.088,26.083000000000006,28.079000000000008,30.07500000000001,32.07100000000001,1.9960000000000022
10,2,-0.3053,16.6242,0.08863,11.76,12.874,13.988,15.232,16.624,18.187,19.947,21.937,23.926,25.917000000000005,27.907000000000007,29.89700000000001,31.88700000000001,1.990000000000002
11,2,-0.3373,16.491,0.08828,11.7,12.796,13.892,15.117,16.491,18.037,19.784,21.764,23.744,25.724,27.704,29.684,31.664,1.9800000000000004
12,2,-0.3656,16.3621,0.08798,11.639,12.718,13.797,15.005,16.362,17.893,19.626,21.596,23.567,25.535999999999998,27.505999999999997,29.475999999999996,31.445999999999994,1.9699999999999989
13,2,-0.3926,16.2339,0.08769,11.576,12.639,13.701,14.893,16.234,17.749,19.469,21.43,23.39,25.351999999999997,27.312999999999995,29.273999999999994,31.234999999999992,1.9609999999999985
14,2,-0.4169,16.117,0.08742,11.518,12.566,13.614,14.791,16.117,17.618,19.325,21.277,23.228,25.181000000000004,27.133000000000006,29.085000000000008,31.03700000000001,1.9520000000000017
15,2,-0.4396,16.0083,0.08718,11.463,12.498,13.533,14.696,16.008,17.497,19.192,21.135,23.078,25.021000000000004,26.964000000000006,28.907000000000007,30.85000000000001,1.9430000000000014
16,2,-0.4616,15.9049,0.08694,11.411,12.433,13.455,14.605,15.905,17.381,19.066,21.0,22.935,24.868000000000002,26.802000000000003,28.736000000000004,30.670000000000005,1.934000000000001
17,2,-0.4816,15.8137,0.08672,11.365,12.376,13.387,14.526,15.814,17.278,18.954,20.881,22.808,24.735,26.662,28.589,30.516,1.9269999999999996
18,2,-0.5006,15.7312,0.08651,11.324,12.325,13.326,14.454,15.731,17.186,18.852,20.773,22.694,24.615,26.535999999999998,28.456999999999997,30.377999999999997,1.9209999999999994
19,2,-0.5192,15.6547,0.08631,11.287,12.278,13.269,14.387,15.655,17.1,18.758,20.673,22.589,24.502999999999997,26.417999999999996,28.332999999999995,30.247999999999994,1.9149999999999991
20,2,-0.5363,15.589,0.08613,11.256,12.238,13.221,14.33,15.589,17.026,18.677,20.588,22.499,24.410000000000004,26.321000000000005,28.232000000000006,30.143000000000008,1.9110000000000014
21,2,-0.5526,15.5316,0.08595,11.23,12.205,13.179,14.281,15.532,16.961,18.606,20.513,22.419,24.327,26.234,28.141000000000002,30.048000000000002,1.907
22,2,-0.5687,15.4811,0.08577,11.209,12.176,13.144,14.237,15.481,16.904,18.543,20.447,22.35,24.255,26.159,28.063,29.967,1.904
23,2,-0.5836,15.4405,0.08561,11.193,12.154,13.116,14.203,15.44,16.858,18.493,20.394,22.295,24.195999999999998,26.096999999999998,27.997999999999998,29.898999999999997,1.9009999999999998
24,2,-0.5979,15.4072,0.08546,11.182,12.138,13.093,14.175,15.407,16.82,18.451,20.351,22.251,24.150999999999996,26.050999999999995,27.950999999999993,29.850999999999992,1.8999999999999986
25,2,-0.5684,15.6608,0.08452,11.389,12.358,13.327,14.42,15.661,17.078,18.707,20.593,22.48,24.365,26.250999999999998,28.136999999999997,30.022999999999996,1.8859999999999992
26,2,-0.5684,15.6329,0.08449,11.37,12.337,13.304,14.395,15.633,17.047,18.672,20.554,22.437,24.317999999999994,26.199999999999992,28.08199999999999,29.963999999999988,1.881999999999998
27,2,-0.5684,15.6062,0.08447,11.351,12.316,13.281,14.37,15.606,17.017,18.639,20.518,22.396,24.276000000000003,26.155000000000005,28.034000000000006,29.913000000000007,1.8790000000000013
28,2,-0.5684,15.5796,0.08444,11.333,12.296,13.259,14.346,15.58,16.988,18.606,20.481,22.355,24.231,26.106,27.981,29.856,1.875
29,2,-0.5684,15.5545,0.08443,11.315,12.277,13.238,14.323,15.554,16.96,18.576,20.447,22.318,24.188999999999997,26.059999999999995,27.930999999999994,29.801999999999992,1.8709999999999987
30,2,-0.5684,15.5301,0.08444,11.297,12.257,13.217,14.301,15.53,16.934,18.547,20.416,22.284,24.154,26.023,27.892,29.761,1.8689999999999998
31,2,-0.5684,15.5054,0.08447,11.278,12.237,13.195,14.277,15.505,16.907,18.519,20.385,22.252,24.117000000000008,25.98300000000001,27.849000000000014,29.715000000000018,1.8660000000000032
32,2,-0.5684,15.4821,0.08454,11.258,12.216,13.174,14.255,15.482,16.883,18.494,20.36,22.225,24.092,25.958,27.823999999999998,29.689999999999998,1.8659999999999997
33,2,-0.5684,15.4597,0.08465,11.238,12.195,13.152,14.233,15.46,16.861,18.472,20.338,22.204,24.07,25.936,27.802,29.668,1.8659999999999997
34,2,-0.5684,15.4376,0.08482,11.215,12.172,13.129,14.21,15.438,16.84,18.452,20.321,22.19,24.059,25.928,27.797,29.666,1.8689999999999998
35,2,-0.5684,15.4176,0.08504,11.192,12.149,13.107,14.189,15.418,16.822,18.437,20.31,22.183,24.055999999999994,25.92899999999999,27.80199999999999,29.674999999999986,1.8729999999999976
36,2,-0.5684,15.3984,0.08532,11.166,12.125,13.084,14.167,15.398,16.806,18.426,20.305,22.184,24.063000000000002,25.942000000000004,27.821000000000005,29.700000000000006,1.8790000000000013
37,2,-0.5684,15.3813,0.08565,11.141,12.101,13.062,14.147,15.381,16.793,18.419,20.306,22.193,24.080000000000002,25.967000000000002,27.854000000000003,29.741000000000003,1.8870000000000005
38,2,-0.5684,15.3656,0.08604,11.114,12.077,13.039,14.128,15.366,16.783,18.416,20.313,22.21,24.106999999999996,26.003999999999994,27.900999999999993,29.79799999999999,1.8969999999999985
39,2,-0.5684,15.3507,0.08649,11.086,12.051,13.016,14.108,15.351,16.774,18.416,20.326,22.235,24.146,26.056,27.966,29.876,1.9100000000000001
40,2,-0.5684,15.3373,0.08698,11.057,12.025,12.993,14.089,15.337,16.768,18.42,20.343,22.265,24.188999999999997,26.111999999999995,28.034999999999993,29.95799999999999,1.9229999999999983
41,2,-0.5684,15.3248,0.0875,11.028,11.999,12.97,14.07,15.325,16.764,18.427,20.364,22.301,24.238000000000003,26.175000000000004,28.112000000000005,30.049000000000007,1.9370000000000012
42,2,-0.5684,15.3128,0.08807,10.997,11.972,12.946,14.052,15.313,16.761,18.436,20.389,22.342,24.294999999999998,26.247999999999998,28.200999999999997,30.153999999999996,1.9529999999999994
43,2,-0.5684,15.302,0.08864,10.967,11.945,12.924,14.034,15.302,16.759,18.446,20.415,22.385,24.352999999999994,26.321999999999992,28.29099999999999,30.259999999999987,1.9689999999999976
44,2,-0.5684,15.2919,0.08923,10.937,11.919,12.902,14.017,15.292,16.758,18.458,20.444,22.431,24.416,26.402,28.388,30.374000000000002,1.9860000000000007
45,2,-0.5684,15.2824,0.08984,10.906,11.893,12.879,14.0,15.282,16.759,18.472,20.476,22.48,24.483999999999995,26.487999999999992,28.49199999999999,30.495999999999988,2.003999999999998
46,2,-0.5684,15.2742,0.09043,10.878,11.868,12.859,13.985,15.274,16.76,18.486,20.508,22.53,24.551999999999996,26.573999999999995,28.595999999999993,30.61799999999999,2.0219999999999985
47,2,-0.5684,15.2671,0.09101,10.851,11.845,12.839,13.971,15.267,16.763,18.501,20.541,22.58,24.621,26.660999999999998,28.700999999999997,30.740999999999996,2.039999999999999
48,2,-0.5684,15.2609,0.09161,10.823,11.822,12.82,13.957,15.261,16.766,18.519,20.576,22.633,24.690000000000005,26.747000000000007,28.80400000000001,30.86100000000001,2.057000000000002
49,2,-0.5684,15.2562,0.09219,10.798,11.8,12.803,13.945,15.256,16.771,18.537,20.612,22.687,24.761999999999997,26.836999999999996,28.911999999999995,30.986999999999995,2.0749999999999993
50,2,-0.5684,15.2527,0.09277,10.773,11.78,12.786,13.934,15.253,16.778,18.557,20.65,22.743,24.836,26.929,29.022,31.115,2.093
51,2,-0.5684,15.2505,0.09337,10.749,11.76,12.77,13.924,15.25,16.786,18.579,20.691,22.804,24.914999999999996,27.026999999999994,29.138999999999992,31.25099999999999,2.1119999999999983
52,2,-0.5684,15.2497,0.09394,10.727,11.742,12.757,13.916,15.25,16.795,18.602,20.732,22.863,24.991999999999997,27.121999999999996,29.251999999999995,31.381999999999994,2.129999999999999
53,2,-0.5684,15.25,0.0945,10.706,11.725,12.744,13.909,15.25,16.806,18.625,20.774,22.923,25.072000000000003,27.221000000000004,29.370000000000005,31.519000000000005,2.149000000000001
54,2,-0.5684,15.2515,0.09507,10.686,11.709,12.732,13.903,15.252,16.817,18.651,20.819,22.987,25.154999999999998,27.322999999999997,29.490999999999996,31.658999999999995,2.1679999999999993
55,2,-0.5684,15.2539,0.09559,10.668,11.695,12.722,13.898,15.254,16.829,18.676,20.861,23.046,25.231000000000005,27.416000000000007,29.60100000000001,31.786000000000012,2.1850000000000023
56,2,-0.5684,15.2569,0.09609,10.651,11.682,12.713,13.894,15.257,16.841,18.7,20.902,23.104,25.306000000000004,27.508000000000006,29.710000000000008,31.91200000000001,2.2020000000000017
57,2,-0.5684,15.2606,0.09657,10.636,11.671,12.705,13.891,15.261,16.854,18.725,20.944,23.162,25.381999999999994,27.600999999999992,29.81999999999999,32.03899999999999,2.2189999999999976
58,2,-0.5684,15.2646,0.09701,10.623,11.661,12.699,13.889,15.265,16.866,18.748,20.982,23.216,25.449999999999996,27.683999999999994,29.917999999999992,32.15199999999999,2.233999999999998
59,2,-0.5684,15.2691,0.09744,10.61,11.651,12.692,13.888,15.269,16.879,18.772,21.021,23.269,25.519000000000005,27.768000000000008,30.01700000000001,32.26600000000001,2.2490000000000023
60,2,-0.5684,15.2738,0.09782,10.599,11.643,12.688,13.887,15.274,16.891,18.794,21.056,23.318,25.580000000000002,27.842000000000002,30.104000000000003,32.366,2.2620000000000005
61,2,-0.8886,15.2441,0.09692,10.793,11.77,12.748,13.891,15.244,16.87,18.858,21.34,23.821,26.304,28.785999999999998,31.267999999999997,33.75,2.4819999999999993
62,2,-0.9068,15.2434,0.09738,10.786,11.763,12.741,13.885,15.243,16.879,18.886,21.403,23.92,26.436999999999998,28.953999999999997,31.470999999999997,33.988,2.5169999999999995
63,2,-0.9248,15.2433,0.09783,10.78,11.757,12.734,13.881,15.243,16.889,18.915,21.468,24.02,26.574,29.127000000000002,31.680000000000003,34.233000000000004,2.553000000000001
64,2,-0.9427,15.2438,0.09829,10.775,11.752,12.728,13.876,15.244,16.9,18.946,21.535,24.123,26.712999999999997,29.301999999999996,31.890999999999995,34.47999999999999,2.5889999999999986
65,2,-0.9605,15.2448,0.09875,10.77,11.746,12.723,13.872,15.245,16.911,18.977,21.603,24.23,26.855000000000004,29.481000000000005,32.107000000000006,34.733000000000004,2.6260000000000012
66,2,-0.978,15.2464,0.0992,10.765,11.742,12.718,13.869,15.246,16.923,19.009,21.673,24.337,27.000999999999994,29.664999999999992,32.32899999999999,34.99299999999999,2.663999999999998
67,2,-0.9954,15.2487,0.09966,10.761,11.737,12.714,13.866,15.249,16.936,19.042,21.745,24.448,27.151,29.854,32.557,35.26,2.7029999999999994
68,2,-1.0126,15.2516,0.10012,10.757,11.733,12.71,13.864,15.252,16.95,19.077,21.819,24.561,27.302999999999994,30.04499999999999,32.78699999999999,35.52899999999998,2.7419999999999973
69,2,-1.0296,15.2551,0.10058,10.754,11.73,12.706,13.863,15.255,16.964,19.112,21.895,24.678,27.461000000000002,30.244000000000003,33.027,35.81,2.7830000000000013
70,2,-1.0464,15.2592,0.10104,10.751,11.727,12.703,13.862,15.259,16.979,19.148,21.973,24.797,27.622999999999998,30.447999999999997,33.272999999999996,36.098,2.8249999999999993
71,2,-1.063,15.2641,0.10149,10.749,11.725,12.701,13.862,15.264,16.995,19.185,22.051,24.917,27.782999999999998,30.648999999999997,33.515,36.381,2.8659999999999997
72,2,-1.0794,15.2697,0.10195,10.747,11.723,12.7,13.862,15.27,17.011,19.224,22.133,25.042,27.950999999999997,30.859999999999996,33.76899999999999,36.678,2.908999999999999
73,2,-1.0956,15.276,0.10241,10.745,11.722,12.699,13.863,15.276,17.029,19.264,22.217,25.17,28.122999999999998,31.075999999999997,34.028999999999996,36.982,2.9529999999999994
74,2,-1.1115,15.2831,0.10287,10.744,11.721,12.698,13.865,15.283,17.047,19.305,22.303,25.301,28.299000000000003,31.297000000000004,34.295,37.293000000000006,2.998000000000001
75,2,-1.1272,15.2911,0.10333,10.744,11.721,12.699,13.867,15.291,17.067,19.347,22.391,25.435,28.478999999999992,31.52299999999999,34.566999999999986,37.61099999999998,3.043999999999997
76,2,-1.1427,15.2998,0.10379,10.744,11.722,12.7,13.87,15.3,17.087,19.391,22.481,25.572,28.66100000000001,31.751000000000012,34.841000000000015,37.93100000000002,3.0900000000000034
77,2,-1.1579,15.3095,0.10425,10.745,11.723,12.701,13.874,15.31,17.108,19.436,22.574,25.712,28.850000000000005,31.988000000000007,35.126000000000005,38.26400000000001,3.1380000000000017
78,2,-1.1728,15.32,0.10471,10.746,11.725,12.704,13.879,15.32,17.131,19.482,22.668,25.855,29.04,32.226,35.412,38.598,3.186
79,2,-1.1875,15.3314,0.10517,10.748,11.727,12.707,13.885,15.331,17.154,19.529,22.766,26.002,29.239999999999995,32.47699999999999,35.71399999999999,38.95099999999999,3.2369999999999983
80,2,-1.2019,15.3439,0.10562,10.751,11.731,12.711,13.892,15.344,17.179,19.578,22.864,26.15,29.436000000000003,32.72200000000001,36.00800000000001,39.29400000000001,3.2860000000000014
81,2,-1.216,15.3572,0.10608,10.754,11.735,12.716,13.899,15.357,17.204,19.628,22.966,26.304,29.642000000000003,32.980000000000004,36.318000000000005,39.656000000000006,3.338000000000001
82,2,-1.2298,15.3717,0.10654,10.758,11.74,12.721,13.907,15.372,17.231,19.68,23.071,26.461,29.853000000000005,33.24400000000001,36.635000000000005,40.02600000000001,3.391000000000002
83,2,-1.2433,15.3871,0.107,10.762,11.745,12.728,13.916,15.387,17.259,19.734,23.178,26.621,30.066,33.51,36.95399999999999,40.397999999999996,3.443999999999999
84,2,-1.2565,15.4036,0.10746,10.767,11.751,12.735,13.927,15.404,17.289,19.789,23.287,26.785,30.282999999999994,33.78099999999999,37.27899999999999,40.77699999999999,3.4979999999999976
85,2,-1.2693,15.4211,0.10792,10.773,11.758,12.743,13.938,15.421,17.319,19.845,23.399,26.953,30.507000000000005,34.06100000000001,37.61500000000001,41.16900000000001,3.554000000000002
86,2,-1.2819,15.4397,0.10837,10.779,11.766,12.752,13.95,15.44,17.35,19.903,23.512,27.122,30.730000000000004,34.339000000000006,37.94800000000001,41.55700000000001,3.6090000000000018
87,2,-1.2941,15.4593,0.10883,10.786,11.774,12.762,13.963,15.459,17.383,19.963,23.629,27.296,30.961000000000002,34.627,38.293000000000006,41.959,3.6660000000000004
88,2,-1.306,15.4798,0.10929,10.793,11.783,12.772,13.976,15.48,17.417,20.023,23.749,27.474,31.200999999999997,34.92699999999999,38.65299999999999,42.37899999999999,3.725999999999999
89,2,-1.3175,15.5014,0.10974,10.802,11.793,12.783,13.991,15.501,17.452,20.085,23.869,27.653,31.436999999999998,35.221,39.004999999999995,42.788999999999994,3.783999999999999
90,2,-1.3287,15.524,0.1102,10.81,11.803,12.795,14.007,15.524,17.488,20.149,23.994,27.838,31.683999999999997,35.528999999999996,39.373999999999995,43.218999999999994,3.844999999999999
91,2,-1.3395,15.5476,0.11065,10.82,11.814,12.808,14.023,15.548,17.526,20.214,24.119,28.023,31.929000000000002,35.834,39.739000000000004,43.644000000000005,3.905000000000001
92,2,-1.3499,15.5723,0.1111,10.83,11.826,12.822,14.041,15.572,17.564,20.281,24.246,28.212,32.176,36.141,40.105999999999995,44.071,3.965
93,2,-1.36,15.5979,0.11156,10.84,11.838,12.836,14.059,15.598,17.604,20.349,24.377,28.406,32.43299999999999,36.461,40.48899999999999,44.516999999999996,4.027999999999999
94,2,-1.3697,15.6246,0.11201,10.851,11.851,12.852,14.078,15.625,17.645,20.418,24.51,28.601,32.694,36.78600000000001,40.878000000000014,44.97000000000001,4.092000000000002
95,2,-1.379,15.6523,0.11246,10.862,11.865,12.868,14.099,15.652,17.687,20.489,24.644,28.799,32.95399999999999,37.108999999999995,41.26399999999999,45.41899999999998,4.154999999999998
96,2,-1.388,15.681,0.11291,10.874,11.879,12.884,14.12,15.681,17.73,20.561,24.781,29.001,33.221,37.440999999999995,41.660999999999994,45.88099999999999,4.219999999999999
97,2,-1.3966,15.7107,0.11335,10.887,11.895,12.902,14.142,15.711,17.774,20.634,24.918,29.203,33.486,37.769999999999996,42.053999999999995,46.337999999999994,4.283999999999999
98,2,-1.4047,15.7415,0.1138,10.9,11.91,12.92,14.164,15.742,17.82,20.709,25.059,29.409,33.759,38.10900000000001,42.459,46.80900000000001,4.350000000000001
99,2,-1.4125,15.7732,0.11424,10.914,11.927,12.94,14.188,15.773,17.866,20.784,25.2,29.617,34.032,38.448,42.864000000000004,47.28,4.416
100,2,-1.4199,15.8058,0.11469,10.928,11.944,12.959,14.212,15.806,17.914,20.862,25.345,29.829,34.311,38.794,43.277,47.760000000000005,4.4830000000000005
101,2,-1.427,15.8394,0.11513,10.943,11.962,12.98,14.238,15.839,17.962,20.94,25.491,30.042,34.592999999999996,39.14399999999999,43.69499999999999,48.245999999999995,4.550999999999998
102,2,-1.4336,15.8738,0.11557,10.958,11.98,13.001,14.264,15.874,18.012,21.019,25.638,30.256,34.876000000000005,39.49500000000001,44.11400000000002,48.73300000000002,4.619000000000003
103,2,-1.4398,15.909,0.11601,10.974,11.998,13.023,14.291,15.909,18.062,21.1,25.786,30.472,35.158,39.844,44.53,49.216,4.686
104,2,-1.4456,15.9451,0.11644,10.99,12.018,13.045,14.318,15.945,18.113,21.181,25.934,30.688,35.44,40.193,44.946,49.699,4.753
105,2,-1.4511,15.9818,0.11688,11.006,12.037,13.068,14.346,15.982,18.166,21.263,26.085,30.908,35.729,40.551,45.373,50.19499999999999,4.821999999999999
106,2,-1.4561,16.0194,0.11731,11.023,12.057,13.092,14.375,16.019,18.219,21.346,26.236,31.127,36.016000000000005,40.906000000000006,45.79600000000001,50.68600000000001,4.890000000000001
107,2,-1.4607,16.0575,0.11774,11.04,12.078,13.115,14.404,16.058,18.272,21.429,26.388,31.346,36.30600000000001,41.265000000000015,46.22400000000002,51.18300000000002,4.959000000000003
108,2,-1.465,16.0964,0.11816,11.057,12.099,13.14,14.434,16.096,18.326,21.513,26.539,31.565,36.591,41.617000000000004,46.643,51.669,5.026
109,2,-1.4688,16.1358,0.11859,11.075,12.12,13.165,14.465,16.136,18.381,21.599,26.692,31.786,36.878,41.971000000000004,47.064,52.157,5.093
110,2,-1.4723,16.1759,0.11901,11.092,12.141,13.19,14.496,16.176,18.437,21.684,26.845,32.007,37.166999999999994,42.32799999999999,47.48899999999999,52.64999999999999,5.160999999999998
111,2,-1.4753,16.2166,0.11943,11.11,12.163,13.216,14.527,16.217,18.493,21.77,26.998,32.227,37.45400000000001,42.682,47.91000000000001,53.138000000000005,5.2280000000000015
112,2,-1.478,16.258,0.11985,11.128,12.185,13.242,14.559,16.258,18.551,21.857,27.152,32.448,37.742000000000004,43.037000000000006,48.33200000000001,53.62700000000001,5.295000000000002
113,2,-1.4803,16.2999,0.12026,11.147,12.208,13.269,14.592,16.3,18.608,21.944,27.305,32.666,38.027,43.388000000000005,48.749,54.11,5.361000000000001
114,2,-1.4823,16.3425,0.12067,11.166,12.231,13.296,14.625,16.343,18.666,22.031,27.459,32.886,38.315,43.743,49.17100000000001,54.599000000000004,5.428000000000001
115,2,-1.4838,16.3858,0.12108,11.185,12.254,13.323,14.659,16.386,18.725,22.12,27.612,33.104,38.59599999999999,44.087999999999994,49.579999999999984,55.07199999999999,5.491999999999997
116,2,-1.485,16.4298,0.12148,11.204,12.278,13.352,14.694,16.43,18.785,22.208,27.765,33.321,38.879000000000005,44.43600000000001,49.99300000000001,55.55000000000001,5.557000000000002
117,2,-1.4859,16.4746,0.12188,11.224,12.302,13.38,14.729,16.475,18.846,22.298,27.918,33.538,39.158,44.778000000000006,50.398,56.018,5.620000000000001
118,2,-1.4864,16.52,0.12228,11.244,12.327,13.41,14.764,16.52,18.907,22.388,28.071,33.755,39.437,45.120000000000005,50.803,56.486000000000004,5.683
119,2,-1.4866,16.5663,0.12268,11.265,12.352,13.439,14.801,16.566,18.969,22.479,28.226,33.972,39.72,45.467,51.214,56.961,5.747
120,2,-1.4864,16.6133,0.12307,11.285,12.378,13.47,14.838,16.613,19.032,22.57,28.378,34.185,39.994,45.802,51.61,57.418,5.808
121,2,-1.4859,16.6612,0.12346,11.307,12.404,13.501,14.876,16.661,19.096,22.663,28.531,34.399,40.266999999999996,46.13499999999999,52.00299999999999,57.870999999999995,5.8679999999999986
122,2,-1.4851,16.71,0.12384,11.328,12.43,13.533,14.914,16.71,19.161,22.755,28.683,34.61,40.539,46.467,52.395,58.32300000000001,5.928000000000001
123,2,-1.4839,16.7595,0.12422,11.35,12.458,13.565,14.954,16.76,19.226,22.849,28.834,34.82,40.804,46.789,52.774,58.759,5.984999999999999
124,2,-1.4825,16.81,0.1246,11.373,12.485,13.598,14.994,16.81,19.293,22.943,28.987,35.031,41.07499999999999,47.118999999999986,53.16299999999998,59.20699999999998,6.043999999999997
125,2,-1.4807,16.8614,0.12497,11.396,12.514,13.631,15.035,16.861,19.36,23.038,29.138,35.238,41.33800000000001,47.438,53.53800000000001,59.638000000000005,6.100000000000001
126,2,-1.4787,16.9136,0.12534,11.419,12.542,13.666,15.076,16.914,19.429,23.134,29.29,35.445,41.602,47.757999999999996,53.913999999999994,60.06999999999999,6.155999999999999
127,2,-1.4763,16.9667,0.12571,11.443,12.572,13.7,15.119,16.967,19.498,23.231,29.441,35.651,41.86099999999999,48.07099999999999,54.28099999999999,60.490999999999985,6.209999999999997
128,2,-1.4737,17.0208,0.12607,11.467,12.602,13.736,15.162,17.021,19.568,23.328,29.591,35.854,42.117000000000004,48.38000000000001,54.64300000000001,60.906000000000006,6.263000000000002
129,2,-1.4708,17.0757,0.12643,11.492,12.632,13.772,15.206,17.076,19.639,23.426,29.742,36.057,42.37400000000001,48.69000000000001,55.006000000000014,61.32200000000002,6.3160000000000025
130,2,-1.4677,17.1316,0.12678,11.517,12.663,13.81,15.251,17.132,19.712,23.525,29.891,36.257,42.623,48.989,55.355,61.721,6.366
131,2,-1.4642,17.1883,0.12713,11.543,12.695,13.847,15.297,17.188,19.785,23.624,30.039,36.454,42.86900000000001,49.284000000000006,55.69900000000001,62.11400000000002,6.415000000000003
132,2,-1.4606,17.2459,0.12748,11.569,12.727,13.885,15.343,17.246,19.859,23.725,30.189,36.653,43.117,49.580999999999996,56.044999999999995,62.50899999999999,6.463999999999999
133,2,-1.4567,17.3044,0.12782,11.595,12.76,13.925,15.39,17.304,19.933,23.825,30.336,36.847,43.358,49.869,56.379999999999995,62.89099999999999,6.510999999999999
134,2,-1.4526,17.3637,0.12816,11.622,12.793,13.964,15.438,17.364,20.009,23.927,30.484,37.042,43.598000000000006,50.15500000000001,56.71200000000001,63.26900000000001,6.557000000000002
135,2,-1.4482,17.4238,0.12849,11.65,12.827,14.004,15.487,17.424,20.086,24.029,30.63,37.231,43.831999999999994,50.43299999999999,57.03399999999999,63.63499999999999,6.600999999999999
136,2,-1.4436,17.4847,0.12882,11.677,12.861,14.045,15.536,17.485,20.163,24.131,30.776,37.42,44.066,50.711,57.355999999999995,64.00099999999999,6.645
137,2,-1.4389,17.5464,0.12914,11.706,12.896,14.087,15.586,17.546,20.241,24.234,30.92,37.606,44.292,50.978,57.664,64.35,6.686
138,2,-1.4339,17.6088,0.12946,11.734,12.931,14.129,15.637,17.609,20.32,24.338,31.064,37.79,44.516,51.242,57.967999999999996,64.69399999999999,6.725999999999999
139,2,-1.4288,17.6719,0.12978,11.763,12.967,14.171,15.688,17.672,20.4,24.442,31.209,37.975,44.742999999999995,51.51,58.277,65.044,6.7669999999999995
140,2,-1.4235,17.7357,0.13009,11.792,13.003,14.214,15.74,17.736,20.48,24.546,31.351,38.155,44.961,51.766,58.571,65.376,6.805
141,2,-1.418,17.8001,0.1304,11.822,13.04,14.258,15.793,17.8,20.561,24.651,31.493,38.335,45.17699999999999,52.01899999999999,58.86099999999999,65.70299999999999,6.841999999999999
142,2,-1.4123,17.8651,0.1307,11.852,13.077,14.302,15.846,17.865,20.642,24.756,31.633,38.509,45.387,52.263999999999996,59.14099999999999,66.01799999999999,6.876999999999999
143,2,-1.4065,17.9306,0.13099,11.882,13.114,14.346,15.899,17.931,20.724,24.861,31.77,38.68,45.587999999999994,52.497,59.40599999999999,66.315,6.908999999999999
144,2,-1.4006,17.9966,0.13129,11.912,13.151,14.391,15.953,17.997,20.806,24.967,31.91,38.854,45.79600000000001,52.739000000000004,59.682,66.625,6.943000000000001
145,2,-1.3945,18.063,0.13158,11.942,13.189,14.436,16.008,18.063,20.889,25.072,32.047,39.023,45.99699999999999,52.971999999999994,59.94699999999999,66.92199999999998,6.974999999999998
146,2,-1.3883,18.1297,0.13186,11.973,13.227,14.481,16.062,18.13,20.972,25.177,32.182,39.187,46.19200000000001,53.19700000000001,60.20200000000001,67.20700000000002,7.005000000000003
147,2,-1.3819,18.1967,0.13214,12.003,13.265,14.526,16.117,18.197,21.055,25.282,32.316,39.35,46.38400000000001,53.418000000000006,60.45200000000001,67.48600000000002,7.0340000000000025
148,2,-1.3755,18.2639,0.13241,12.034,13.303,14.572,16.172,18.264,21.138,25.387,32.448,39.509,46.57,53.631,60.692,67.753,7.061
149,2,-1.3689,18.3312,0.13268,12.065,13.341,14.618,16.227,18.331,21.222,25.491,32.579,39.666,46.755,53.843,60.931000000000004,68.019,7.088000000000001
150,2,-1.3621,18.3986,0.13295,12.095,13.379,14.663,16.282,18.399,21.305,25.596,32.708,39.82,46.931999999999995,54.044,61.15599999999999,68.26799999999999,7.111999999999998
151,2,-1.3553,18.466,0.13321,12.126,13.418,14.709,16.338,18.466,21.388,25.699,32.835,39.97,47.107,54.242999999999995,61.379,68.51499999999999,7.135999999999999
152,2,-1.3483,18.5333,0.13347,12.156,13.456,14.755,16.393,18.533,21.471,25.802,32.96,40.118,47.276,54.434000000000005,61.592000000000006,68.75,7.158000000000001
153,2,-1.3413,18.6006,0.13372,12.187,13.494,14.8,16.448,18.601,21.554,25.905,33.083,40.261,47.43899999999999,54.61699999999999,61.79499999999999,68.97299999999998,7.177999999999997
154,2,-1.3341,18.6677,0.13397,12.217,13.531,14.846,16.503,18.668,21.637,26.007,33.204,40.402,47.598,54.795,61.992,69.189,7.196999999999999
155,2,-1.3269,18.7346,0.13421,12.247,13.569,14.891,16.558,18.735,21.719,26.107,33.322,40.538,47.75200000000001,54.96700000000001,62.182000000000016,69.39700000000002,7.215000000000003
156,2,-1.3195,18.8012,0.13445,12.276,13.606,14.936,16.612,18.801,21.8,26.207,33.439,40.67,47.903,55.135,62.367,69.59899999999999,7.231999999999999
157,2,-1.3121,18.8675,0.13469,12.305,13.643,14.981,16.667,18.868,21.882,26.307,33.554,40.802,48.04800000000001,55.295000000000016,62.542000000000016,69.78900000000002,7.247000000000003
158,2,-1.3046,18.9335,0.13492,12.335,13.68,15.025,16.721,18.934,21.962,26.405,33.666,40.928,48.18799999999999,55.448999999999984,62.70999999999998,69.97099999999998,7.260999999999996
159,2,-1.297,18.9991,0.13514,12.364,13.717,15.07,16.775,18.999,22.042,26.501,33.775,41.048,48.32299999999999,55.596999999999994,62.87099999999999,70.14499999999998,7.273999999999997
160,2,-1.2894,19.0642,0.13537,12.392,13.753,15.113,16.828,19.064,22.122,26.598,33.884,41.171,48.456,55.742000000000004,63.028000000000006,70.31400000000001,7.286000000000001
161,2,-1.2816,19.1289,0.13559,12.42,13.788,15.157,16.881,19.129,22.201,26.693,33.989,41.286,48.58099999999999,55.87699999999998,63.17299999999998,70.46899999999997,7.295999999999996
162,2,-1.2739,19.1931,0.1358,12.447,13.824,15.2,16.934,19.193,22.279,26.786,34.092,41.397,48.70399999999999,56.00999999999999,63.31599999999999,70.62199999999999,7.305999999999997
163,2,-1.2661,19.2567,0.13601,12.475,13.859,15.243,16.986,19.257,22.357,26.879,34.192,41.506,48.818,56.131,63.443999999999996,70.757,7.312999999999999
164,2,-1.2583,19.3197,0.13622,12.501,13.893,15.285,17.037,19.32,22.433,26.97,34.292,41.614,48.93600000000001,56.25800000000001,63.58000000000001,70.90200000000002,7.322000000000003
165,2,-1.2504,19.382,0.13642,12.528,13.927,15.327,17.088,19.382,22.509,27.06,34.387,41.714,49.041000000000004,56.36800000000001,63.69500000000001,71.022,7.327000000000002
166,2,-1.2425,19.4437,0.13662,12.554,13.961,15.368,17.139,19.444,22.584,27.149,34.481,41.814,49.145,56.477000000000004,63.809000000000005,71.141,7.332000000000001
167,2,-1.2345,19.5045,0.13681,12.579,13.994,15.408,17.188,19.504,22.658,27.235,34.571,41.907,49.242999999999995,56.57899999999999,63.91499999999999,71.25099999999999,7.3359999999999985
168,2,-1.2266,19.5647,0.137,12.604,14.026,15.448,17.238,19.565,22.731,27.321,34.66,41.999,49.33799999999999,56.67699999999998,64.01599999999998,71.35499999999998,7.338999999999995
169,2,-1.2186,19.624,0.13719,12.628,14.058,15.488,17.286,19.624,22.803,27.406,34.747,42.088,49.429,56.77,64.111,71.452,7.341000000000001
170,2,-1.2107,19.6824,0.13738,12.652,14.089,15.526,17.334,19.682,22.874,27.489,34.833,42.176,49.520999999999994,56.864999999999995,64.20899999999999,71.55299999999998,7.343999999999998
171,2,-1.2027,19.74,0.13756,12.675,14.119,15.564,17.38,19.74,22.943,27.57,34.914,42.258,49.602000000000004,56.946000000000005,64.29,71.63400000000001,7.344000000000001
172,2,-1.1947,19.7966,0.13774,12.697,14.149,15.601,17.427,19.797,23.012,27.65,34.994,42.338,49.682,57.026,64.37,71.714,7.344000000000001
173,2,-1.1867,19.8523,0.13791,12.719,14.179,15.638,17.472,19.852,23.079,27.727,35.07,42.412,49.756,57.099000000000004,64.44200000000001,71.785,7.343
174,2,-1.1788,19.907,0.13808,12.74,14.207,15.674,17.516,19.907,23.145,27.804,35.145,42.485,49.82700000000001,57.16800000000002,64.50900000000001,71.85000000000002,7.341000000000005
175,2,-1.1708,19.9607,0.13825,12.761,14.235,15.709,17.56,19.961,23.21,27.879,35.217,42.555,49.892999999999994,57.230999999999995,64.56899999999999,71.90699999999998,7.337999999999997
176,2,-1.1629,20.0133,0.13841,12.781,14.262,15.743,17.603,20.013,23.273,27.951,35.286,42.621,49.956,57.291000000000004,64.626,71.96100000000001,7.335000000000001
177,2,-1.1549,20.0648,0.13858,12.8,14.288,15.776,17.644,20.065,23.336,28.023,35.354,42.685,50.016,57.346999999999994,64.678,72.009,7.3309999999999995
178,2,-1.147,20.1152,0.13873,12.819,14.314,15.809,17.685,20.115,23.396,28.091,35.417,42.743,50.069,57.395,64.721,72.047,7.3260000000000005
179,2,-1.139,20.1644,0.13889,12.836,14.338,15.841,17.725,20.164,23.456,28.159,35.479,42.8,50.119,57.439,64.759,72.07900000000001,7.32
180,2,-1.1311,20.2125,0.13904,12.853,14.362,15.871,17.764,20.212,23.514,28.224,35.538,42.852,50.16599999999999,57.47999999999999,64.79399999999998,72.10799999999998,7.3139999999999965
181,2,-1.1232,20.2595,0.1392,12.869,14.385,15.901,17.802,20.26,23.57,28.289,35.597,42.905,50.213,57.521,64.82900000000001,72.137,7.308
182,2,-1.1153,20.3053,0.13934,12.885,14.408,15.93,17.839,20.305,23.625,28.35,35.65,42.95,50.24999999999999,57.54999999999999,64.85,72.14999999999998,7.299999999999997
183,2,-1.1074,20.3499,0.13949,12.9,14.429,15.958,17.874,20.35,23.679,28.411,35.703,42.995,50.287000000000006,57.57900000000001,64.87100000000001,72.16300000000001,7.292000000000002
184,2,-1.0996,20.3934,0.13963,12.914,14.45,15.985,17.909,20.393,23.731,28.469,35.752,43.036,50.318000000000005,57.601000000000006,64.88400000000001,72.167,7.283000000000001
185,2,-1.0917,20.4357,0.13977,12.927,14.469,16.012,17.943,20.436,23.782,28.525,35.799,43.073,50.347,57.621,64.89500000000001,72.16900000000001,7.274000000000001
186,2,-1.0838,20.4769,0.13991,12.94,14.488,16.037,17.976,20.477,23.832,28.58,35.844,43.108,50.37200000000001,57.63600000000001,64.9,72.16400000000002,7.264000000000003
187,2,-1.076,20.517,0.14005,12.952,14.507,16.062,18.008,20.517,23.88,28.634,35.887,43.141,50.393,57.646,64.899,72.152,7.253
188,2,-1.0681,20.556,0.14018,12.963,14.524,16.085,18.039,20.556,23.927,28.684,35.927,43.169,50.413,57.65599999999999,64.899,72.142,7.2429999999999986
189,2,-1.0603,20.5938,0.14031,12.973,14.541,16.108,18.069,20.594,23.972,28.734,35.964,43.195,50.42399999999999,57.65399999999999,64.88399999999999,72.11399999999998,7.229999999999997
190,2,-1.0525,20.6306,0.14044,12.983,14.557,16.13,18.098,20.631,24.017,28.782,36.0,43.219,50.436,57.653999999999996,64.872,72.09,7.218
191,2,-1.0447,20.6663,0.14057,12.992,14.572,16.151,18.126,20.666,24.06,28.828,36.034,43.241,50.446,57.652,64.858,72.064,7.2059999999999995
192,2,-1.0368,20.7008,0.1407,13.0,14.586,16.172,18.153,20.701,24.101,28.873,36.066,43.259,50.452000000000005,57.64500000000001,64.83800000000001,72.031,7.193000000000001
193,2,-1.029,20.7344,0.14082,13.008,14.6,16.191,18.179,20.734,24.141,28.915,36.094,43.274,50.452000000000005,57.63100000000001,64.81,71.989,7.179000000000002
194,2,-1.0212,20.7668,0.14094,13.015,14.613,16.21,18.205,20.767,24.18,28.956,36.121,43.286,50.45100000000001,57.616000000000014,64.781,71.94600000000003,7.165000000000003
195,2,-1.0134,20.7982,0.14106,13.022,14.625,16.228,18.229,20.798,24.218,28.996,36.146,43.296,50.446000000000005,57.596000000000004,64.74600000000001,71.89600000000002,7.150000000000002
196,2,-1.0055,20.8286,0.14118,13.027,14.636,16.245,18.253,20.829,24.254,29.034,36.169,43.304,50.43899999999999,57.57399999999999,64.70899999999999,71.844,7.134999999999998
197,2,-0.9977,20.858,0.1413,13.032,14.647,16.261,18.275,20.858,24.29,29.07,36.19,43.31,50.42999999999999,57.54999999999999,64.66999999999999,71.78999999999999,7.119999999999997
198,2,-0.9898,20.8863,0.14142,13.036,14.656,16.277,18.297,20.886,24.324,29.105,36.209,43.313,50.41700000000001,57.521000000000015,64.62500000000001,71.72900000000001,7.104000000000003
199,2,-0.9819,20.9137,0.14153,13.04,14.666,16.291,18.318,20.914,24.356,29.138,36.225,43.312,50.399,57.486000000000004,64.57300000000001,71.66,7.087
200,2,-0.974,20.9401,0.14164,13.043,14.674,16.305,18.338,20.94,24.388,29.17,36.239,43.309,50.37699999999999,57.445999999999984,64.51499999999999,71.58399999999997,7.0689999999999955
201,2,-0.9661,20.9656,0.14176,13.045,14.682,16.318,18.357,20.966,24.418,29.201,36.254,43.307,50.35999999999999,57.41299999999999,64.46599999999998,71.51899999999998,7.052999999999997
202,2,-0.9582,20.9901,0.14187,13.047,14.689,16.331,18.376,20.99,24.448,29.23,36.265,43.3,50.335,57.370000000000005,64.405,71.44,7.035
203,2,-0.9503,21.0138,0.14198,13.048,14.695,16.343,18.393,21.014,24.476,29.257,36.275,43.292,50.31099999999999,57.32899999999999,64.34699999999998,71.36499999999998,7.017999999999997
204,2,-0.9423,21.0367,0.14208,13.049,14.701,16.354,18.411,21.037,24.503,29.283,36.281,43.279,50.276999999999994,57.27499999999999,64.273,71.27099999999999,6.9979999999999976
205,2,-0.9344,21.0587,0.14219,13.049,14.707,16.365,18.427,21.059,24.53,29.308,36.288,43.268,50.24799999999999,57.22799999999999,64.20799999999998,71.18799999999999,6.979999999999997
206,2,-0.9264,21.0801,0.1423,13.048,14.711,16.375,18.443,21.08,24.555,29.333,36.293,43.254,50.213,57.173,64.13300000000001,71.093,6.960000000000001
207,2,-0.9184,21.1007,0.1424,13.047,14.716,16.384,18.458,21.101,24.58,29.355,36.296,43.237,50.178,57.119,64.06,71.001,6.940999999999999
208,2,-0.9104,21.1206,0.1425,13.046,14.719,16.393,18.472,21.121,24.603,29.376,36.297,43.218,50.13899999999999,57.05999999999999,63.98099999999998,70.90199999999997,6.920999999999996
209,2,-0.9024,21.1399,0.14261,13.044,14.722,16.401,18.486,21.14,24.626,29.398,36.3,43.202,50.10399999999999,57.005999999999986,63.90799999999999,70.80999999999999,6.9019999999999975
210,2,-0.8944,21.1586,0.14271,13.042,14.725,16.409,18.499,21.159,24.649,29.418,36.299,43.181,50.061,56.942,63.823,70.70400000000001,6.881
211,2,-0.8863,21.1768,0.14281,13.039,14.728,16.417,18.512,21.177,24.67,29.436,36.298,43.159,50.022000000000006,56.88400000000001,63.74600000000001,70.608,6.862000000000002
212,2,-0.8783,21.1944,0.14291,13.036,14.73,16.424,18.525,21.194,24.691,29.455,36.296,43.137,49.978,56.819,63.660000000000004,70.501,6.841000000000001
213,2,-0.8703,21.2116,0.14301,13.032,14.731,16.431,18.537,21.212,24.712,29.472,36.293,43.114,49.934999999999995,56.75599999999999,63.57699999999999,70.398,6.820999999999998
214,2,-0.8623,21.2282,0.14311,13.029,14.733,16.437,18.548,21.228,24.731,29.489,36.29,43.09,49.891999999999996,56.693,63.49399999999999,70.29499999999999,6.800999999999998
215,2,-0.8542,21.2444,0.1432,13.025,14.734,16.443,18.56,21.244,24.75,29.505,36.284,43.062,49.842,56.620999999999995,63.4,70.179,6.779
216,2,-0.8462,21.2603,0.1433,13.02,14.734,16.448,18.571,21.26,24.769,29.52,36.279,43.038,49.79700000000001,56.55600000000001,63.31500000000002,70.07400000000001,6.759000000000004
217,2,-0.8382,21.2757,0.1434,13.016,14.735,16.454,18.581,21.276,24.788,29.536,36.274,43.013,49.75,56.488,63.226,69.964,6.7379999999999995
218,2,-0.8301,21.2908,0.14349,13.011,14.735,16.459,18.592,21.291,24.805,29.55,36.267,42.984,49.70100000000001,56.418000000000006,63.13500000000001,69.852,6.717000000000002
219,2,-0.8221,21.3055,0.14359,13.006,14.735,16.463,18.601,21.306,24.823,29.564,36.261,42.958,49.65500000000001,56.35200000000001,63.049000000000014,69.74600000000001,6.697000000000003
220,2,-0.814,21.32,0.14368,13.0,14.734,16.468,18.611,21.32,24.84,29.577,36.252,42.928,49.602000000000004,56.277,62.952000000000005,69.62700000000001,6.675000000000001
221,2,-0.806,21.3341,0.14377,12.995,14.734,16.473,18.621,21.334,24.856,29.589,36.244,42.899,49.554,56.209,62.864000000000004,69.519,6.655000000000001
222,2,-0.798,21.348,0.14386,12.989,14.733,16.477,18.63,21.348,24.873,29.602,36.235,42.869,49.501,56.134,62.766999999999996,69.39999999999999,6.632999999999999
223,2,-0.7899,21.3617,0.14396,12.983,14.732,16.48,18.639,21.362,24.889,29.614,36.228,42.841,49.456,56.07000000000001,62.684000000000005,69.298,6.614000000000001
224,2,-0.7819,21.3752,0.14405,12.977,14.731,16.484,18.648,21.375,24.905,29.626,36.219,42.812,49.405,55.998000000000005,62.591,69.184,6.593
225,2,-0.7738,21.3884,0.14414,12.971,14.729,16.488,18.657,21.388,24.92,29.637,36.209,42.781,49.35300000000001,55.92500000000001,62.497000000000014,69.06900000000002,6.572000000000003
226,2,-0.7658,21.4014,0.14423,12.964,14.728,16.491,18.665,21.401,24.935,29.649,36.2,42.751,49.30200000000001,55.85300000000001,62.40400000000001,68.95500000000001,6.551000000000002
227,2,-0.7577,21.4143,0.14432,12.958,14.726,16.494,18.673,21.414,24.951,29.659,36.19,42.72,49.251999999999995,55.782999999999994,62.31399999999999,68.845,6.530999999999999
228,2,-0.7496,21.4269,0.14441,12.951,14.724,16.497,18.681,21.427,24.965,29.67,36.179,42.689,49.197,55.706,62.215,68.724,6.509
