age_months,sex,L,M,S,SD4neg,SD3neg,SD2neg,SD1neg,SD0,SD1,SD2,SD3,SD4,SD5,SD6,SD7,SD8
0,1,-0.3053,13.4069,0.0956,9.235,10.184,11.133,12.201,13.407,14.773,16.326,18.1,19.874,23.822,26.304,28.786,31.268
1,1,0.2738,14.914,0.09035,10.116,11.253,12.391,13.61,14.914,16.306,17.791,19.371,20.951,23.92,26.437,28.954,31.471
2,1,0.1113,16.3231,0.08676,11.369,12.534,13.7,14.96,16.323,17.795,19.384,21.098,22.811,24.021,26.574,29.127,31.68
3,1,0.0077,16.895,0.08496,11.928,13.091,14.253,15.518,16.895,18.393,20.022,21.794,23.567,24.124,26.713,29.302,31.891
4,1,-0.0709,17.1533,0.08381,12.219,13.369,14.52,15.778,17.153,18.658,20.304,22.107,23.91,24.229,26.855,29.481,32.107
5,1,-0.1366,17.2914,0.08297,12.4,13.537,14.675,15.922,17.291,18.796,20.452,22.275,24.098,24.337,27.001,29.665,32.329
6,1,-0.1903,17.3419,0.08235,12.499,13.622,14.746,15.981,17.342,18.843,20.501,22.335,24.17,24.448,27.151,29.854,32.557
7,1,-0.2369,17.3302,0.08185,12.542,13.651,14.759,15.981,17.33,18.823,20.479,22.319,24.159,24.561,27.303,30.045,32.787
8,1,-0.2795,17.2661,0.08141,12.541,13.633,14.725,15.931,17.266,18.748,20.397,22.236,24.075,24.678,27.461,30.244,33.027
9,1,-0.3165,17.1696,0.08103,12.51,13.585,14.66,15.849,17.17,18.638,20.277,22.111,23.945,24.798,27.623,30.448,33.273
10,1,-0.3502,17.0543,0.08069,12.46,13.518,14.577,15.75,17.054,18.509,20.136,21.963,23.789,24.917,27.783,30.649,33.515
11,1,-0.382,16.9273,0.08038,12.398,13.44,14.482,15.639,16.927,18.367,19.982,21.8,23.618,25.042,27.951,30.86,33.769
12,1,-0.4104,16.8033,0.0801,12.335,13.362,14.388,15.53,16.803,18.229,19.832,21.64,23.449,25.17,28.123,31.076,34.029
13,1,-0.4376,16.6771,0.07983,12.269,13.28,14.292,15.419,16.677,18.089,19.679,21.478,23.277,25.301,28.299,31.297,34.295
14,1,-0.4621,16.5591,0.07959,12.205,13.203,14.201,15.314,16.559,17.958,19.536,21.326,23.116,25.435,28.479,31.523,34.567
15,1,-0.4852,16.4466,0.07936,12.143,13.129,14.115,15.214,16.447,17.833,19.4,21.181,22.962,25.571,28.661,31.751,34.841
16,1,-0.5075,16.3369,0.07914,12.082,13.056,14.03,15.117,16.337,17.711,19.268,21.04,22.812,25.712,28.85,31.988,35.126
17,1,-0.5279,16.2375,0.07893,12.028,12.99,13.953,15.029,16.238,17.601,19.147,20.911,22.675,25.854,29.04,32.226,35.412
18,1,-0.5472,16.1447,0.07874,11.976,12.929,13.881,14.947,16.145,17.498,19.035,20.791,22.548,26.003,29.24,32.477,35.714
19,1,-0.5662,16.0564,0.07855,11.927,12.87,13.813,14.869,16.056,17.4,18.928,20.677,22.427,26.15,29.436,32.722,36.008
20,1,-0.5836,15.9786,0.07837,11.885,12.819,13.753,14.8,15.979,17.313,18.833,20.576,22.319,26.304,29.642,32.98,36.318
21,1,-0.6002,15.9087,0.0782,11.847,12.774,13.7,14.738,15.909,17.235,18.748,20.486,22.223,26.462,29.853,33.244,36.635
22,1,-0.6166,15.8444,0.07803,11.814,12.732,13.651,14.682,15.844,17.164,18.67,20.402,22.134,26.622,30.066,33.51,36.954
23,1,-0.6318,15.7888,0.07787,11.786,12.697,13.609,14.633,15.789,17.101,18.602,20.329,22.057,26.785,30.283,33.781,37.279
24,1,-0.6464,15.7388,0.07772,11.761,12.666,13.572,14.589,15.739,17.045,18.54,20.264,21.988,26.953,30.507,34.061,37.615
25,1,-0.5863,15.9825,0.07791,11.909,12.839,13.769,14.81,15.982,17.309,18.82,20.55,22.281,27.121,30.73,34.339,37.948
26,1,-0.5523,15.9443,0.07799,11.862,12.795,13.729,14.772,15.944,17.267,18.769,20.484,22.198,27.295,30.961,34.627,38.293
27,1,-0.5196,15.9071,0.07808,11.815,12.752,13.689,14.735,15.907,17.227,18.721,20.42,22.12,27.475,31.201,34.927,38.653
28,1,-0.4873,15.8694,0.07818,11.769,12.709,13.65,14.697,15.869,17.186,18.672,20.358,22.043,27.653,31.437,35.221,39.005
29,1,-0.4578,15.8338,0.07828,11.724,12.668,13.612,14.662,15.834,17.148,18.627,20.299,21.972,27.839,31.684,35.529,39.374
30,1,-0.4301,15.7989,0.0784,11.681,12.628,13.575,14.626,15.799,17.111,18.584,20.245,21.906,28.024,31.929,35.834,39.739
31,1,-0.4037,15.7635,0.07853,11.637,12.587,13.537,14.591,15.764,17.073,18.54,20.191,21.842,28.211,32.176,36.141,40.106
32,1,-0.3804,15.73,0.07866,11.595,12.548,13.501,14.557,15.73,17.038,18.5,20.142,21.784,28.405,32.433,36.461,40.489
33,1,-0.3594,15.6971,0.0788,11.555,12.511,13.466,14.524,15.697,17.003,18.462,20.096,21.73,28.602,32.694,36.786,40.878
34,1,-0.3404,15.664,0.07896,11.515,12.473,13.431,14.49,15.664,16.969,18.425,20.052,21.68,28.799,32.954,37.109,41.264
35,1,-0.3247,15.6328,0.07912,11.478,12.437,13.397,14.458,15.633,16.937,18.39,20.013,21.636,29.001,33.221,37.441,41.661
36,1,-0.3112,15.6015,0.07929,11.441,12.402,13.364,14.426,15.602,16.906,18.357,19.975,21.594,29.202,33.486,37.77,42.054
37,1,-0.3009,15.5723,0.07948,11.406,12.369,13.333,14.396,15.572,16.877,18.327,19.944,21.561,29.409,33.759,38.109,42.459
38,1,-0.2934,15.5443,0.07967,11.374,12.338,13.303,14.367,15.544,16.849,18.3,19.915,21.531,29.616,34.032,38.448,42.864
39,1,-0.2887,15.5167,0.07988,11.342,12.307,13.273,14.338,15.517,16.823,18.274,19.891,21.507,29.828,34.311,38.794,43.277
40,1,-0.2869,15.4914,0.0801,11.313,12.279,13.245,14.312,15.491,16.799,18.252,19.871,21.49,30.042,34.593,39.144,43.695
41,1,-0.2878,15.4675,0.08033,11.286,12.253,13.219,14.287,15.468,16.777,18.233,19.856,21.479,30.257,34.876,39.495,44.114
42,1,-0.2914,15.4445,0.08058,11.26,12.227,13.194,14.262,15.444,16.757,18.216,19.845,21.473,30.472,35.158,39.844,44.53
43,1,-0.2972,15.4236,0.08084,11.236,12.203,13.171,14.239,15.424,16.739,18.203,19.838,21.473,30.687,35.44,40.193,44.946
44,1,-0.3054,15.404,0.08111,11.215,12.181,13.148,14.218,15.404,16.723,18.192,19.835,21.479,30.907,35.729,40.551,45.373
45,1,-0.316,15.3849,0.0814,11.193,12.16,13.127,14.197,15.385,16.707,18.184,19.836,21.489,31.126,36.016,40.906,45.796
46,1,-0.3284,15.3675,0.0817,11.174,12.14,13.106,14.177,15.368,16.694,18.178,19.842,21.505,31.347,36.306,41.265,46.224
47,1,-0.3429,15.351,0.08201,11.156,12.121,13.087,14.158,15.351,16.683,18.174,19.85,21.526,31.565,36.591,41.617,46.643
48,1,-0.3598,15.3346,0.08234,11.139,12.103,13.067,14.139,15.335,16.671,18.172,19.862,21.552,31.785,36.878,41.971,47.064
49,1,-0.3782,15.3196,0.08267,11.123,12.086,13.05,14.122,15.32,16.662,18.172,19.877,21.582,32.006,37.167,42.328,47.489
50,1,-0.3984,15.3052,0.08302,11.108,12.07,13.032,14.105,15.305,16.653,18.174,19.895,21.617,32.226,37.454,42.682,47.91
51,1,-0.4212,15.291,0.08338,11.094,12.055,13.015,14.088,15.291,16.646,18.177,19.917,21.657,32.447,37.742,43.037,48.332
52,1,-0.4449,15.2779,0.08375,11.081,12.04,12.999,14.072,15.278,16.639,18.183,19.942,21.702,32.666,38.027,43.388,48.749
53,1,-0.4702,15.2654,0.08412,11.07,12.027,12.983,14.057,15.265,16.633,18.19,19.97,21.75,32.887,38.315,43.743,49.171
54,1,-0.4977,15.2532,0.08451,11.059,12.013,12.968,14.041,15.253,16.629,18.199,20.001,21.804,33.104,38.596,44.088,49.58
55,1,-0.5255,15.2419,0.0849,11.049,12.001,12.954,14.027,15.242,16.625,18.209,20.035,21.861,33.322,38.879,44.436,49.993
56,1,-0.5544,15.2311,0.08529,11.039,11.99,12.94,14.013,15.231,16.622,18.22,20.071,21.922,33.538,39.158,44.778,50.398
57,1,-0.5855,15.2204,0.0857,11.031,11.979,12.927,13.999,15.22,16.619,18.233,20.111,21.989,33.754,39.437,45.12,50.803
58,1,-0.6166,15.2108,0.0861,11.024,11.969,12.914,13.987,15.211,16.618,18.248,20.153,22.058,33.973,39.72,45.467,51.214
59,1,-0.6499,15.2014,0.08652,11.017,11.96,12.902,13.974,15.201,16.617,18.264,20.2,22.135,34.186,39.994,45.802,51.61
60,1,-0.6833,15.193,0.08693,11.011,11.951,12.891,13.963,15.193,16.617,18.282,20.248,22.214,34.399,40.267,46.135,52.003
61,1,-0.7387,15.2641,0.0839,11.204,12.118,13.031,14.071,15.264,16.645,18.259,20.166,22.072,23.822,26.304,28.786,31.268
62,1,-0.7621,15.2616,0.08414,11.204,12.115,13.027,14.066,15.262,16.648,18.273,20.2,22.127,23.92,26.437,28.954,31.471
63,1,-0.7856,15.2604,0.08439,11.204,12.114,13.024,14.063,15.26,16.653,18.29,20.238,22.186,24.021,26.574,29.127,31.68
64,1,-0.8089,15.2605,0.08464,11.205,12.114,13.022,14.061,15.26,16.659,18.308,20.277,22.247,24.124,26.713,29.302,31.891
65,1,-0.8322,15.2619,0.0849,11.207,12.114,13.021,14.06,15.262,16.667,18.328,20.32,22.312,24.229,26.855,29.481,32.107
66,1,-0.8554,15.2645,0.08516,11.21,12.115,13.021,14.06,15.264,16.676,18.35,20.365,22.38,24.337,27.001,29.665,32.329
67,1,-0.8785,15.2684,0.08543,11.213,12.117,13.021,14.061,15.268,16.686,18.374,20.413,22.452,24.448,27.151,29.854,32.557
68,1,-0.9015,15.2737,0.0857,11.218,12.121,13.023,14.063,15.274,16.699,18.399,20.463,22.526,24.561,27.303,30.045,32.787
69,1,-0.9243,15.2801,0.08597,11.223,12.125,13.026,14.067,15.28,16.712,18.427,20.515,22.604,24.678,27.461,30.244,33.027
70,1,-0.9471,15.2877,0.08625,11.228,12.129,13.03,14.071,15.288,16.727,18.456,20.571,22.685,24.798,27.623,30.448,33.273
71,1,-0.9697,15.2965,0.08653,11.235,12.135,13.035,14.077,15.296,16.743,18.487,20.628,22.77,24.917,27.783,30.649,33.515
72,1,-0.9921,15.3062,0.08682,11.242,12.141,13.04,14.083,15.306,16.761,18.52,20.689,22.858,25.042,27.951,30.86,33.769
73,1,-1.0144,15.3169,0.08711,11.249,12.148,13.047,14.09,15.317,16.78,18.554,20.751,22.948,25.17,28.123,31.076,34.029
74,1,-1.0365,15.3285,0.08741,11.257,12.155,13.053,14.098,15.328,16.799,18.589,20.816,23.043,25.301,28.299,31.297,34.295
75,1,-1.0584,15.3408,0.08771,11.265,12.163,13.061,14.107,15.341,16.82,18.626,20.883,23.139,25.435,28.479,31.523,34.567
76,1,-1.0801,15.354,0.08802,11.274,12.171,13.069,14.116,15.354,16.842,18.665,20.952,23.24,25.571,28.661,31.751,34.841
77,1,-1.1017,15.3679,0.08833,11.283,12.18,13.077,14.126,15.368,16.864,18.704,21.023,23.343,25.712,28.85,31.988,35.126
78,1,-1.123,15.3825,0.08865,11.292,12.189,13.086,14.136,15.382,16.888,18.745,21.097,23.449,25.854,29.04,32.226,35.412
79,1,-1.1441,15.3978,0.08898,11.301,12.198,13.095,14.147,15.398,16.913,18.788,21.174,23.559,26.003,29.24,32.477,35.714
80,1,-1.1649,15.4137,0.08931,11.311,12.208,13.105,14.158,15.414,16.938,18.831,21.251,23.672,26.15,29.436,32.722,36.008
81,1,-1.1856,15.4302,0.08964,11.321,12.218,13.115,14.17,15.43,16.964,18.876,21.331,23.786,26.304,29.642,32.98,36.318
82,1,-1.206,15.4473,0.08998,11.331,12.228,13.126,14.183,15.447,16.991,18.922,21.413,23.905,26.462,29.853,33.244,36.635
83,1,-1.2261,15.465,0.09033,11.341,12.239,13.136,14.195,15.465,17.019,18.969,21.498,24.027,26.622,30.066,33.51,36.954
84,1,-1.246,15.4832,0.09068,11.351,12.25,13.148,14.209,15.483,17.047,19.017,21.584,24.152,26.785,30.283,33.781,37.279
85,1,-1.2656,15.5019,0.09103,11.362,12.261,13.159,14.222,15.502,17.076,19.066,21.672,24.279,26.953,30.507,34.061,37.615
86,1,-1.2849,15.521,0.09139,11.373,12.272,13.171,14.236,15.521,17.106,19.116,21.763,24.409,27.121,30.73,34.339,37.948
87,1,-1.304,15.5407,0.09176,11.384,12.283,13.183,14.25,15.541,17.136,19.168,21.856,24.544,27.295,30.961,34.627,38.293
88,1,-1.3228,15.5608,0.09213,11.395,12.295,13.195,14.265,15.561,17.167,19.22,21.95,24.681,27.475,31.201,34.927,38.653
89,1,-1.3414,15.5814,0.09251,11.406,12.307,13.208,14.28,15.581,17.199,19.274,22.048,24.822,27.653,31.437,35.221,39.005
90,1,-1.3596,15.6023,0.09289,11.417,12.319,13.221,14.295,15.602,17.231,19.328,22.147,24.966,27.839,31.684,35.529,39.374
91,1,-1.3776,15.6237,0.09327,11.428,12.331,13.234,14.311,15.624,17.264,19.383,22.247,25.112,28.024,31.929,35.834,39.739
92,1,-1.3953,15.6455,0.09366,11.44,12.343,13.247,14.327,15.646,17.297,19.44,22.351,25.262,28.211,32.176,36.141,40.106
93,1,-1.4126,15.6677,0.09406,11.451,12.356,13.26,14.343,15.668,17.331,19.497,22.457,25.416,28.405,32.433,36.461,40.489
94,1,-1.4297,15.6903,0.09445,11.463,12.368,13.274,14.36,15.69,17.366,19.555,22.563,25.571,28.602,32.694,36.786,40.878
95,1,-1.4464,15.7133,0.09486,11.474,12.381,13.288,14.377,15.713,17.401,19.615,22.673,25.732,28.799,32.954,37.109,41.264
96,1,-1.4629,15.7368,0.09526,11.486,12.394,13.302,14.394,15.737,17.437,19.675,22.785,25.895,29.001,33.221,37.441,41.661
97,1,-1.479,15.7606,0.09567,11.498,12.407,13.317,14.412,15.761,17.473,19.736,22.899,26.061,29.202,33.486,37.77,42.054
98,1,-1.4947,15.7848,0.09609,11.51,12.42,13.331,14.429,15.785,17.51,19.798,23.015,26.232,29.409,33.759,38.109,42.459
99,1,-1.5101,15.8094,0.09651,11.521,12.434,13.346,14.447,15.809,17.548,19.862,23.134,26.406,29.616,34.032,38.448,42.864
100,1,-1.5252,15.8344,0.09693,11.534,12.447,13.361,14.466,15.834,17.586,19.926,23.254,26.582,29.828,34.311,38.794,43.277
101,1,-1.5399,15.8597,0.09735,11.546,12.461,13.376,14.484,15.86,17.624,19.99,23.376,26.761,30.042,34.593,39.144,43.695
102,1,-1.5542,15.8855,0.09778,11.558,12.475,13.392,14.503,15.886,17.663,20.056,23.5,26.945,30.257,34.876,39.495,44.114
103,1,-1.5681,15.9116,0.09821,11.57,12.489,13.408,14.523,15.912,17.702,20.123,23.627,27.131,30.472,35.158,39.844,44.53
104,1,-1.5817,15.9381,0.09864,11.583,12.503,13.424,14.542,15.938,17.742,20.19,23.755,27.32,30.687,35.44,40.193,44.946
105,1,-1.5948,15.9651,0.09907,11.595,12.518,13.44,14.562,15.965,17.783,20.258,23.885,27.511,30.907,35.729,40.551,45.373
106,1,-1.6076,15.9925,0.09951,11.608,12.532,13.456,14.582,15.992,17.824,20.327,24.018,27.708,31.126,36.016,40.906,45.796
107,1,-1.6199,16.0205,0.09994,11.621,12.547,13.473,14.603,16.02,17.866,20.397,24.151,27.905,31.347,36.306,41.265,46.224
108,1,-1.6318,16.049,0.10038,11.634,12.562,13.491,14.624,16.049,17.908,20.468,24.288,28.107,31.565,36.591,41.617,46.643
109,1,-1.6433,16.0781,0.10082,11.647,12.578,13.508,14.646,16.078,17.952,20.54,24.426,28.312,31.785,36.878,41.971,47.064
110,1,-1.6544,16.1078,0.10126,11.661,12.594,13.526,14.668,16.108,17.996,20.613,24.567,28.52,32.006,37.167,42.328,47.489
111,1,-1.6651,16.1381,0.1017,11.675,12.61,13.545,14.691,16.138,18.04,20.687,24.709,28.731,32.226,37.454,42.682,47.91
112,1,-1.6753,16.1692,0.10214,11.689,12.626,13.564,14.714,16.169,18.086,20.763,24.854,28.945,32.447,37.742,43.037,48.332
113,1,-1.6851,16.2009,0.10259,11.703,12.643,13.583,14.738,16.201,18.132,20.839,25.001,29.163,32.666,38.027,43.388,48.749
114,1,-1.6944,16.2333,0.10303,11.718,12.661,13.603,14.763,16.233,18.179,20.916,25.149,29.382,32.887,38.315,43.743,49.171
115,1,-1.7032,16.2665,0.10347,11.733,12.679,13.624,14.788,16.266,18.227,20.994,25.299,29.604,33.104,38.596,44.088,49.58
116,1,-1.7116,16.3004,0.10391,11.749,12.697,13.645,14.814,16.3,18.276,21.074,25.451,29.828,33.322,38.879,44.436,49.993
117,1,-1.7196,16.3351,0.10435,11.765,12.716,13.667,14.84,16.335,18.326,21.154,25.605,30.055,33.538,39.158,44.778,50.398
118,1,-1.7271,16.3704,0.10478,11.781,12.735,13.689,14.867,16.37,18.376,21.234,25.758,30.282,33.754,39.437,45.12,50.803
119,1,-1.7341,16.4065,0.10522,11.798,12.755,13.712,14.895,16.406,18.428,21.317,25.915,30.513,33.973,39.72,45.467,51.214
120,1,-1.7407,16.4433,0.10566,11.815,12.775,13.735,14.923,16.443,18.48,21.4,26.073,30.746,34.186,39.994,45.802,51.61
121,1,-1.7468,16.4807,0.10609,11.832,12.796,13.759,14.952,16.481,18.532,21.483,26.231,30.979,34.399,40.267,46.135,52.003
122,1,-1.7525,16.5189,0.10652,11.85,12.817,13.784,14.982,16.519,18.586,21.568,26.391,31.213,34.611,40.539,46.467,52.395
123,1,-1.7578,16.5578,0.10695,11.868,12.838,13.808,15.012,16.558,18.64,21.653,26.552,31.45,34.819,40.804,46.789,52.774
124,1,-1.7626,16.5974,0.10738,11.886,12.86,13.834,15.043,16.597,18.696,21.739,26.714,31.688,35.031,41.075,47.119,53.163
125,1,-1.767,16.6376,0.1078,11.905,12.882,13.86,15.074,16.638,18.751,21.826,26.875,31.925,35.238,41.338,47.438,53.538
126,1,-1.771,16.6786,0.10823,11.924,12.905,13.886,15.106,16.679,18.808,21.914,27.04,32.166,35.446,41.602,47.758,53.914
127,1,-1.7745,16.7203,0.10865,11.943,12.928,13.913,15.139,16.72,18.865,22.002,27.204,32.405,35.651,41.861,48.071,54.281
128,1,-1.7777,16.7628,0.10906,11.964,12.952,13.941,15.172,16.763,18.923,22.09,27.367,32.643,35.854,42.117,48.38,54.643
129,1,-1.7804,16.8059,0.10948,11.984,12.976,13.969,15.206,16.806,18.982,22.18,27.533,32.885,36.058,42.374,48.69,55.006
130,1,-1.7828,16.8497,0.10989,12.004,13.001,13.998,15.241,16.85,19.042,22.271,27.698,33.125,36.257,42.623,48.989,55.355
131,1,-1.7847,16.8941,0.1103,12.025,13.026,14.027,15.276,16.894,19.102,22.362,27.863,33.365,36.454,42.869,49.284,55.699
132,1,-1.7862,16.9392,0.1107,12.046,13.051,14.056,15.312,16.939,19.163,22.452,28.027,33.602,36.653,43.117,49.581,56.045
133,1,-1.7873,16.985,0.1111,12.068,13.077,14.087,15.348,16.985,19.224,22.544,28.192,33.839,36.847,43.358,49.869,56.38
134,1,-1.7881,17.0314,0.1115,12.09,13.103,14.117,15.385,17.031,19.287,22.637,28.357,34.077,37.041,43.598,50.155,56.712
135,1,-1.7884,17.0784,0.11189,12.112,13.13,14.148,15.422,17.078,19.349,22.729,28.52,34.311,37.231,43.832,50.433,57.034
136,1,-1.7884,17.1262,0.11228,12.134,13.157,14.18,15.461,17.126,19.413,22.822,28.684,34.545,37.421,44.066,50.711,57.356
137,1,-1.788,17.1746,0.11266,12.157,13.185,14.212,15.499,17.175,19.477,22.915,28.846,34.776,37.606,44.292,50.978,57.664
138,1,-1.7873,17.2236,0.11304,12.181,13.213,14.245,15.539,17.224,19.542,23.009,29.008,35.006,37.79,44.516,51.242,57.968
139,1,-1.7861,17.2734,0.11342,12.204,13.241,14.278,15.578,17.273,19.607,23.104,29.169,35.235,37.976,44.743,51.51,58.277
140,1,-1.7846,17.324,0.11379,12.228,13.27,14.312,15.619,17.324,19.674,23.199,29.329,35.46,38.156,44.961,51.766,58.571
141,1,-1.7828,17.3752,0.11415,12.253,13.3,14.347,15.66,17.375,19.741,23.293,29.487,35.681,38.335,45.177,52.019,58.861
142,1,-1.7806,17.4272,0.11451,12.278,13.33,14.382,15.702,17.427,19.808,23.389,29.645,35.901,38.51,45.387,52.264,59.141
143,1,-1.778,17.4799,0.11487,12.303,13.36,14.417,15.745,17.48,19.877,23.485,29.802,36.119,38.679,45.588,52.497,59.406
144,1,-1.7751,17.5334,0.11522,12.328,13.391,14.453,15.788,17.533,19.946,23.581,29.957,36.333,38.853,45.796,52.739,59.682
145,1,-1.7719,17.5877,0.11556,12.355,13.422,14.49,15.833,17.588,20.015,23.677,30.11,36.542,39.022,45.997,52.972,59.947
146,1,-1.7684,17.6427,0.1159,12.381,13.454,14.528,15.877,17.643,20.086,23.774,30.262,36.75,39.187,46.192,53.197,60.202
147,1,-1.7645,17.6985,0.11623,12.408,13.487,14.566,15.923,17.698,20.157,23.871,30.412,36.952,39.35,46.384,53.418,60.452
148,1,-1.7604,17.7551,0.11656,12.436,13.52,14.605,15.969,17.755,20.229,23.969,30.561,37.154,39.509,46.57,53.631,60.692
149,1,-1.7559,17.8124,0.11688,12.464,13.554,14.644,16.016,17.812,20.302,24.067,30.708,37.349,39.667,46.755,53.843,60.931
150,1,-1.7511,17.8704,0.1172,12.492,13.588,14.684,16.063,17.87,20.375,24.165,30.854,37.543,39.82,46.932,54.044,61.156
151,1,-1.7461,17.9292,0.11751,12.52,13.622,14.724,16.112,17.929,20.449,24.263,30.998,37.732,39.971,47.107,54.243,61.379
152,1,-1.7408,17.9887,0.11781,12.55,13.658,14.766,16.161,17.989,20.524,24.362,31.138,37.915,40.118,47.276,54.434,61.592
153,1,-1.7352,18.0488,0.11811,12.579,13.693,14.807,16.21,18.049,20.599,24.46,31.278,38.096,40.261,47.439,54.617,61.795
154,1,-1.7293,18.1096,0.11841,12.609,13.729,14.849,16.26,18.11,20.675,24.559,31.417,38.275,40.401,47.598,54.795,61.992
155,1,-1.7232,18.171,0.11869,12.639,13.766,14.892,16.311,18.171,20.751,24.658,31.551,38.444,40.537,47.752,54.967,62.182
156,1,-1.7168,18.233,0.11898,12.669,13.802,14.935,16.362,18.233,20.829,24.757,31.686,38.616,40.671,47.903,55.135,62.367
157,1,-1.7102,18.2955,0.11925,12.7,13.839,14.979,16.414,18.296,20.906,24.856,31.816,38.777,40.801,48.048,55.295,62.542
158,1,-1.7033,18.3586,0.11952,12.731,13.877,15.023,16.466,18.359,20.984,24.954,31.945,38.936,40.927,48.188,55.449,62.71
159,1,-1.6962,18.4221,0.11979,12.762,13.915,15.067,16.519,18.422,21.062,25.053,32.073,39.093,41.049,48.323,55.597,62.871
160,1,-1.6888,18.486,0.12005,12.794,13.953,15.112,16.572,18.486,21.14,25.152,32.197,39.243,41.17,48.456,55.742,63.028
161,1,-1.6811,18.5502,0.1203,12.825,13.991,15.157,16.625,18.55,21.219,25.249,32.317,39.385,41.285,48.581,55.877,63.173
162,1,-1.6732,18.6148,0.12055,12.857,14.029,15.202,16.679,18.615,21.298,25.347,32.436,39.525,41.398,48.704,56.01,63.316
163,1,-1.6651,18.6795,0.12079,12.889,14.068,15.247,16.733,18.68,21.376,25.444,32.551,39.659,41.505,48.818,56.131,63.444
164,1,-1.6568,18.7445,0.12102,12.921,14.107,15.293,16.787,18.744,21.455,25.54,32.663,39.786,41.614,48.936,56.258,63.58
165,1,-1.6482,18.8095,0.12125,12.952,14.145,15.338,16.841,18.81,21.534,25.635,32.772,39.909,41.714,49.041,56.368,63.695
166,1,-1.6394,18.8746,0.12148,12.984,14.184,15.384,16.895,18.875,21.613,25.731,32.88,40.03,41.813,49.145,56.477,63.809
167,1,-1.6304,18.9398,0.1217,13.015,14.222,15.429,16.95,18.94,21.691,25.825,32.985,40.144,41.907,49.243,56.579,63.915
168,1,-1.6211,19.005,0.12191,13.047,14.261,15.475,17.004,19.005,21.77,25.918,33.084,40.25,41.999,49.338,56.677,64.016
169,1,-1.6116,19.0701,0.12212,13.078,14.299,15.521,17.058,19.07,21.848,26.011,33.182,40.353,42.088,49.429,56.77,64.111
170,1,-1.602,19.1351,0.12233,13.109,14.337,15.566,17.113,19.135,21.926,26.103,33.279,40.454,42.177,49.521,56.865,64.209
171,1,-1.5921,19.2,0.12253,13.139,14.375,15.611,17.167,19.2,22.004,26.194,33.371,40.547,42.258,49.602,56.946,64.29
172,1,-1.5821,19.2648,0.12272,13.17,14.414,15.657,17.221,19.265,22.081,26.284,33.459,40.634,42.338,49.682,57.026,64.37
173,1,-1.5719,19.3294,0.12291,13.201,14.451,15.702,17.275,19.329,22.158,26.373,33.546,40.718,42.413,49.756,57.099,64.442
174,1,-1.5615,19.3937,0.1231,13.231,14.489,15.747,17.329,19.394,22.235,26.462,33.631,40.8,42.486,49.827,57.168,64.509
175,1,-1.551,19.4578,0.12328,13.261,14.526,15.791,17.382,19.458,22.311,26.549,33.712,40.875,42.555,49.893,57.231,64.569
176,1,-1.5403,19.5217,0.12346,13.29,14.563,15.836,17.435,19.522,22.387,26.635,33.791,40.948,42.621,49.956,57.291,64.626
177,1,-1.5294,19.5853,0.12363,13.319,14.6,15.88,17.489,19.585,22.462,26.72,33.866,41.013,42.685,50.016,57.347,64.678
178,1,-1.5185,19.6486,0.1238,13.348,14.636,15.924,17.541,19.649,22.537,26.804,33.941,41.078,42.743,50.069,57.395,64.721
179,1,-1.5074,19.7117,0.12396,13.377,14.672,15.968,17.594,19.712,22.611,26.887,34.012,41.137,42.799,50.119,57.439,64.759
180,1,-1.4961,19.7744,0.12412,13.405,14.708,16.011,17.647,19.774,22.685,26.969,34.081,41.192,42.852,50.166,57.48,64.794
181,1,-1.4848,19.8367,0.12428,13.433,14.744,16.054,17.699,19.837,22.758,27.051,34.149,41.247,42.905,50.213,57.521,64.829
182,1,-1.4733,19.8987,0.12443,13.461,14.779,16.097,17.75,19.899,22.831,27.13,34.213,41.295,42.95,50.25,57.55,64.85
183,1,-1.4617,19.9603,0.12458,13.488,14.814,16.14,17.802,19.96,22.903,27.21,34.275,41.341,42.995,50.287,57.579,64.871
184,1,-1.45,20.0215,0.12473,13.515,14.848,16.182,17.853,20.022,22.975,27.288,34.337,41.386,43.035,50.318,57.601,64.884
185,1,-1.4382,20.0823,0.12487,13.541,14.882,16.224,17.904,20.082,23.046,27.365,34.395,41.425,43.073,50.347,57.621,64.895
186,1,-1.4263,20.1427,0.12501,13.567,14.916,16.265,17.954,20.143,23.116,27.441,34.452,41.462,43.108,50.372,57.636,64.9
187,1,-1.4143,20.2026,0.12514,13.593,14.95,16.306,18.004,20.203,23.186,27.515,34.505,41.495,43.14,50.393,57.646,64.899
188,1,-1.4022,20.2621,0.12528,13.618,14.982,16.347,18.053,20.262,23.255,27.59,34.559,41.529,43.17,50.413,57.656,64.899
189,1,-1.39,20.3211,0.12541,13.643,15.015,16.387,18.103,20.321,23.324,27.662,34.61,41.558,43.194,50.424,57.654,64.884
190,1,-1.3777,20.3796,0.12554,13.667,15.047,16.427,18.151,20.38,23.391,27.734,34.66,41.585,43.218,50.436,57.654,64.872
191,1,-1.3653,20.4376,0.12567,13.69,15.078,16.466,18.199,20.438,23.459,27.805,34.708,41.611,43.24,50.446,57.652,64.858
192,1,-1.3529,20.4951,0.12579,13.714,15.109,16.505,18.247,20.495,23.525,27.875,34.754,41.632,43.259,50.452,57.645,64.838
193,1,-1.3403,20.5521,0.12591,13.736,15.14,16.543,18.295,20.552,23.591,27.943,34.797,41.651,43.273,50.452,57.631,64.81
194,1,-1.3277,20.6085,0.12603,13.759,15.17,16.581,18.342,20.608,23.656,28.011,34.84,41.67,43.286,50.451,57.616,64.781
195,1,-1.3149,20.6644,0.12615,13.78,15.199,16.619,18.388,20.664,23.721,28.078,34.881,41.685,43.296,50.446,57.596,64.746
196,1,-1.3021,20.7197,0.12627,13.801,15.228,16.656,18.434,20.72,23.785,28.143,34.922,41.7,43.304,50.439,57.574,64.709
197,1,-1.2892,20.7745,0.12638,13.822,15.257,16.692,18.479,20.774,23.847,28.207,34.959,41.711,43.31,50.43,57.55,64.67
198,1,-1.2762,20.8287,0.1265,13.842,15.285,16.728,18.524,20.829,23.91,28.271,34.997,41.723,43.313,50.417,57.521,64.625
199,1,-1.2631,20.8824,0.12661,13.861,15.312,16.763,18.568,20.882,23.972,28.334,35.032,41.73,43.312,50.399,57.486,64.573
200,1,-1.2499,20.9355,0.12672,13.88,15.339,16.798,18.612,20.936,24.032,28.395,35.066,41.736,43.308,50.377,57.446,64.515
201,1,-1.2366,20.9881,0.12683,13.898,15.365,16.833,18.655,20.988,24.093,28.456,35.098,41.741,43.307,50.36,57.413,64.466
202,1,-1.2233,21.04,0.12694,13.916,15.391,16.867,18.698,21.04,24.152,28.515,35.13,41.744,43.3,50.335,57.37,64.405
203,1,-1.2098,21.0914,0.12704,13.933,15.417,16.9,18.741,21.091,24.211,28.573,35.158,41.743,43.293,50.311,57.329,64.347
204,1,-1.1962,21.1423,0.12715,13.95,15.441,16.933,18.782,21.142,24.269,28.63,35.187,41.743,43.279,50.277,57.275,64.273
205,1,-1.1826,21.1925,0.12726,13.965,15.465,16.965,18.823,21.192,24.327,28.687,35.215,41.743,43.268,50.248,57.228,64.208
206,1,-1.1688,21.2423,0.12736,13.981,15.489,16.997,18.864,21.242,24.383,28.742,35.24,41.737,43.253,50.213,57.173,64.133
207,1,-1.155,21.2914,0.12746,13.996,15.512,17.028,18.904,21.291,24.439,28.797,35.264,41.732,43.237,50.178,57.119,64.06
208,1,-1.141,21.34,0.12756,14.01,15.534,17.059,18.944,21.34,24.494,28.85,35.287,41.724,43.218,50.139,57.06,63.981
209,1,-1.127,21.388,0.12767,14.023,15.556,17.089,18.983,21.388,24.549,28.903,35.31,41.718,43.202,50.104,57.006,63.908
210,1,-1.1129,21.4354,0.12777,14.036,15.577,17.118,19.022,21.435,24.603,28.954,35.331,41.708,43.18,50.061,56.942,63.823
211,1,-1.0986,21.4822,0.12787,14.048,15.598,17.147,19.06,21.482,24.656,29.005,35.351,41.697,43.16,50.022,56.884,63.746
212,1,-1.0843,21.5285,0.12797,14.06,15.618,17.176,19.097,21.528,24.708,29.054,35.369,41.685,43.137,49.978,56.819,63.66
213,1,-1.0699,21.5742,0.12807,14.071,15.637,17.204,19.134,21.574,24.76,29.103,35.387,41.671,43.114,49.935,56.756,63.577
214,1,-1.0553,21.6193,0.12816,14.081,15.656,17.231,19.171,21.619,24.811,29.15,35.402,41.653,43.091,49.892,56.693,63.494
215,1,-1.0407,21.6638,0.12826,14.091,15.674,17.258,19.207,21.664,24.861,29.197,35.417,41.638,43.063,49.842,56.621,63.4
216,1,-1.026,21.7077,0.12836,14.1,15.692,17.284,19.242,21.708,24.911,29.243,35.432,41.621,43.038,49.797,56.556,63.315
217,1,-1.0112,21.751,0.12845,14.108,15.709,17.31,19.277,21.751,24.959,29.287,35.443,41.6,43.012,49.75,56.488,63.226
218,1,-0.9962,21.7937,0.12855,14.116,15.725,17.335,19.311,21.794,25.008,29.331,35.455,41.58,42.984,49.701,56.418,63.135
219,1,-0.9812,21.8358,0.12864,14.123,15.741,17.36,19.344,21.836,25.055,29.373,35.465,41.558,42.958,49.655,56.352,63.049
220,1,-0.9661,21.8773,0.12874,14.129,15.756,17.383,19.377,21.877,25.102,29.415,35.476,41.536,42.927,49.602,56.277,62.952
221,1,-0.9509,21.9182,0.12883,14.135,15.771,17.407,19.41,21.918,25.147,29.455,35.483,41.512,42.899,49.554,56.209,62.864
222,1,-0.9356,21.9585,0.12893,14.14,15.784,17.429,19.442,21.958,25.193,29.496,35.492,41.488,42.868,49.501,56.134,62.767
223,1,-0.9202,21.9982,0.12902,14.144,15.798,17.452,19.473,21.998,25.237,29.534,35.498,41.461,42.842,49.456,56.07,62.684
224,1,-0.9048,22.0374,0.12911,14.148,15.811,17.473,19.504,22.037,25.281,29.572,35.503,41.434,42.812,49.405,55.998,62.591
225,1,-0.8892,22.076,0.1292,14.151,15.823,17.495,19.535,22.076,25.324,29.609,35.507,41.406,42.781,49.353,55.925,62.497
226,1,-0.8735,22.114,0.1293,14.153,15.834,17.515,19.564,22.114,25.366,29.646,35.512,41.378,42.751,49.302,55.853,62.404
227,1,-0.8578,22.1514,0.12939,14.155,15.845,17.535,19.594,22.151,25.408,29.681,35.515,41.348,42.721,49.252,55.783,62.314
228,1,-0.8419,22.1883,0.12948,14.156,15.855,17.554,19.622,22.188,25.449,29.716,35.516,41.317,42.688,49.197,55.706,62.215
0,2,-0.0631,13.3363,0.09272,9.154,10.122,11.091,12.159,13.336,14.636,16.071,17.657,19.242,23.822,26.304,28.786,31.268
1,2,0.3481,14.5422,0.09559,9.569,10.75,11.932,13.195,14.542,15.976,17.499,19.114,20.728,23.92,26.437,28.954,31.471
2,2,0.1743,15.7713,0.09371,10.608,11.822,13.035,14.349,15.771,17.308,18.965,20.752,22.539,24.021,26.574,29.127,31.68
3,2,0.0652,16.3531,0.09255,11.14,12.357,13.574,14.903,16.353,17.934,19.657,21.533,23.409,24.124,26.713,29.302,31.891
4,2,-0.0173,16.6647,0.09168,11.455,12.666,13.877,15.206,16.665,18.266,20.024,21.955,23.885,24.229,26.855,29.481,32.107
5,2,-0.086,16.8379,0.09096,11.657,12.857,14.057,15.379,16.838,18.448,20.226,22.193,24.159,24.337,27.001,29.665,32.329
6,2,-0.1418,16.9077,0.09037,11.772,12.958,14.144,15.456,16.908,18.518,20.305,22.292,24.279,24.448,27.151,29.854,32.557
7,2,-0.19,16.9033,0.08986,11.826,12.996,14.165,15.462,16.903,18.507,20.295,22.292,24.29,24.561,27.303,30.045,32.787
8,2,-0.2337,16.8417,0.08939,11.833,12.984,14.136,15.416,16.842,18.434,20.216,22.216,24.215,24.678,27.461,30.244,33.027
9,2,-0.2714,16.7441,0.08899,11.807,12.94,14.073,15.335,16.744,18.322,20.095,22.091,24.088,24.798,27.623,30.448,33.273
10,2,-0.3053,16.6242,0.08863,11.76,12.874,13.988,15.232,16.624,18.187,19.947,21.937,23.926,24.917,27.783,30.649,33.515
11,2,-0.3373,16.491,0.08828,11.7,12.796,13.892,15.117,16.491,18.037,19.784,21.764,23.744,25.042,27.951,30.86,33.769
12,2,-0.3656,16.3621,0.08798,11.639,12.718,13.797,15.005,16.362,17.893,19.626,21.596,23.567,25.17,28.123,31.076,34.029
13,2,-0.3926,16.2339,0.08769,11.576,12.639,13.701,14.893,16.234,17.749,19.469,21.43,23.39,25.301,28.299,31.297,34.295
14,2,-0.4169,16.117,0.08742,11.518,12.566,13.614,14.791,16.117,17.618,19.325,21.277,23.228,25.435,28.479,31.523,34.567
15,2,-0.4396,16.0083,0.08718,11.463,12.498,13.533,14.696,16.008,17.497,19.192,21.135,23.078,25.571,28.661,31.751,34.841
16,2,-0.4616,15.9049,0.08694,11.411,12.433,13.455,14.605,15.905,17.381,19.066,21.0,22.935,25.712,28.85,31.988,35.126
17,2,-0.4816,15.8137,0.08672,11.365,12.376,13.387,14.526,15.814,17.278,18.954,20.881,22.808,25.854,29.04,32.226,35.412
18,2,-0.5006,15.7312,0.08651,11.324,12.325,13.326,14.454,15.731,17.186,18.852,20.773,22.694,26.003,29.24,32.477,35.714
19,2,-0.5192,15.6547,0.08631,11.287,12.278,13.269,14.387,15.655,17.1,18.758,20.673,22.589,26.15,29.436,32.722,36.008
20,2,-0.5363,15.589,0.08613,11.256,12.238,13.221,14.33,15.589,17.026,18.677,20.588,22.499,26.304,29.642,32.98,36.318
21,2,-0.5526,15.5316,0.08595,11.23,12.205,13.179,14.281,15.532,16.961,18.606,20.513,22.419,26.462,29.853,33.244,36.635
22,2,-0.5687,15.4811,0.08577,11.209,12.176,13.144,14.237,15.481,16.904,18.543,20.447,22.35,26.622,30.066,33.51,36.954
23,2,-0.5836,15.4405,0.08561,11.193,12.154,13.116,14.203,15.44,16.858,18.493,20.394,22.295,26.785,30.283,33.781,37.279
24,2,-0.5979,15.4072,0.08546,11.182,12.138,13.093,14.175,15.407,16.82,18.451,20.351,22.251,26.953,30.507,34.061,37.615
25,2,-0.5684,15.6608,0.08452,11.389,12.358,13.327,14.42,15.661,17.078,18.707,20.593,22.48,27.121,30.73,34.339,37.948
26,2,-0.5684,15.6329,0.08449,11.37,12.337,13.304,14.395,15.633,17.047,18.672,20.554,22.437,27.295,30.961,34.627,38.293
27,2,-0.5684,15.6062,0.08447,11.351,12.316,13.281,14.37,15.606,17.017,18.639,20.518,22.396,27.475,31.201,34.927,38.653
28,2,-0.5684,15.5796,0.08444,11.333,12.296,13.259,14.346,15.58,16.988,18.606,20.481,22.355,27.653,31.437,35.221,39.005
29,2,-0.5684,15.5545,0.08443,11.315,12.277,13.238,14.323,15.554,16.96,18.576,20.447,22.318,27.839,31.684,35.529,39.374
30,2,-0.5684,15.5301,0.08444,11.297,12.257,13.217,14.301,15.53,16.934,18.547,20.416,22.284,28.024,31.929,35.834,39.739
31,2,-0.5684,15.5054,0.08447,11.278,12.237,13.195,14.277,15.505,16.907,18.519,20.385,22.252,28.211,32.176,36.141,40.106
32,2,-0.5684,15.4821,0.08454,11.258,12.216,13.174,14.255,15.482,16.883,18.494,20.36,22.225,28.405,32.433,36.461,40.489
33,2,-0.5684,15.4597,0.08465,11.238,12.195,13.152,14.233,15.46,16.861,18.472,20.338,22.204,28.602,32.694,36.786,40.878
34,2,-0.5684,15.4376,0.08482,11.215,12.172,13.129,14.21,15.438,16.84,18.452,20.321,22.19,28.799,32.954,37.109,41.264
35,2,-0.5684,15.4176,0.08504,11.192,12.149,13.107,14.189,15.418,16.822,18.437,20.31,22.183,29.001,33.221,37.441,41.661
36,2,-0.5684,15.3984,0.08532,11.166,12.125,13.084,14.167,15.398,16.806,18.426,20.305,22.184,29.202,33.486,37.77,42.054
37,2,-0.5684,15.3813,0.08565,11.141,12.101,13.062,14.147,15.381,16.793,18.419,20.306,22.193,29.409,33.759,38.109,42.459
38,2,-0.5684,15.3656,0.08604,11.114,12.077,13.039,14.128,15.366,16.783,18.416,20.313,22.21,29.616,34.032,38.448,42.864
39,2,-0.5684,15.3507,0.08649,11.086,12.051,13.016,14.108,15.351,16.774,18.416,20.326,22.235,29.828,34.311,38.794,43.277
40,2,-0.5684,15.3373,0.08698,11.057,12.025,12.993,14.089,15.337,16.768,18.42,20.343,22.265,30.042,34.593,39.144,43.695
41,2,-0.5684,15.3248,0.0875,11.028,11.999,12.97,14.07,15.325,16.764,18.427,20.364,22.301,30.257,34.876,39.495,44.114
42,2,-0.5684,15.3128,0.08807,10.997,11.972,12.946,14.052,15.313,16.761,18.436,20.389,22.342,30.472,35.158,39.844,44.53
43,2,-0.5684,15.302,0.08864,10.967,11.945,12.924,14.034,15.302,16.759,18.446,20.415,22.385,30.687,35.44,40.193,44.946
44,2,-0.5684,15.2919,0.08923,10.937,11.919,12.902,14.017,15.292,16.758,18.458,20.444,22.431,30.907,35.729,40.551,45.373
45,2,-0.5684,15.2824,0.08984,10.906,11.893,12.879,14.0,15.282,16.759,18.472,20.476,22.48,31.126,36.016,40.906,45.796
46,2,-0.5684,15.2742,0.09043,10.878,11.868,12.859,13.985,15.274,16.76,18.486,20.508,22.53,31.347,36.306,41.265,46.224
47,2,-0.5684,15.2671,0.09101,10.851,11.845,12.839,13.971,15.267,16.763,18.501,20.541,22.58,31.565,36.591,41.617,46.643
48,2,-0.5684,15.2609,0.09161,10.823,11.822,12.82,13.957,15.261,16.766,18.519,20.576,22.633,31.785,36.878,41.971,47.064
49,2,-0.5684,15.2562,0.09219,10.798,11.8,12.803,13.945,15.256,16.771,18.537,20.612,22.687,32.006,37.167,42.328,47.489
50,2,-0.5684,15.2527,0.09277,10.773,11.78,12.786,13.934,15.253,16.778,18.557,20.65,22.743,32.226,37.454,42.682,47.91
51,2,-0.5684,15.2505,0.09337,10.749,11.76,12.77,13.924,15.25,16.786,18.579,20.691,22.804,32.447,37.742,43.037,48.332
52,2,-0.5684,15.2497,0.09394,10.727,11.742,12.757,13.916,15.25,16.795,18.602,20.732,22.863,32.666,38.027,43.388,48.749
53,2,-0.5684,15.25,0.0945,10.706,11.725,12.744,13.909,15.25,16.806,18.625,20.774,22.923,32.887,38.315,43.743,49.171
54,2,-0.5684,15.2515,0.09507,10.686,11.709,12.732,13.903,15.252,16.817,18.651,20.819,22.987,33.104,38.596,44.088,49.58
55,2,-0.5684,15.2539,0.09559,10.668,11.695,12.722,13.898,15.254,16.829,18.676,20.861,23.046,33.322,38.879,44.436,49.993
56,2,-0.5684,15.2569,0.09609,10.651,11.682,12.713,13.894,15.257,16.841,18.7,20.902,23.104,33.538,39.158,44.778,50.398
57,2,-0.5684,15.2606,0.09657,10.636,11.671,12.705,13.891,15.261,16.854,18.725,20.944,23.162,33.754,39.437,45.12,50.803
58,2,-0.5684,15.2646,0.09701,10.623,11.661,12.699,13.889,15.265,16.866,18.748,20.982,23.216,33.973,39.72,45.467,51.214
59,2,-0.5684,15.2691,0.09744,10.61,11.651,12.692,13.888,15.269,16.879,18.772,21.021,23.269,34.186,39.994,45.802,51.61
60,2,-0.5684,15.2738,0.09782,10.599,11.643,12.688,13.887,15.274,16.891,18.794,21.056,23.318,34.399,40.267,46.135,52.003
61,2,-0.8886,15.2441,0.09692,10.793,11.77,12.748,13.891,15.244,16.87,18.858,21.34,23.821,23.822,26.304,28.786,31.268
62,2,-0.9068,15.2434,0.09738,10.786,11.763,12.741,13.885,15.243,16.879,18.886,21.403,23.92,23.92,26.437,28.954,31.471
63,2,-0.9248,15.2433,0.09783,10.78,11.757,12.734,13.881,15.243,16.889,18.915,21.468,24.02,24.021,26.574,29.127,31.68
64,2,-0.9427,15.2438,0.09829,10.775,11.752,12.728,13.876,15.244,16.9,18.946,21.535,24.123,24.124,26.713,29.302,31.891
65,2,-0.9605,15.2448,0.09875,10.77,11.746,12.723,13.872,15.245,16.911,18.977,21.603,24.23,24.229,26.855,29.481,32.107
66,2,-0.978,15.2464,0.0992,10.765,11.742,12.718,13.869,15.246,16.923,19.009,21.673,24.337,24.337,27.001,29.665,32.329
67,2,-0.9954,15.2487,0.09966,10.761,11.737,12.714,13.866,15.249,16.936,19.042,21.745,24.448,24.448,27.151,29.854,32.557
68,2,-1.0126,15.2516,0.10012,10.757,11.733,12.71,13.864,15.252,16.95,19.077,21.819,24.561,24.561,27.303,30.045,32.787
69,2,-1.0296,15.2551,0.10058,10.754,11.73,12.706,13.863,15.255,16.964,19.112,21.895,24.678,24.678,27.461,30.244,33.027
70,2,-1.0464,15.2592,0.10104,10.751,11.727,12.703,13.862,15.259,16.979,19.148,21.973,24.797,24.798,27.623,30.448,33.273
71,2,-1.063,15.2641,0.10149,10.749,11.725,12.701,13.862,15.264,16.995,19.185,22.051,24.917,24.917,27.783,30.649,33.515
72,2,-1.0794,15.2697,0.10195,10.747,11.723,12.7,13.862,15.27,17.011,19.224,22.133,25.042,25.042,27.951,30.86,33.769
73,2,-1.0956,15.276,0.10241,10.745,11.722,12.699,13.863,15.276,17.029,19.264,22.217,25.17,25.17,28.123,31.076,34.029
74,2,-1.1115,15.2831,0.10287,10.744,11.721,12.698,13.865,15.283,17.047,19.305,22.303,25.301,25.301,28.299,31.297,34.295
75,2,-1.1272,15.2911,0.10333,10.744,11.721,12.699,13.867,15.291,17.067,19.347,22.391,25.435,25.435,28.479,31.523,34.567
76,2,-1.1427,15.2998,0.10379,10.744,11.722,12.7,13.87,15.3,17.087,19.391,22.481,25.572,25.571,28.661,31.751,34.841
77,2,-1.1579,15.3095,0.10425,10.745,11.723,12.701,13.874,15.31,17.108,19.436,22.574,25.712,25.712,28.85,31.988,35.126
78,2,-1.1728,15.32,0.10471,10.746,11.725,12.704,13.879,15.32,17.131,19.482,22.668,25.855,25.854,29.04,32.226,35.412
79,2,-1.1875,15.3314,0.10517,10.748,11.727,12.707,13.885,15.331,17.154,19.529,22.766,26.002,26.003,29.24,32.477,35.714
80,2,-1.2019,15.3439,0.10562,10.751,11.731,12.711,13.892,15.344,17.179,19.578,22.864,26.15,26.15,29.436,32.722,36.008
81,2,-1.216,15.3572,0.10608,10.754,11.735,12.716,13.899,15.357,17.204,19.628,22.966,26.304,26.304,29.642,32.98,36.318
82,2,-1.2298,15.3717,0.10654,10.758,11.74,12.721,13.907,15.372,17.231,19.68,23.071,26.461,26.462,29.853,33.244,36.635
83,2,-1.2433,15.3871,0.107,10.762,11.745,12.728,13.916,15.387,17.259,19.734,23.178,26.621,26.622,30.066,33.51,36.954
84,2,-1.2565,15.4036,0.10746,10.767,11.751,12.735,13.927,15.404,17.289,19.789,23.287,26.785,26.785,30.283,33.781,37.279
85,2,-1.2693,15.4211,0.10792,10.773,11.758,12.743,13.938,15.421,17.319,19.845,23.399,26.953,26.953,30.507,34.061,37.615
86,2,-1.2819,15.4397,0.10837,10.779,11.766,12.752,13.95,15.44,17.35,19.903,23.512,27.122,27.121,30.73,34.339,37.948
87,2,-1.2941,15.4593,0.10883,10.786,11.774,12.762,13.963,15.459,17.383,19.963,23.629,27.296,27.295,30.961,34.627,38.293
88,2,-1.306,15.4798,0.10929,10.793,11.783,12.772,13.976,15.48,17.417,20.023,23.749,27.474,27.475,31.201,34.927,38.653
89,2,-1.3175,15.5014,0.10974,10.802,11.793,12.783,13.991,15.501,17.452,20.085,23.869,27.653,27.653,31.437,35.221,39.005
90,2,-1.3287,15.524,0.1102,10.81,11.803,12.795,14.007,15.524,17.488,20.149,23.994,27.838,27.839,31.684,35.529,39.374
91,2,-1.3395,15.5476,0.11065,10.82,11.814,12.808,14.023,15.548,17.526,20.214,24.119,28.023,28.024,31.929,35.834,39.739
92,2,-1.3499,15.5723,0.1111,10.83,11.826,12.822,14.041,15.572,17.564,20.281,24.246,28.212,28.211,32.176,36.141,40.106
93,2,-1.36,15.5979,0.11156,10.84,11.838,12.836,14.059,15.598,17.604,20.349,24.377,28.406,28.405,32.433,36.461,40.489
94,2,-1.3697,15.6246,0.11201,10.851,11.851,12.852,14.078,15.625,17.645,20.418,24.51,28.601,28.602,32.694,36.786,40.878
95,2,-1.379,15.6523,0.11246,10.862,11.865,12.868,14.099,15.652,17.687,20.489,24.644,28.799,28.799,32.954,37.109,41.264
96,2,-1.388,15.681,0.11291,10.874,11.879,12.884,14.12,15.681,17.73,20.561,24.781,29.001,29.001,33.221,37.441,41.661
97,2,-1.3966,15.7107,0.11335,10.887,11.895,12.902,14.142,15.711,17.774,20.634,24.918,29.203,29.202,33.486,37.77,42.054
98,2,-1.4047,15.7415,0.1138,10.9,11.91,12.92,14.164,15.742,17.82,20.709,25.059,29.409,29.409,33.759,38.109,42.459
99,2,-1.4125,15.7732,0.11424,10.914,11.927,12.94,14.188,15.773,17.866,20.784,25.2,29.617,29.616,34.032,38.448,42.864
100,2,-1.4199,15.8058,0.11469,10.928,11.944,12.959,14.212,15.806,17.914,20.862,25.345,29.829,29.828,34.311,38.794,43.277
101,2,-1.427,15.8394,0.11513,10.943,11.962,12.98,14.238,15.839,17.962,20.94,25.491,30.042,30.042,34.593,39.144,43.695
102,2,-1.4336,15.8738,0.11557,10.958,11.98,13.001,14.264,15.874,18.012,21.019,25.638,30.256,30.257,34.876,39.495,44.114
103,2,-1.4398,15.909,0.11601,10.974,11.998,13.023,14.291,15.909,18.062,21.1,25.786,30.472,30.472,35.158,39.844,44.53
104,2,-1.4456,15.9451,0.11644,10.99,12.018,13.045,14.318,15.945,18.113,21.181,25.934,30.688,30.687,35.44,40.193,44.946
105,2,-1.4511,15.9818,0.11688,11.006,12.037,13.068,14.346,15.982,18.166,21.263,26.085,30.908,30.907,35.729,40.551,45.373
106,2,-1.4561,16.0194,0.11731,11.023,12.057,13.092,14.375,16.019,18.219,21.346,26.236,31.127,31.126,36.016,40.906,45.796
107,2,-1.4607,16.0575,0.11774,11.04,12.078,13.115,14.404,16.058,18.272,21.429,26.388,31.346,31.347,36.306,41.265,46.224
108,2,-1.465,16.0964,0.11816,11.057,12.099,13.14,14.434,16.096,18.326,21.513,26.539,31.565,31.565,36.591,41.617,46.643
109,2,-1.4688,16.1358,0.11859,11.075,12.12,13.165,14.465,16.136,18.381,21.599,26.692,31.786,31.785,36.878,41.971,47.064
110,2,-1.4723,16.1759,0.11901,11.092,12.141,13.19,14.496,16.176,18.437,21.684,26.845,32.007,32.006,37.167,42.328,47.489
111,2,-1.4753,16.2166,0.11943,11.11,12.163,13.216,14.527,16.217,18.493,21.77,26.998,32.227,32.226,37.454,42.682,47.91
112,2,-1.478,16.258,0.11985,11.128,12.185,13.242,14.559,16.258,18.551,21.857,27.152,32.448,32.447,37.742,43.037,48.332
113,2,-1.4803,16.2999,0.12026,11.147,12.208,13.269,14.592,16.3,18.608,21.944,27.305,32.666,32.666,38.027,43.388,48.749
114,2,-1.4823,16.3425,0.12067,11.166,12.231,13.296,14.625,16.343,18.666,22.031,27.459,32.886,32.887,38.315,43.743,49.171
115,2,-1.4838,16.3858,0.12108,11.185,12.254,13.323,14.659,16.386,18.725,22.12,27.612,33.104,33.104,38.596,44.088,49.58
116,2,-1.485,16.4298,0.12148,11.204,12.278,13.352,14.694,16.43,18.785,22.208,27.765,33.321,33.322,38.879,44.436,49.993
117,2,-1.4859,16.4746,0.12188,11.224,12.302,13.38,14.729,16.475,18.846,22.298,27.918,33.538,33.538,39.158,44.778,50.398
118,2,-1.4864,16.52,0.12228,11.244,12.327,13.41,14.764,16.52,18.907,22.388,28.071,33.755,33.754,39.437,45.12,50.803
119,2,-1.4866,16.5663,0.12268,11.265,12.352,13.439,14.801,16.566,18.969,22.479,28.226,33.972,33.973,39.72,45.467,51.214
120,2,-1.4864,16.6133,0.12307,11.285,12.378,13.47,14.838,16.613,19.032,22.57,28.378,34.185,34.186,39.994,45.802,51.61
121,2,-1.4859,16.6612,0.12346,11.307,12.404,13.501,14.876,16.661,19.096,22.663,28.531,34.399,34.399,40.267,46.135,52.003
122,2,-1.4851,16.71,0.12384,11.328,12.43,13.533,14.914,16.71,19.161,22.755,28.683,34.61,34.611,40.539,46.467,52.395
123,2,-1.4839,16.7595,0.12422,11.35,12.458,13.565,14.954,16.76,19.226,22.849,28.834,34.82,34.819,40.804,46.789,52.774
124,2,-1.4825,16.81,0.1246,11.373,12.485,13.598,14.994,16.81,19.293,22.943,28.987,35.031,35.031,41.075,47.119,53.163
125,2,-1.4807,16.8614,0.12497,11.396,12.514,13.631,15.035,16.861,19.36,23.038,29.138,35.238,35.238,41.338,47.438,53.538
126,2,-1.4787,16.9136,0.12534,11.419,12.542,13.666,15.076,16.914,19.429,23.134,29.29,35.445,35.446,41.602,47.758,53.914
127,2,-1.4763,16.9667,0.12571,11.443,12.572,13.7,15.119,16.967,19.498,23.231,29.441,35.651,35.651,41.861,48.071,54.281
128,2,-1.4737,17.0208,0.12607,11.467,12.602,13.736,15.162,17.021,19.568,23.328,29.591,35.854,35.854,42.117,48.38,54.643
129,2,-1.4708,17.0757,0.12643,11.492,12.632,13.772,15.206,17.076,19.639,23.426,29.742,36.057,36.058,42.374,48.69,55.006
130,2,-1.4677,17.1316,0.12678,11.517,12.663,13.81,15.251,17.132,19.712,23.525,29.891,36.257,36.257,42.623,48.989,55.355
131,2,-1.4642,17.1883,0.12713,11.543,12.695,13.847,15.297,17.188,19.785,23.624,30.039,36.454,36.454,42.869,49.284,55.699
132,2,-1.4606,17.2459,0.12748,11.569,12.727,13.885,15.343,17.246,19.859,23.725,30.189,36.653,36.653,43.117,49.581,56.045
133,2,-1.4567,17.3044,0.12782,11.595,12.76,13.925,15.39,17.304,19.933,23.825,30.336,36.847,36.847,43.358,49.869,56.38
134,2,-1.4526,17.3637,0.12816,11.622,12.793,13.964,15.438,17.364,20.009,23.927,30.484,37.042,37.041,43.598,50.155,56.712
135,2,-1.4482,17.4238,0.12849,11.65,12.827,14.004,15.487,17.424,20.086,24.029,30.63,37.231,37.231,43.832,50.433,57.034
136,2,-1.4436,17.4847,0.12882,11.677,12.861,14.045,15.536,17.485,20.163,24.131,30.776,37.42,37.421,44.066,50.711,57.356
137,2,-1.4389,17.5464,0.12914,11.706,12.896,14.087,15.586,17.546,20.241,24.234,30.92,37.606,37.606,44.292,50.978,57.664
138,2,-1.4339,17.6088,0.12946,11.734,12.931,14.129,15.637,17.609,20.32,24.338,31.064,37.79,37.79,44.516,51.242,57.968
139,2,-1.4288,17.6719,0.12978,11.763,12.967,14.171,15.688,17.672,20.4,24.442,31.209,37.975,37.976,44.743,51.51,58.277
140,2,-1.4235,17.7357,0.13009,11.792,13.003,14.214,15.74,17.736,20.48,24.546,31.351,38.155,38.156,44.961,51.766,58.571
141,2,-1.418,17.8001,0.1304,11.822,13.04,14.258,15.793,17.8,20.561,24.651,31.493,38.335,38.335,45.177,52.019,58.861
142,2,-1.4123,17.8651,0.1307,11.852,13.077,14.302,15.846,17.865,20.642,24.756,31.633,38.509,38.51,45.387,52.264,59.141
143,2,-1.4065,17.9306,0.13099,11.882,13.114,14.346,15.899,17.931,20.724,24.861,31.77,38.68,38.679,45.588,52.497,59.406
144,2,-1.4006,17.9966,0.13129,11.912,13.151,14.391,15.953,17.997,20.806,24.967,31.91,38.854,38.853,45.796,52.739,59.682
145,2,-1.3945,18.063,0.13158,11.942,13.189,14.436,16.008,18.063,20.889,25.072,32.047,39.023,39.022,45.997,52.972,59.947
146,2,-1.3883,18.1297,0.13186,11.973,13.227,14.481,16.062,18.13,20.972,25.177,32.182,39.187,39.187,46.192,53.197,60.202
147,2,-1.3819,18.1967,0.13214,12.003,13.265,14.526,16.117,18.197,21.055,25.282,32.316,39.35,39.35,46.384,53.418,60.452
148,2,-1.3755,18.2639,0.13241,12.034,13.303,14.572,16.172,18.264,21.138,25.387,32.448,39.509,39.509,46.57,53.631,60.692
149,2,-1.3689,18.3312,0.13268,12.065,13.341,14.618,16.227,18.331,21.222,25.491,32.579,39.666,39.667,46.755,53.843,60.931
150,2,-1.3621,18.3986,0.13295,12.095,13.379,14.663,16.282,18.399,21.305,25.596,32.708,39.82,39.82,46.932,54.044,61.156
151,2,-1.3553,18.466,0.13321,12.126,13.418,14.709,16.338,18.466,21.388,25.699,32.835,39.97,39.971,47.107,54.243,61.379
152,2,-1.3483,18.5333,0.13347,12.156,13.456,14.755,16.393,18.533,21.471,25.802,32.96,40.118,40.118,47.276,54.434,61.592
153,2,-1.3413,18.6006,0.13372,12.187,13.494,14.8,16.448,18.601,21.554,25.905,33.083,40.261,40.261,47.439,54.617,61.795
154,2,-1.3341,18.6677,0.13397,12.217,13.531,14.846,16.503,18.668,21.637,26.007,33.204,40.402,40.401,47.598,54.795,61.992
155,2,-1.3269,18.7346,0.13421,12.247,13.569,14.891,16.558,18.735,21.719,26.107,33.322,40.538,40.537,47.752,54.967,62.182
156,2,-1.3195,18.8012,0.13445,12.276,13.606,14.936,16.612,18.801,21.8,26.207,33.439,40.67,40.671,47.903,55.135,62.367
157,2,-1.3121,18.8675,0.13469,12.305,13.643,14.981,16.667,18.868,21.882,26.307,33.554,40.802,40.801,48.048,55.295,62.542
158,2,-1.3046,18.9335,0.13492,12.335,13.68,15.025,16.721,18.934,21.962,26.405,33.666,40.928,40.927,48.188,55.449,62.71
159,2,-1.297,18.9991,0.13514,12.364,13.717,15.07,16.775,18.999,22.042,26.501,33.775,41.048,41.049,48.323,55.597,62.871
160,2,-1.2894,19.0642,0.13537,12.392,13.753,15.113,16.828,19.064,22.122,26.598,33.884,41.171,41.17,48.456,55.742,63.028
161,2,-1.2816,19.1289,0.13559,12.42,13.788,15.157,16.881,19.129,22.201,26.693,33.989,41.286,41.285,48.581,55.877,63.173
162,2,-1.2739,19.1931,0.1358,12.447,13.824,15.2,16.934,19.193,22.279,26.786,34.092,41.397,41.398,48.704,56.01,63.316
163,2,-1.2661,19.2567,0.13601,12.475,13.859,15.243,16.986,19.257,22.357,26.879,34.192,41.506,41.505,48.818,56.131,63.444
164,2,-1.2583,19.3197,0.13622,12.501,13.893,15.285,17.037,19.32,22.433,26.97,34.292,41.614,41.614,48.936,56.258,63.58
165,2,-1.2504,19.382,0.13642,12.528,13.927,15.327,17.088,19.382,22.509,27.06,34.387,41.714,41.714,49.041,56.368,63.695
166,2,-1.2425,19.4437,0.13662,12.554,13.961,15.368,17.139,19.444,22.584,27.149,34.481,41.814,41.813,49.145,56.477,63.809
167,2,-1.2345,19.5045,0.13681,12.579,13.994,15.408,17.188,19.504,22.658,27.235,34.571,41.907,41.907,49.243,56.579,63.915
168,2,-1.2266,19.5647,0.137,12.604,14.026,15.448,17.238,19.565,22.731,27.321,34.66,41.999,41.999,49.338,56.677,64.016
169,2,-1.2186,19.624,0.13719,12.628,14.058,15.488,17.286,19.624,22.803,27.406,34.747,42.088,42.088,49.429,56.77,64.111
170,2,-1.2107,19.6824,0.13738,12.652,14.089,15.526,17.334,19.682,22.874,27.489,34.833,42.176,42.177,49.521,56.865,64.209
171,2,-1.2027,19.74,0.13756,12.675,14.119,15.564,17.38,19.74,22.943,27.57,34.914,42.258,42.258,49.602,56.946,64.29
172,2,-1.1947,19.7966,0.13774,12.697,14.149,15.601,17.427,19.797,23.012,27.65,34.994,42.338,42.338,49.682,57.026,64.37
173,2,-1.1867,19.8523,0.13791,12.719,14.179,15.638,17.472,19.852,23.079,27.727,35.07,42.412,42.413,49.756,57.099,64.442
174,2,-1.1788,19.907,0.13808,12.74,14.207,15.674,17.516,19.907,23.145,27.804,35.145,42.485,42.486,49.827,57.168,64.509
175,2,-1.1708,19.9607,0.13825,12.761,14.235,15.709,17.56,19.961,23.21,27.879,35.217,42.555,42.555,49.893,57.231,64.569
176,2,-1.1629,20.0133,0.13841,12.781,14.262,15.743,17.603,20.013,23.273,27.951,35.286,42.621,42.621,49.956,57.291,64.626
177,2,-1.1549,20.0648,0.13858,12.8,14.288,15.776,17.644,20.065,23.336,28.023,35.354,42.685,42.685,50.016,57.347,64.678
178,2,-1.147,20.1152,0.13873,12.819,14.314,15.809,17.685,20.115,23.396,28.091,35.417,42.743,42.743,50.069,57.395,64.721
179,2,-1.139,20.1644,0.13889,12.836,14.338,15.841,17.725,20.164,23.456,28.159,35.479,42.8,42.799,50.119,57.439,64.759
180,2,-1.1311,20.2125,0.13904,12.853,14.362,15.871,17.764,20.212,23.514,28.224,35.538,42.852,42.852,50.166,57.48,64.794
181,2,-1.1232,20.2595,0.1392,12.869,14.385,15.901,17.802,20.26,23.57,28.289,35.597,42.905,42.905,50.213,57.521,64.829
182,2,-1.1153,20.3053,0.13934,12.885,14.408,15.93,17.839,20.305,23.625,28.35,35.65,42.95,42.95,50.25,57.55,64.85
183,2,-1.1074,20.3499,0.13949,12.9,14.429,15.958,17.874,20.35,23.679,28.411,35.703,42.995,42.995,50.287,57.579,64.871
184,2,-1.0996,20.3934,0.13963,12.914,14.45,15.985,17.909,20.393,23.731,28.469,35.752,43.036,43.035,50.318,57.601,64.884
185,2,-1.0917,20.4357,0.13977,12.927,14.469,16.012,17.943,20.436,23.782,28.525,35.799,43.073,43.073,50.347,57.621,64.895
186,2,-1.0838,20.4769,0.13991,12.94,14.488,16.037,17.976,20.477,23.832,28.58,35.844,43.108,43.108,50.372,57.636,64.9
187,2,-1.076,20.517,0.14005,12.952,14.507,16.062,18.008,20.517,23.88,28.634,35.887,43.141,43.14,50.393,57.646,64.899
188,2,-1.0681,20.556,0.14018,12.963,14.524,16.085,18.039,20.556,23.927,28.684,35.927,43.169,43.17,50.413,57.656,64.899
189,2,-1.0603,20.5938,0.14031,12.973,14.541,16.108,18.069,20.594,23.972,28.734,35.964,43.195,43.194,50.424,57.654,64.884
190,2,-1.0525,20.6306,0.14044,12.983,14.557,16.13,18.098,20.631,24.017,28.782,36.0,43.219,43.218,50.436,57.654,64.872
191,2,-1.0447,20.6663,0.14057,12.992,14.572,16.151,18.126,20.666,24.06,28.828,36.034,43.241,43.24,50.446,57.652,64.858
192,2,-1.0368,20.7008,0.1407,13.0,14.586,16.172,18.153,20.701,24.101,28.873,36.066,43.259,43.259,50.452,57.645,64.838
193,2,-1.029,20.7344,0.14082,13.008,14.6,16.191,18.179,20.734,24.141,28.915,36.094,43.274,43.273,50.452,57.631,64.81
194,2,-1.0212,20.7668,0.14094,13.015,14.613,16.21,18.205,20.767,24.18,28.956,36.121,43.286,43.286,50.451,57.616,64.781
195,2,-1.0134,20.7982,0.14106,13.022,14.625,16.228,18.229,20.798,24.218,28.996,36.146,43.296,43.296,50.446,57.596,64.746
196,2,-1.0055,20.8286,0.14118,13.027,14.636,16.245,18.253,20.829,24.254,29.034,36.169,43.304,43.304,50.439,57.574,64.709
197,2,-0.9977,20.858,0.1413,13.032,14.647,16.261,18.275,20.858,24.29,29.07,36.19,43.31,43.31,50.43,57.55,64.67
198,2,-0.9898,20.8863,0.14142,13.036,14.656,16.277,18.297,20.886,24.324,29.105,36.209,43.313,43.313,50.417,57.521,64.625
199,2,-0.9819,20.9137,0.14153,13.04,14.666,16.291,18.318,20.914,24.356,29.138,36.225,43.312,43.312,50.399,57.486,64.573
200,2,-0.974,20.9401,0.14164,13.043,14.674,16.305,18.338,20.94,24.388,29.17,36.239,43.309,43.308,50.377,57.446,64.515
201,2,-0.9661,20.9656,0.14176,13.045,14.682,16.318,18.357,20.966,24.418,29.201,36.254,43.307,43.307,50.36,57.413,64.466
202,2,-0.9582,20.9901,0.14187,13.047,14.689,16.331,18.376,20.99,24.448,29.23,36.265,43.3,43.3,50.335,57.37,64.405
203,2,-0.9503,21.0138,0.14198,13.048,14.695,16.343,18.393,21.014,24.476,29.257,36.275,43.292,43.293,50.311,57.329,64.347
204,2,-0.9423,21.0367,0.14208,13.049,14.701,16.354,18.411,21.037,24.503,29.283,36.281,43.279,43.279,50.277,57.275,64.273
205,2,-0.9344,21.0587,0.14219,13.049,14.707,16.365,18.427,21.059,24.53,29.308,36.288,43.268,43.268,50.248,57.228,64.208
206,2,-0.9264,21.0801,0.1423,13.048,14.711,16.375,18.443,21.08,24.555,29.333,36.293,43.254,43.253,50.213,57.173,64.133
207,2,-0.9184,21.1007,0.1424,13.047,14.716,16.384,18.458,21.101,24.58,29.355,36.296,43.237,43.237,50.178,57.119,64.06
208,2,-0.9104,21.1206,0.1425,13.046,14.719,16.393,18.472,21.121,24.603,29.376,36.297,43.218,43.218,50.139,57.06,63.981
209,2,-0.9024,21.1399,0.14261,13.044,14.722,16.401,18.486,21.14,24.626,29.398,36.3,43.202,43.202,50.104,57.006,63.908
210,2,-0.8944,21.1586,0.14271,13.042,14.725,16.409,18.499,21.159,24.649,29.418,36.299,43.181,43.18,50.061,56.942,63.823
211,2,-0.8863,21.1768,0.14281,13.039,14.728,16.417,18.512,21.177,24.67,29.436,36.298,43.159,43.16,50.022,56.884,63.746
212,2,-0.8783,21.1944,0.14291,13.036,14.73,16.424,18.525,21.194,24.691,29.455,36.296,43.137,43.137,49.978,56.819,63.66
213,2,-0.8703,21.2116,0.14301,13.032,14.731,16.431,18.537,21.212,24.712,29.472,36.293,43.114,43.114,49.935,56.756,63.577
214,2,-0.8623,21.2282,0.14311,13.029,14.733,16.437,18.548,21.228,24.731,29.489,36.29,43.09,43.091,49.892,56.693,63.494
215,2,-0.8542,21.2444,0.1432,13.025,14.734,16.443,18.56,21.244,24.75,29.505,36.284,43.062,43.063,49.842,56.621,63.4
216,2,-0.8462,21.2603,0.1433,13.02,14.734,16.448,18.571,21.26,24.769,29.52,36.279,43.038,43.038,49.797,56.556,63.315
217,2,-0.8382,21.2757,0.1434,13.016,14.735,16.454,18.581,21.276,24.788,29.536,36.274,43.013,43.012,49.75,56.488,63.226
218,2,-0.8301,21.2908,0.14349,13.011,14.735,16.459,18.592,21.291,24.805,29.55,36.267,42.984,42.984,49.701,56.418,63.135
219,2,-0.8221,21.3055,0.14359,13.006,14.735,16.463,18.601,21.306,24.823,29.564,36.261,42.958,42.958,49.655,56.352,63.049
220,2,-0.814,21.32,0.14368,13.0,14.734,16.468,18.611,21.32,24.84,29.577,36.252,42.928,42.927,49.602,56.277,62.952
221,2,-0.806,21.3341,0.14377,12.995,14.734,16.473,18.621,21.334,24.856,29.589,36.244,42.899,42.899,49.554,56.209,62.864
222,2,-0.798,21.348,0.14386,12.989,14.733,16.477,18.63,21.348,24.873,29.602,36.235,42.869,42.868,49.501,56.134,62.767
223,2,-0.7899,21.3617,0.14396,12.983,14.732,16.48,18.639,21.362,24.889,29.614,36.228,42.841,42.842,49.456,56.07,62.684
224,2,-0.7819,21.3752,0.14405,12.977,14.731,16.484,18.648,21.375,24.905,29.626,36.219,42.812,42.812,49.405,55.998,62.591
225,2,-0.7738,21.3884,0.14414,12.971,14.729,16.488,18.657,21.388,24.92,29.637,36.209,42.781,42.781,49.353,55.925,62.497
226,2,-0.7658,21.4014,0.14423,12.964,14.728,16.491,18.665,21.401,24.935,29.649,36.2,42.751,42.751,49.302,55.853,62.404
227,2,-0.7577,21.4143,0.14432,12.958,14.726,16.494,18.673,21.414,24.951,29.659,36.19,42.72,42.721,49.252,55.783,62.314
228,2,-0.7496,21.4269,0.14441,12.951,14.724,16.497,18.681,21.427,24.965,29.67,36.179,42.689,42.688,49.197,55.706,62.215
