,sex,age_months,SD0,SD0.5,SD1,SD1.5,SD2,SD2.5,SD3,SD3.5,SD4,SD4.5,SD5
0,1,24.0,16.575,17.2864,18.0984,19.0374,20.3657,21.4529,22.3802,23.2312,24.0383,24.8175,25.5777
1,1,24.5,16.5478,17.2532,18.0566,18.9829,20.3216,21.4247,22.3656,23.229,24.0479,24.8385,25.6099
2,1,25.5,16.4944,17.1883,17.9751,18.8775,20.2374,21.3722,22.3401,23.2284,24.0708,24.8842,25.6777
3,1,26.5,16.4426,17.1256,17.8968,18.7767,20.1583,21.3247,22.3196,23.2326,24.0986,24.9346,25.7502
4,1,27.5,16.3922,17.065,17.8216,18.6805,20.0843,21.2822,22.304,23.2417,24.131,24.9897,25.8274
5,1,28.5,16.3433,17.0065,17.7494,18.5889,20.0153,21.2446,22.2933,23.2555,24.1682,25.0493,25.909
6,1,29.5,16.2958,16.95,17.6801,18.5017,19.9512,21.2119,22.2873,23.274,24.21,25.1135,25.9951
7,1,30.5,16.2497,16.8955,17.6138,18.4188,19.892,21.1839,22.2859,23.2971,24.2562,25.1822,26.0856
8,1,31.5,16.205,16.8429,17.5504,18.3404,19.8376,21.1606,22.2892,23.3247,24.307,25.2552,26.1804
9,1,32.5,16.1615,16.7923,17.4898,18.2662,19.7879,21.142,22.297,23.3568,24.3621,25.3326,26.2795
10,1,33.5,16.1193,16.7435,17.432,18.1962,19.7429,21.1278,22.3092,23.3933,24.4215,25.4142,26.3827
11,1,34.5,16.0784,16.6966,17.377,18.1303,19.7024,21.1182,22.3258,23.434,24.4851,25.4999,26.4899
12,1,35.5,16.0388,16.6515,17.3247,18.0685,19.6664,21.1129,22.3468,23.479,24.5529,25.5897,26.6012
13,1,36.5,16.0003,16.6082,17.2751,18.0108,19.6348,21.1119,22.3719,23.5281,24.6248,25.6835,26.7165
14,1,37.5,15.963,16.5666,17.2282,17.957,19.6075,21.1152,22.4012,23.5813,24.7006,25.7813,26.8356
15,1,38.5,15.927,16.5268,17.1838,17.9071,19.5846,21.1226,22.4346,23.6386,24.7804,25.8829,26.9585
16,1,39.5,15.892,16.4887,17.1421,17.861,19.5658,21.1342,22.472,23.6997,24.8641,25.9883,27.085
17,1,40.5,15.8582,16.4523,17.1028,17.8187,19.5511,21.1497,22.5134,23.7647,24.9515,26.0973,27.2153
18,1,41.5,15.8256,16.4176,17.0661,17.7801,19.5405,21.1692,22.5586,23.8334,25.0426,26.2101,27.3491
19,1,42.5,15.7941,16.3845,17.0317,17.7451,19.5338,21.1926,22.6075,23.9059,25.1374,26.3263,27.4863
20,1,43.5,15.7636,16.3529,16.9998,17.7136,19.531,21.2197,22.6602,23.982,25.2357,26.4461,27.627
21,1,44.5,15.7343,16.323,16.9702,17.6857,19.532,21.2505,22.7164,24.0616,25.3375,26.5692,27.771
22,1,45.5,15.7061,16.2947,16.9429,17.6611,19.5367,21.285,22.7763,24.1447,25.4426,26.6957,27.9182
23,1,46.5,15.679,16.2679,16.9179,17.6399,19.5451,21.323,22.8396,24.2312,25.5511,26.8254,28.0687
24,1,47.5,15.6531,16.2426,16.895,17.622,19.5571,21.3645,22.9062,24.321,25.6628,26.9583,28.2222
25,1,48.5,15.6282,16.2189,16.8744,17.6072,19.5726,21.4094,22.9762,24.414,25.7777,27.0942,28.3787
26,1,49.5,15.6044,16.1966,16.8559,17.5956,19.5914,21.4576,23.0494,24.5102,25.8956,27.2332,28.5382
27,1,50.5,15.5818,16.1759,16.8395,17.587,19.6136,21.509,23.1258,24.6094,26.0166,27.3751,28.7005
28,1,51.5,15.5603,16.1566,16.8251,17.5815,19.6391,21.5636,23.2053,24.7117,26.1404,27.5198,28.8656
29,1,52.5,15.5399,16.1388,16.8127,17.5788,19.6678,21.6213,23.2877,24.8168,26.2671,27.6673,29.0334
30,1,53.5,15.5206,16.1224,16.8023,17.579,19.6995,21.682,23.373,24.9248,26.3966,27.8175,29.2039
31,1,54.5,15.5026,16.1076,16.7939,17.5819,19.7343,21.7456,23.4612,25.0355,26.5287,27.9703,29.3768
32,1,55.5,15.4857,16.0941,16.7874,17.5876,19.772,21.812,23.5521,25.1489,26.6635,28.1257,29.5523
33,1,56.5,15.47,16.0822,16.7827,17.5958,19.8125,21.8812,23.6457,25.265,26.8007,28.2834,29.7301
34,1,57.5,15.4555,16.0716,16.7799,17.6067,19.8559,21.953,23.7419,25.3835,26.9404,28.4436,29.9102
35,1,58.5,15.4421,16.0625,16.779,17.62,19.9019,22.0275,23.8407,25.5044,27.0825,28.606,30.0925
36,1,59.5,15.43,16.0549,16.7798,17.6358,19.9506,22.1045,23.9418,25.6278,27.2269,28.7707,30.2769
37,1,60.5,15.4191,16.0487,16.7824,17.6539,20.0018,22.1839,24.0453,25.7534,27.3734,28.9375,30.4635
38,1,61.5,15.4095,16.044,16.7868,17.6744,20.0555,22.2657,24.1511,25.8812,27.5221,29.1064,30.652
39,1,62.5,15.401,16.0406,16.7928,17.6971,20.1116,22.3499,24.2592,26.0112,27.6729,29.2772,30.8425
40,1,63.5,15.3938,16.0387,16.8006,17.7221,20.17,22.4362,24.3693,26.1432,27.8257,29.45,31.0348
41,1,64.5,15.3878,16.0383,16.8101,17.7491,20.2307,22.5247,24.4816,26.2772,27.9804,29.6246,31.2289
42,1,65.5,15.3831,16.0392,16.8212,17.7783,20.2935,22.6153,24.5958,26.4132,28.1369,29.8011,31.4247
43,1,66.5,15.3795,16.0416,16.834,17.8094,20.3586,22.708,24.712,26.551,28.2952,29.9792,31.6222
44,1,67.5,15.3772,16.0453,16.8483,17.8426,20.4256,22.8026,24.8301,26.6907,28.4553,30.159,31.8212
45,1,68.5,15.3761,16.0505,16.8643,17.8777,20.4947,22.8991,24.95,26.832,28.6171,30.3404,32.0218
46,1,69.5,15.3762,16.057,16.8818,17.9147,20.5657,22.9974,25.0717,26.9751,28.7804,30.5233,32.2238
47,1,70.5,15.3775,16.0649,16.9009,17.9535,20.6387,23.0976,25.1951,27.1198,28.9453,30.7078,32.4273
48,1,71.5,15.3799,16.0741,16.9215,17.9941,20.7134,23.1995,25.3201,27.266,29.1117,30.8936,32.6321
49,1,72.5,15.3835,16.0846,16.9436,18.0365,20.7899,23.303,25.4467,27.4138,29.2795,31.0808,32.8382
50,1,73.5,15.3883,16.0965,16.9672,18.0805,20.8681,23.4082,25.5748,27.563,29.4487,31.2693,33.0455
51,1,74.5,15.3942,16.1097,16.9923,18.1262,20.948,23.5149,25.7044,27.7136,29.6192,31.459,33.254
52,1,75.5,15.4013,16.1241,17.0187,18.1736,21.0295,23.6231,25.8354,27.8655,29.791,31.65,33.4637
53,1,76.5,15.4094,16.1398,17.0466,18.2225,21.1126,23.7328,25.9678,28.0188,29.964,31.8421,33.6744
54,1,77.5,15.4187,16.1567,17.0758,18.2729,21.1972,23.8439,26.1016,28.1733,30.1382,32.0353,33.8862
55,1,78.5,15.429,16.1749,17.1064,18.3248,21.2832,23.9563,26.2366,28.329,30.3135,32.2295,34.0989
56,1,79.5,15.4404,16.1942,17.1383,18.3782,21.3706,24.0701,26.3728,28.4858,30.4899,32.4248,34.3126
57,1,80.5,15.4529,16.2147,17.1714,18.433,21.4594,24.1851,26.5102,28.6437,30.6673,32.621,34.5271
58,1,81.5,15.4664,16.2364,17.2059,18.4892,21.5495,24.3014,26.6487,28.8027,30.8457,32.8181,34.7425
59,1,82.5,15.4809,16.2592,17.2416,18.5467,21.6409,24.4188,26.7884,28.9627,31.025,33.0161,34.9587
60,1,83.5,15.4964,16.2832,17.2785,18.6054,21.7335,24.5373,26.929,29.1237,31.2052,33.2149,35.1756
61,1,84.5,15.5129,16.3082,17.3166,18.6655,21.8273,24.6569,27.0706,29.2855,31.3863,33.4144,35.3932
62,1,85.5,15.5303,16.3343,17.3558,18.7267,21.9222,24.7776,27.2132,29.4482,31.5681,33.6147,35.6114
63,1,86.5,15.5488,16.3615,17.3962,18.7891,22.0182,24.8992,27.3567,29.6118,31.7507,33.8156,35.8303
64,1,87.5,15.5681,16.3896,17.4376,18.8527,22.1152,25.0218,27.5011,29.7761,31.9339,34.0172,36.0498
65,1,88.5,15.5884,16.4188,17.4802,18.9173,22.2133,25.1452,27.6462,29.9412,32.1179,34.2194,36.2697
66,1,89.5,15.6096,16.449,17.5238,18.983,22.3123,25.2696,27.7922,30.1069,32.3025,34.4221,36.4901
67,1,90.5,15.6317,16.4802,17.5684,19.0498,22.4122,25.3947,27.9388,30.2733,32.4876,34.6253,36.711
68,1,91.5,15.6547,16.5123,17.614,19.1175,22.513,25.5206,28.0862,30.4404,32.6733,34.829,36.9323
69,1,92.5,15.6785,16.5453,17.6606,19.1862,22.6146,25.6472,28.2342,30.608,32.8594,35.0331,37.1539
70,1,93.5,15.7032,16.5793,17.7082,19.2558,22.717,25.7746,28.3827,30.7761,33.0461,35.2376,37.3758
71,1,94.5,15.7288,16.6141,17.7566,19.3262,22.8201,25.9026,28.5319,30.9447,33.2331,35.4424,37.598
72,1,95.5,15.7551,16.6498,17.806,19.3976,22.924,26.0312,28.6816,31.1137,33.4205,35.6476,37.8204
73,1,96.5,15.7823,16.6864,17.8562,19.4697,23.0285,26.1603,28.8318,31.2832,33.6082,35.853,38.0431
74,1,97.5,15.8103,16.7238,17.9073,19.5426,23.1337,26.29,28.9824,31.453,33.7963,36.0586,38.2658
75,1,98.5,15.839,16.762,17.9592,19.6162,23.2394,26.4202,29.1334,31.6231,33.9846,36.2644,38.4887
76,1,99.5,15.8686,16.8011,18.0119,19.6906,23.3457,26.5508,29.2848,31.7936,34.1731,36.4703,38.7117
77,1,100.5,15.8989,16.8409,18.0653,19.7656,23.4526,26.6819,29.4366,31.9643,34.3618,36.6764,38.9347
78,1,101.5,15.9299,16.8814,18.1195,19.8413,23.5599,26.8134,29.5886,32.1352,34.5506,36.8825,39.1577
79,1,102.5,15.9617,16.9228,18.1745,19.9176,23.6676,26.9451,29.7409,32.3063,34.7395,37.0887,39.3807
80,1,103.5,15.9942,16.9648,18.2301,19.9945,23.7758,27.0772,29.8934,32.4775,34.9285,37.2949,39.6036
81,1,104.5,16.0274,17.0076,18.2864,20.0719,23.8844,27.2096,30.0461,32.6489,35.1176,37.501,39.8263
82,1,105.5,16.0613,17.051,18.3434,20.1498,23.9932,27.3422,30.1989,32.8203,35.3066,37.7071,40.049
83,1,106.5,16.0959,17.0952,18.401,20.2282,24.1024,27.475,30.3519,32.9918,35.4957,37.913,40.2715
84,1,107.5,16.1312,17.14,18.4592,20.3071,24.2119,27.608,30.505,33.1633,35.6846,38.1188,40.4938
85,1,108.5,16.1671,17.1854,18.518,20.3864,24.3216,27.7412,30.6581,33.3347,35.8735,38.3245,40.7158
86,1,109.5,16.2037,17.2315,18.5774,20.4661,24.4315,27.8744,30.8112,33.5061,36.0622,38.5299,40.9376
87,1,110.5,16.2409,17.2782,18.6373,20.5461,24.5415,28.0077,30.9644,33.6774,36.2507,38.7351,41.159
88,1,111.5,16.2788,17.3255,18.6978,20.6265,24.6518,28.141,31.1174,33.8486,36.4391,38.9401,41.3801
89,1,112.5,16.3173,17.3734,18.7588,20.7072,24.7621,28.2744,31.2704,34.0197,36.6272,39.1447,41.6009
90,1,113.5,16.3564,17.4219,18.8202,20.7882,24.8725,28.4077,31.4233,34.1905,36.8151,39.349,41.8212
91,1,114.5,16.3961,17.4709,18.8822,20.8695,24.9829,28.541,31.5761,34.3612,37.0027,39.553,42.0412
92,1,115.5,16.4363,17.5205,18.9446,20.951,25.0934,28.6743,31.7287,34.5316,37.19,39.7566,42.2606
93,1,116.5,16.4772,17.5706,19.0074,21.0327,25.2039,28.8074,31.8811,34.7017,37.3769,39.9597,42.4796
94,1,117.5,16.5186,17.6212,19.0706,21.1145,25.3143,28.9403,32.0333,34.8715,37.5635,40.1624,42.6981
95,1,118.5,16.5606,17.6724,19.1342,21.1966,25.4247,29.0731,32.1853,35.041,37.7497,40.3647,42.916
96,1,119.5,16.6031,17.724,19.1982,21.2787,25.535,29.2058,32.3369,35.2102,37.9354,40.5664,43.1334
97,1,120.5,16.6461,17.7761,19.2626,21.361,25.6452,29.3382,32.4883,35.379,38.1207,40.7676,43.3502
98,1,121.5,16.6897,17.8286,19.3273,21.4433,25.7552,29.4703,32.6394,35.5473,38.3055,40.9683,43.5663
99,1,122.5,16.7338,17.8816,19.3923,21.5257,25.8651,29.6022,32.7901,35.7153,38.4898,41.1684,43.7818
100,1,123.5,16.7784,17.9351,19.4577,21.6082,25.9748,29.7339,32.9404,35.8828,38.6736,41.3679,43.9966
101,1,124.5,16.8235,17.9889,19.5233,21.6906,26.0842,29.8651,33.0903,36.0498,38.8568,41.5668,44.2108
102,1,125.5,16.8691,18.0432,19.5892,21.7731,26.1934,29.9961,33.2398,36.2163,39.0394,41.765,44.4242
103,1,126.5,16.9151,18.0979,19.6554,21.8555,26.3024,30.1267,33.3889,36.3823,39.2215,41.9626,44.6369
104,1,127.5,16.9616,18.153,19.7218,21.9379,26.4111,30.2569,33.5374,36.5477,39.4029,42.1594,44.8488
105,1,128.5,17.0086,18.2084,19.7885,22.0202,26.5195,30.3867,33.6855,36.7126,39.5837,42.3556,45.06
106,1,129.5,17.056,18.2642,19.8553,22.1025,26.6275,30.5161,33.8331,36.8769,39.7638,42.551,45.2703
107,1,130.5,17.1039,18.3204,19.9224,22.1846,26.7352,30.6451,33.9802,37.0406,39.9433,42.7457,45.4798
108,1,131.5,17.1522,18.3769,19.9897,22.2666,26.8426,30.7735,34.1267,37.2036,40.122,42.9395,45.6885
109,1,132.5,17.2009,18.4337,20.0571,22.3485,26.9495,30.9015,34.2726,37.366,40.3,43.1326,45.8963
110,1,133.5,17.25,18.4908,20.1246,22.4302,27.0561,31.029,34.418,37.5278,40.4773,43.3249,46.1032
111,1,134.5,17.2995,18.5483,20.1924,22.5117,27.1622,31.156,34.5627,37.6888,40.6538,43.5164,46.3092
112,1,135.5,17.3494,18.606,20.2602,22.593,27.2679,31.2824,34.7069,37.8492,40.8296,43.707,46.5144
113,1,136.5,17.3997,18.664,20.3282,22.6742,27.3732,31.4083,34.8503,38.0088,41.0045,43.8967,46.7185
114,1,137.5,17.4504,18.7224,20.3963,22.7551,27.478,31.5336,34.9932,38.1677,41.1787,44.0856,46.9218
115,1,138.5,17.5014,18.7809,20.4644,22.8358,27.5822,31.6584,35.1353,38.3259,41.352,44.2736,47.124
116,1,139.5,17.5528,18.8397,20.5327,22.9162,27.686,31.7825,35.2768,38.4833,41.5245,44.4607,47.3253
117,1,140.5,17.6045,18.8988,20.601,22.9964,27.7893,31.906,35.4176,38.6399,41.6962,44.6468,47.5256
118,1,141.5,17.6565,18.9581,20.6694,23.0762,27.8921,32.0289,35.5577,38.7957,41.8669,44.832,47.7249
119,1,142.5,17.7089,19.0176,20.7378,23.1558,27.9943,32.1512,35.697,38.9507,42.0368,45.0163,47.9232
120,1,143.5,17.7616,19.0774,20.8063,23.2351,28.096,32.2728,35.8356,39.105,42.2058,45.1996,48.1204
121,1,144.5,17.8146,19.1373,20.8748,23.3141,28.1971,32.3937,35.9735,39.2583,42.374,45.3819,48.3166
122,1,145.5,17.8679,19.1975,20.9433,23.3928,28.2976,32.514,36.1106,39.4109,42.5412,45.5633,48.5118
123,1,146.5,17.9216,19.2578,21.0118,23.4711,28.3975,32.6335,36.2469,39.5626,42.7074,45.7436,48.7059
124,1,147.5,17.9754,19.3183,21.0803,23.549,28.4969,32.7524,36.3824,39.7134,42.8728,45.923,48.8989
125,1,148.5,18.0296,19.379,21.1487,23.6267,28.5956,32.8706,36.5172,39.8634,43.0372,46.1013,49.0908
126,1,149.5,18.084,19.4398,21.2172,23.7039,28.6937,32.9881,36.6512,40.0125,43.2006,46.2786,49.2817
127,1,150.5,18.1387,19.5008,21.2856,23.7808,28.7913,33.1048,36.7843,40.1607,43.3631,46.4549,49.4714
128,1,151.5,18.1937,19.5619,21.354,23.8573,28.8881,33.2208,36.9167,40.3081,43.5247,46.6302,49.66
129,1,152.5,18.2488,19.6231,21.4223,23.9334,28.9844,33.3361,37.0482,40.4545,43.6852,46.8044,49.8476
130,1,153.5,18.3043,19.6845,21.4906,24.0091,29.08,33.4507,37.1789,40.6,43.8448,46.9775,50.034
131,1,154.5,18.3599,19.746,21.5588,24.0844,29.175,33.5645,37.3088,40.7446,44.0034,47.1496,50.2192
132,1,155.5,18.4157,19.8076,21.6269,24.1593,29.2693,33.6776,37.4378,40.8883,44.1611,47.3207,50.4034
133,1,156.5,18.4718,19.8693,21.695,24.2338,29.363,33.7899,37.566,41.0311,44.3177,47.4907,50.5864
134,1,157.5,18.5281,19.9311,21.7629,24.3079,29.456,33.9014,37.6934,41.173,44.4733,47.6596,50.7683
135,1,158.5,18.5845,19.9929,21.8308,24.3815,29.5483,34.0122,37.8199,41.314,44.628,47.8275,50.9491
136,1,159.5,18.6411,20.0549,21.8985,24.4548,29.64,34.1222,37.9456,41.454,44.7816,47.9943,51.1287
137,1,160.5,18.6979,20.1169,21.9662,24.5276,29.7311,34.2315,38.0704,41.5931,44.9343,48.16,51.3072
138,1,161.5,18.7549,20.1789,22.0337,24.5999,29.8214,34.34,38.1944,41.7313,45.0859,48.3246,51.4845
139,1,162.5,18.812,20.2411,22.1011,24.6719,29.9112,34.4478,38.3175,41.8685,45.2366,48.4882,51.6607
140,1,163.5,18.8693,20.3032,22.1684,24.7434,30.0002,34.5548,38.4398,42.0049,45.3862,48.6507,51.8357
141,1,164.5,18.9267,20.3654,22.2356,24.8144,30.0886,34.661,38.5613,42.1403,45.5349,48.8121,52.0096
142,1,165.5,18.9842,20.4277,22.3026,24.8851,30.1763,34.7664,38.6819,42.2748,45.6825,48.9725,52.1824
143,1,166.5,19.0419,20.4899,22.3694,24.9553,30.2634,34.8712,38.8016,42.4083,45.8292,49.1318,52.354
144,1,167.5,19.0997,20.5522,22.4362,25.025,30.3498,34.9751,38.9205,42.541,45.9748,49.29,52.5245
145,1,168.5,19.1576,20.6145,22.5027,25.0943,30.4356,35.0783,39.0386,42.6727,46.1195,49.4472,52.6939
146,1,169.5,19.2156,20.6768,22.5691,25.1632,30.5207,35.1808,39.1559,42.8035,46.2632,49.6033,52.8622
147,1,170.5,19.2737,20.7391,22.6354,25.2317,30.6052,35.2825,39.2723,42.9334,46.4059,49.7584,53.0293
148,1,171.5,19.3318,20.8014,22.7015,25.2997,30.689,35.3835,39.3879,43.0624,46.5477,49.9124,53.1953
149,1,172.5,19.3901,20.8636,22.7674,25.3673,30.7722,35.4837,39.5027,43.1906,46.6884,50.0654,53.3602
150,1,173.5,19.4484,20.9258,22.8331,25.4344,30.8548,35.5833,39.6167,43.3178,46.8283,50.2174,53.524
151,1,174.5,19.5067,20.9881,22.8987,25.5012,30.9368,35.6821,39.7298,43.4442,46.9671,50.3683,53.6867
152,1,175.5,19.5651,21.0502,22.9641,25.5675,31.0182,35.7802,39.8422,43.5697,47.105,50.5183,53.8484
153,1,176.5,19.6236,21.1124,23.0293,25.6334,31.0989,35.8776,39.9539,43.6943,47.242,50.6672,54.0089
154,1,177.5,19.6821,21.1744,23.0944,25.699,31.1791,35.9743,40.0647,43.8181,47.3781,50.8151,54.1684
155,1,178.5,19.7406,21.2365,23.1592,25.7641,31.2587,36.0704,40.1748,43.941,47.5133,50.962,54.3268
156,1,179.5,19.7991,21.2984,23.2239,25.8288,31.3378,36.1658,40.2841,44.0632,47.6475,51.108,54.4842
157,1,180.5,19.8577,21.3603,23.2884,25.8932,31.4163,36.2605,40.3927,44.1845,47.7809,51.253,54.6406
158,1,181.5,19.9162,21.4221,23.3527,25.9571,31.4942,36.3546,40.5006,44.305,47.9133,51.397,54.7959
159,1,182.5,19.9747,21.4839,23.4168,26.0208,31.5717,36.4481,40.6077,44.4247,48.045,51.5402,54.9502
160,1,183.5,20.0332,21.5456,23.4807,26.084,31.6486,36.5409,40.7142,44.5436,48.1757,51.6823,55.1036
161,1,184.5,20.0917,21.6071,23.5444,26.1469,31.725,36.6332,40.8199,44.6618,48.3056,51.8236,55.2559
162,1,185.5,20.1502,21.6686,23.6079,26.2095,31.8009,36.7248,40.925,44.7792,48.4348,51.964,55.4073
163,1,186.5,20.2086,21.73,23.6713,26.2717,31.8764,36.8159,41.0294,44.8959,48.563,52.1035,55.5578
164,1,187.5,20.2669,21.7913,23.7344,26.3336,31.9514,36.9065,41.1333,45.0118,48.6905,52.2422,55.7073
165,1,188.5,20.3252,21.8524,23.7974,26.3953,32.0259,36.9965,41.2364,45.1271,48.8173,52.38,55.8559
166,1,189.5,20.3835,21.9135,23.8602,26.4566,32.1001,37.086,41.339,45.2417,48.9433,52.5169,56.0036
167,1,190.5,20.4416,21.9744,23.9227,26.5176,32.1738,37.175,41.441,45.3556,49.0685,52.6531,56.1504
168,1,191.5,20.4997,22.0352,23.9851,26.5784,32.2472,37.2635,41.5424,45.4689,49.193,52.7885,56.2964
169,1,192.5,20.5576,22.0958,24.0473,26.639,32.3202,37.3515,41.6433,45.5815,49.3168,52.9231,56.4415
170,1,193.5,20.6155,22.1564,24.1093,26.6992,32.3929,37.4391,41.7437,45.6936,49.44,53.0569,56.5858
171,1,194.5,20.6733,22.2167,24.1712,26.7593,32.4652,37.5263,41.8435,45.805,49.5625,53.19,56.7293
172,1,195.5,20.7309,22.2769,24.2328,26.8192,32.5373,37.6131,41.9429,45.916,49.6843,53.3225,56.872
173,1,196.5,20.7884,22.337,24.2943,26.8789,32.609,37.6995,42.0418,46.0263,49.8056,53.4542,57.014
174,1,197.5,20.8457,22.3969,24.3556,26.9384,32.6806,37.7856,42.1403,46.1362,49.9262,53.5853,57.1552
175,1,198.5,20.9029,22.4567,24.4167,26.9977,32.7519,37.8713,42.2383,46.2455,50.0463,53.7157,57.2958
176,1,199.5,20.96,22.5162,24.4776,27.0569,32.823,37.9568,42.336,46.3544,50.1658,53.8455,57.4356
177,1,200.5,21.0169,22.5756,24.5384,27.116,32.8939,38.0419,42.4333,46.4629,50.2849,53.9748,57.5748
178,1,201.5,21.0736,22.6348,24.599,27.175,32.9646,38.1269,42.5303,46.5709,50.4034,54.1035,57.7134
179,1,202.5,21.1301,22.6939,24.6594,27.2339,33.0353,38.2115,42.6269,46.6786,50.5215,54.2316,57.8514
180,1,203.5,21.1864,22.7527,24.7197,27.2928,33.1058,38.296,42.7233,46.7859,50.6392,54.3593,57.9888
181,1,204.5,21.2425,22.8113,24.7798,27.3516,33.1763,38.3803,42.8194,46.8929,50.7564,54.4864,58.1256
182,1,205.5,21.2984,22.8698,24.8398,27.4104,33.2467,38.4645,42.9154,46.9995,50.8733,54.6131,58.262
183,1,206.5,21.354,22.928,24.8997,27.4692,33.3172,38.5486,43.0111,47.1059,50.9898,54.7394,58.3978
184,1,207.5,21.4094,22.986,24.9593,27.5281,33.3876,38.6326,43.1066,47.2121,51.106,54.8653,58.5332
185,1,208.5,21.4646,23.0438,25.0189,27.587,33.4581,38.7165,43.202,47.318,51.2219,54.9909,58.6681
186,1,209.5,21.5195,23.1014,25.0783,27.6459,33.5287,38.8005,43.2973,47.4237,51.3375,55.1161,58.8027
187,1,210.5,21.5742,23.1588,25.1376,27.705,33.5994,38.8844,43.3926,47.5293,51.453,55.241,58.9369
188,1,211.5,21.6285,23.2159,25.1968,27.7642,33.6702,38.9684,43.4878,47.6348,51.5682,55.3657,59.0707
189,1,212.5,21.6826,23.2728,25.2559,27.8235,33.7412,39.0524,43.5829,47.7402,51.6833,55.4901,59.2043
190,1,213.5,21.7364,23.3295,25.3148,27.883,33.8125,39.1366,43.6782,47.8456,51.7983,55.6144,59.3376
191,1,214.5,21.7899,23.3859,25.3737,27.9427,33.884,39.221,43.7735,47.9509,51.9132,55.7385,59.4706
192,1,215.5,21.843,23.4421,25.4324,28.0027,33.9557,39.3055,43.8688,48.0563,52.028,55.8624,59.6035
193,1,216.5,21.8959,23.498,25.4911,28.0629,34.0278,39.3902,43.9644,48.1617,52.1428,55.9863,59.7362
194,1,217.5,21.9484,23.5537,25.5497,28.1234,34.1003,39.4752,44.0601,48.2672,52.2576,56.1101,59.8688
195,1,218.5,22.0005,23.6091,25.6083,28.1842,34.1731,39.5605,44.156,48.3729,52.3725,56.2339,60.0013
196,1,219.5,22.0523,23.6643,25.6667,28.2453,34.2464,39.6461,44.2521,48.4787,52.4875,56.3578,60.1338
197,1,220.5,22.1037,23.7191,25.7252,28.3069,34.3202,39.7321,44.3486,48.5847,52.6026,56.4817,60.2663
198,1,221.5,22.1548,23.7738,25.7835,28.3688,34.3944,39.8185,44.4454,48.691,52.7179,56.6057,60.3988
199,1,222.5,22.2054,23.8281,25.8419,28.4311,34.4693,39.9054,44.5425,48.7976,52.8334,56.7298,60.5313
200,1,223.5,22.2557,23.8822,25.9002,28.494,34.5447,39.9928,44.64,48.9045,52.9492,56.8542,60.664
201,1,224.5,22.3055,23.936,25.9585,28.5573,34.6207,40.0807,44.738,49.0117,53.0653,56.9787,60.7968
202,1,225.5,22.355,23.9896,26.0168,28.6212,34.6974,40.1691,44.8365,49.1194,53.1817,57.1035,60.9299
203,1,226.5,22.404,24.0428,26.0751,28.6856,34.7749,40.2582,44.9355,49.2276,53.2984,57.2286,61.0631
204,1,227.5,22.4526,24.0958,26.1335,28.7506,34.853,40.3479,45.0351,49.3362,53.4156,57.3541,61.1967
205,1,228.5,22.5007,24.1485,26.1918,28.8162,34.932,40.4384,45.1353,49.4453,53.5333,57.48,61.3306
206,1,229.5,22.5484,24.2009,26.2502,28.8826,35.0119,40.5296,45.2362,49.5551,53.6514,57.6063,61.4648
207,1,230.5,22.5957,24.253,26.3087,28.9496,35.0926,40.6215,45.3377,49.6654,53.7702,57.733,61.5994
208,1,231.5,22.6424,24.3049,26.3672,29.0173,35.1743,40.7143,45.4401,49.7765,53.8895,57.8604,61.7345
209,1,232.5,22.6887,24.3565,26.4258,29.0858,35.2569,40.808,45.5432,49.8882,54.0094,57.9882,61.8701
210,1,233.5,22.7346,24.4077,26.4845,29.1551,35.3406,40.9026,45.6471,50.0008,54.1301,58.1167,62.0063
211,1,234.5,22.7799,24.4588,26.5433,29.2253,35.4253,40.9982,45.7519,50.1141,54.2515,58.2459,62.143
212,1,235.5,22.8247,24.5095,26.6023,29.2964,35.5112,41.0948,45.8577,50.2283,54.3736,58.3757,62.2804
213,1,236.5,22.8691,24.5599,26.6613,29.3683,35.5982,41.1925,45.9645,50.3433,54.4966,58.5063,62.4185
214,1,237.5,22.9129,24.6101,26.7205,29.4412,35.6864,41.2913,46.0722,50.4594,54.6205,58.6378,62.5572
215,1,238.5,22.9563,24.66,26.7799,29.5151,35.7759,41.3912,46.1811,50.5764,54.7452,58.77,62.6968
216,1,239.5,22.9991,24.7097,26.8395,29.59,35.8667,41.4923,46.2911,50.6945,54.871,58.9032,62.8372
217,1,240.0,23.0203,24.7344,26.8693,29.6279,35.9126,41.5434,46.3465,50.7539,54.9343,58.9701,62.9078
218,1,240.5,23.0414,24.759,26.8992,29.666,35.9588,41.5947,46.4022,50.8136,54.9978,59.0373,62.9785
219,2,24.0,16.4234,17.1562,17.9569,18.8355,20.2802,21.5221,22.5815,23.5535,24.4755,25.3657,26.2341
220,2,24.5,16.388,17.1161,17.9127,18.7882,20.2436,21.4976,22.5673,23.5488,24.4797,25.3785,26.2554
221,2,25.5,16.319,17.038,17.827,18.697,20.1742,21.4523,22.5425,23.543,24.4918,25.4079,26.3017
222,2,26.5,16.2521,16.9627,17.7448,18.6103,20.1096,21.4118,22.5227,23.542,24.5088,25.4422,26.3528
223,2,27.5,16.1873,16.8901,17.6661,18.528,20.0498,21.3761,22.5075,23.5457,24.5304,25.4811,26.4086
224,2,28.5,16.1248,16.8203,17.5909,18.4502,19.9946,21.3451,22.4971,23.5541,24.5568,25.5247,26.4691
225,2,29.5,16.0643,16.7532,17.5191,18.3766,19.9441,21.3187,22.4912,23.5672,24.5877,25.5729,26.5341
226,2,30.5,16.0059,16.6888,17.4506,18.3073,19.8982,21.2968,22.4899,23.5847,24.6231,25.6255,26.6036
227,2,31.5,15.9497,16.627,17.3855,18.2422,19.8567,21.2794,22.493,23.6066,24.6629,25.6826,26.6775
228,2,32.5,15.8955,16.5678,17.3236,18.1811,19.8196,21.2663,22.5005,23.6329,24.707,25.744,26.7558
229,2,33.5,15.8434,16.5112,17.2648,18.1241,19.7867,21.2576,22.5122,23.6635,24.7555,25.8097,26.8382
230,2,34.5,15.7933,16.4571,17.2093,18.071,19.7581,21.253,22.5282,23.6983,24.8081,25.8795,26.9249
231,2,35.5,15.7453,16.4056,17.1568,18.0217,19.7337,21.2526,22.5482,23.7371,24.8648,25.9534,27.0156
232,2,36.5,15.6992,16.3566,17.1074,17.9763,19.7133,21.2562,22.5723,23.78,24.9255,26.0314,27.1103
233,2,37.5,15.6552,16.31,17.061,17.9346,19.6969,21.2638,22.6004,23.8269,24.9902,26.1133,27.209
234,2,38.5,15.6132,16.2659,17.0175,17.8966,19.6844,21.2753,22.6324,23.8776,25.0587,26.199,27.3115
235,2,39.5,15.5732,16.2242,16.977,17.8621,19.6758,21.2907,22.6682,23.9322,25.1311,26.2885,27.4178
236,2,40.5,15.5351,16.1849,16.9394,17.8312,19.6709,21.3097,22.7077,23.9905,25.2071,26.3818,27.5278
237,2,41.5,15.4989,16.1479,16.9046,17.8037,19.6697,21.3325,22.7509,24.0524,25.2869,26.4787,27.6415
238,2,42.5,15.4647,16.1133,16.8726,17.7797,19.6721,21.3588,22.7976,24.1179,25.3701,26.5791,27.7586
239,2,43.5,15.4324,16.081,16.8433,17.759,19.6781,21.3887,22.8479,24.1869,25.4569,26.6831,27.8793
240,2,44.5,15.4019,16.051,16.8168,17.7415,19.6875,21.4221,22.9017,24.2594,25.5472,26.7904,28.0034
241,2,45.5,15.3734,16.0232,16.793,17.7273,19.7003,21.4588,22.9588,24.3352,25.6407,26.9011,28.1308
242,2,46.5,15.3466,15.9977,16.7718,17.7162,19.7165,21.4989,23.0192,24.4144,25.7376,27.0151,28.2615
243,2,47.5,15.3217,15.9743,16.7532,17.7082,19.7359,21.5422,23.0829,24.4967,25.8377,27.1324,28.3955
244,2,48.5,15.2985,15.9531,16.7371,17.7032,19.7586,21.5887,23.1498,24.5823,25.941,27.2527,28.5325
245,2,49.5,15.2772,15.9341,16.7236,17.7013,19.7844,21.6383,23.2198,24.6709,26.0473,27.3762,28.6727
246,2,50.5,15.2576,15.9171,16.7126,17.7022,19.8132,21.691,23.2928,24.7626,26.1567,27.5027,28.8158
247,2,51.5,15.2397,15.9023,16.704,17.706,19.8451,21.7467,23.3688,24.8573,26.2691,27.6321,28.9619
248,2,52.5,15.2235,15.8894,16.6978,17.7127,19.8799,21.8053,23.4478,24.9549,26.3844,27.7645,29.1109
249,2,53.5,15.2089,15.8786,16.6939,17.722,19.9176,21.8668,23.5296,25.0553,26.5025,27.8996,29.2628
250,2,54.5,15.1961,15.8698,16.6924,17.7341,19.9581,21.9311,23.6142,25.1586,26.6234,28.0376,29.4174
251,2,55.5,15.1848,15.8629,16.6932,17.7489,20.0014,21.9982,23.7015,25.2646,26.747,28.1783,29.5747
252,2,56.5,15.1751,15.8578,16.6962,17.7662,20.0474,22.068,23.7916,25.3732,26.8733,28.3216,29.7346
253,2,57.5,15.167,15.8547,16.7013,17.7861,20.096,22.1404,23.8843,25.4845,27.0022,28.4676,29.8972
254,2,58.5,15.1605,15.8534,16.7087,17.8085,20.1473,22.2154,23.9795,25.5983,27.1337,28.616,30.0623
255,2,59.5,15.1554,15.854,16.7182,17.8333,20.201,22.2929,24.0773,25.7147,27.2677,28.767,30.2298
256,2,60.5,15.1519,15.8563,16.7297,17.8605,20.2573,22.3729,24.1775,25.8334,27.4041,28.9204,30.3998
257,2,61.5,15.1498,15.8603,16.7433,17.8901,20.316,22.4553,24.2801,25.9546,27.5428,29.0762,30.5722
258,2,62.5,15.1492,15.8661,16.7588,17.922,20.377,22.54,24.3851,26.0781,27.6839,29.2343,30.7469
259,2,63.5,15.1499,15.8735,16.7764,17.956,20.4404,22.6271,24.4923,26.2039,27.8273,29.3946,30.9238
260,2,64.5,15.1521,15.8826,16.7958,17.9923,20.506,22.7164,24.6018,26.3319,27.9729,29.5572,31.1029
261,2,65.5,15.1557,15.8933,16.8171,18.0307,20.5738,22.8079,24.7135,26.4621,28.1207,29.7219,31.2842
262,2,66.5,15.1606,15.9056,16.8403,18.0713,20.6438,22.9015,24.8273,26.5944,28.2705,29.8887,31.4675
263,2,67.5,15.1668,15.9194,16.8652,18.1138,20.7159,22.9972,24.9432,26.7288,28.4225,30.0576,31.6529
264,2,68.5,15.1743,15.9347,16.8919,18.1584,20.79,23.0949,25.0611,26.8652,28.5764,30.2285,31.8403
265,2,69.5,15.1831,15.9516,16.9203,18.2049,20.8661,23.1947,25.1809,27.0036,28.7323,30.4013,32.0296
266,2,70.5,15.1931,15.9699,16.9504,18.2532,20.9442,23.2963,25.3027,27.1438,28.8901,30.576,32.2208
267,2,71.5,15.2044,15.9896,16.9821,18.3035,21.0241,23.3999,25.4264,27.286,29.0497,30.7525,32.4139
268,2,72.5,15.2169,16.0107,17.0155,18.3555,21.1059,23.5052,25.5518,27.4299,29.2111,30.9309,32.6087
269,2,73.5,15.2306,16.0332,17.0504,18.4093,21.1895,23.6124,25.6791,27.5756,29.3743,31.1109,32.8052
270,2,74.5,15.2454,16.0571,17.0868,18.4648,21.2748,23.7212,25.808,27.723,29.5392,31.2927,33.0035
271,2,75.5,15.2614,16.0822,17.1248,18.522,21.3618,23.8318,25.9387,27.872,29.7057,31.4761,33.2033
272,2,76.5,15.2785,16.1087,17.1641,18.5807,21.4504,23.9439,26.0709,28.0226,29.8738,31.6611,33.4048
273,2,77.5,15.2968,16.1364,17.2049,18.6411,21.5406,24.0577,26.2047,28.1748,30.0435,31.8476,33.6077
274,2,78.5,15.3161,16.1653,17.2471,18.7029,21.6324,24.1729,26.34,28.3286,30.2147,32.0356,33.8122
275,2,79.5,15.3364,16.1954,17.2906,18.7663,21.7257,24.2897,26.4768,28.4837,30.3873,32.225,34.0181
276,2,80.5,15.3579,16.2267,17.3355,18.831,21.8203,24.4078,26.615,28.6403,30.5613,32.4159,34.2253
277,2,81.5,15.3803,16.2592,17.3816,18.8972,21.9164,24.5274,26.7546,28.7983,30.7367,32.6081,34.4339
278,2,82.5,15.4037,16.2928,17.429,18.9647,22.0139,24.6483,26.8955,28.9575,30.9134,32.8016,34.6438
279,2,83.5,15.4282,16.3274,17.4775,19.0335,22.1126,24.7705,27.0377,29.1181,31.0913,32.9963,34.855
280,2,84.5,15.4536,16.3632,17.5273,19.1036,22.2126,24.8939,27.1811,29.2799,31.2705,33.1923,35.0673
281,2,85.5,15.4799,16.3999,17.5782,19.1749,22.3139,25.0186,27.3257,29.4428,31.4508,33.3894,35.2808
282,2,86.5,15.5072,16.4377,17.6301,19.2473,22.4163,25.1444,27.4715,29.6069,31.6323,33.5877,35.4955
283,2,87.5,15.5354,16.4765,17.6832,19.3209,22.5198,25.2713,27.6184,29.7721,31.8148,33.787,35.7111
284,2,88.5,15.5644,16.5162,17.7373,19.3956,22.6244,25.3993,27.7663,29.9383,31.9984,33.9873,35.9278
285,2,89.5,15.5944,16.5569,17.7924,19.4714,22.73,25.5283,27.9152,30.1055,32.183,34.1887,36.1455
286,2,90.5,15.6252,16.5985,17.8485,19.5481,22.8366,25.6582,28.0651,30.2737,32.3685,34.391,36.3641
287,2,91.5,15.6568,16.641,17.9055,19.6258,22.9442,25.7892,28.216,30.4428,32.555,34.5941,36.5836
288,2,92.5,15.6893,16.6844,17.9635,19.7045,23.0527,25.921,28.3677,30.6128,32.7423,34.7982,36.804
289,2,93.5,15.7226,16.7286,18.0223,19.784,23.162,26.0537,28.5203,30.7837,32.9304,35.003,37.0252
290,2,94.5,15.7566,16.7737,18.082,19.8644,23.2722,26.1872,28.6736,30.9553,33.1194,35.2087,37.2471
291,2,95.5,15.7914,16.8195,18.1425,19.9456,23.3832,26.3214,28.8278,31.1277,33.3091,35.4151,37.4698
292,2,96.5,15.827,16.8661,18.2038,20.0276,23.4949,26.4564,28.9827,31.3008,33.4994,35.6221,37.6932
293,2,97.5,15.8633,16.9135,18.2659,20.1104,23.6073,26.5921,29.1382,31.4745,33.6905,35.8299,37.9172
294,2,98.5,15.9003,16.9616,18.3287,20.1938,23.7204,26.7285,29.2944,31.649,33.8822,36.0382,38.1418
295,2,99.5,15.938,17.0104,18.3922,20.2779,23.8341,26.8655,29.4512,31.824,34.0745,36.2472,38.367
296,2,100.5,15.9764,17.0598,18.4564,20.3627,23.9485,27.003,29.6086,31.9996,34.2673,36.4567,38.5927
297,2,101.5,16.0155,17.11,18.5213,20.448,24.0633,27.1412,29.7665,32.1757,34.4606,36.6667,38.819
298,2,102.5,16.0552,17.1608,18.5867,20.5339,24.1788,27.2798,29.925,32.3523,34.6545,36.8771,39.0457
299,2,103.5,16.0955,17.2122,18.6528,20.6204,24.2946,27.4189,30.0838,32.5293,34.8487,37.088,39.2728
300,2,104.5,16.1365,17.2642,18.7194,20.7073,24.411,27.5584,30.2432,32.7068,35.0434,37.2994,39.5003
301,2,105.5,16.178,17.3168,18.7865,20.7947,24.5277,27.6983,30.4029,32.8846,35.2385,37.511,39.7282
302,2,106.5,16.2201,17.3699,18.8542,20.8825,24.6449,27.8386,30.5629,33.0628,35.4339,37.723,39.9564
303,2,107.5,16.2628,17.4236,18.9224,20.9707,24.7624,27.9793,30.7233,33.2413,35.6296,37.9353,40.1849
304,2,108.5,16.3061,17.4778,18.991,21.0593,24.8802,28.1202,30.884,33.4201,35.8256,38.1479,40.4137
305,2,109.5,16.3499,17.5325,19.06,21.1483,24.9983,28.2614,31.045,33.5992,36.0218,38.3607,40.6427
306,2,110.5,16.3942,17.5877,19.1295,21.2375,25.1166,28.4029,31.2061,33.7785,36.2182,38.5737,40.8718
307,2,111.5,16.439,17.6433,19.1994,21.327,25.2352,28.5446,31.3675,33.9579,36.4149,38.7869,41.1012
308,2,112.5,16.4843,17.6993,19.2696,21.4168,25.3539,28.6864,31.5291,34.1375,36.6116,39.0002,41.3306
309,2,113.5,16.53,17.7558,19.3401,21.5068,25.4728,28.8284,31.6907,34.3173,36.8085,39.2136,41.5602
310,2,114.5,16.5763,17.8126,19.411,21.5969,25.5918,28.9705,31.8525,34.4971,37.0055,39.4271,41.7898
311,2,115.5,16.6229,17.8699,19.4821,21.6873,25.711,29.1127,32.0144,34.677,37.2025,39.6407,42.0195
312,2,116.5,16.67,17.9275,19.5535,21.7777,25.8302,29.2549,32.1763,34.857,37.3996,39.8543,42.2492
313,2,117.5,16.7175,17.9854,19.6252,21.8683,25.9494,29.3972,32.3382,35.0369,37.5966,40.0678,42.4789
314,2,118.5,16.7654,18.0436,19.697,21.9589,26.0687,29.5395,32.5001,35.2169,37.7936,40.2814,42.7085
315,2,119.5,16.8137,18.1022,19.7691,22.0496,26.1879,29.6818,32.662,35.3968,37.9906,40.4948,42.9381
316,2,120.5,16.8623,18.161,19.8413,22.1404,26.3071,29.824,32.8238,35.5766,38.1875,40.7082,43.1676
317,2,121.5,16.9113,18.2201,19.9137,22.2311,26.4263,29.9661,32.9856,35.7563,38.3843,40.9215,43.3969
318,2,122.5,16.9606,18.2795,19.9863,22.3218,26.5453,30.1081,33.1472,35.936,38.581,41.1346,43.6261
319,2,123.5,17.0103,18.339,20.0589,22.4124,26.6643,30.25,33.3087,36.1154,38.7775,41.3476,43.8551
320,2,124.5,17.0602,18.3988,20.1316,22.503,26.7831,30.3918,33.4701,36.2947,38.9739,41.5604,44.084
321,2,125.5,17.1105,18.4588,20.2044,22.5935,26.9018,30.5334,33.6312,36.4738,39.17,41.773,44.3126
322,2,126.5,17.161,18.5189,20.2772,22.6839,27.0202,30.6748,33.7922,36.6527,39.3659,41.9853,44.541
323,2,127.5,17.2117,18.5793,20.3501,22.7741,27.1385,30.816,33.9529,36.8314,39.5616,42.1974,44.7691
324,2,128.5,17.2628,18.6397,20.423,22.8642,27.2565,30.9569,34.1134,37.0098,39.757,42.4092,44.9969
325,2,129.5,17.314,18.7003,20.4959,22.9541,27.3743,31.0976,34.2736,37.1879,39.9521,42.6208,45.2244
326,2,130.5,17.3655,18.761,20.5687,23.0438,27.4918,31.238,34.4335,37.3657,40.1469,42.8319,45.4516
327,2,131.5,17.4172,18.8218,20.6415,23.1333,27.6091,31.3781,34.5931,37.5432,40.3414,43.0428,45.6785
328,2,132.5,17.4691,18.8826,20.7142,23.2225,27.726,31.5178,34.7523,37.7204,40.5355,43.2533,45.905
329,2,133.5,17.5211,18.9435,20.7869,23.3115,27.8426,31.6573,34.9112,37.8972,40.7292,43.4634,46.1311
330,2,134.5,17.5733,19.0045,20.8594,23.4002,27.9588,31.7963,35.0698,38.0736,40.9226,43.6732,46.3567
331,2,135.5,17.6257,19.0655,20.9319,23.4886,28.0747,31.935,35.2279,38.2496,41.1155,43.8825,46.582
332,2,136.5,17.6782,19.1265,21.0042,23.5767,28.1902,32.0733,35.3857,38.4252,41.3081,44.0913,46.8068
333,2,137.5,17.7308,19.1875,21.0763,23.6645,28.3053,32.2112,35.543,38.6004,41.5002,44.2998,47.0312
334,2,138.5,17.7836,19.2485,21.1483,23.7519,28.42,32.3487,35.6999,38.7751,41.6918,44.5078,47.2551
335,2,139.5,17.8364,19.3095,21.2201,23.8389,28.5342,32.4857,35.8564,38.9494,41.883,44.7152,47.4785
336,2,140.5,17.8893,19.3704,21.2917,23.9256,28.648,32.6223,36.0124,39.1232,42.0737,44.9222,47.7014
337,2,141.5,17.9423,19.4312,21.363,24.0119,28.7614,32.7584,36.1679,39.2965,42.2639,45.1287,47.9238
338,2,142.5,17.9953,19.492,21.4342,24.0978,28.8743,32.894,36.3229,39.4693,42.4535,45.3347,48.1457
339,2,143.5,18.0484,19.5527,21.5051,24.1832,28.9867,33.0291,36.4774,39.6415,42.6427,45.5401,48.367
340,2,144.5,18.1015,19.6133,21.5757,24.2682,29.0986,33.1637,36.6313,39.8133,42.8313,45.745,48.5878
341,2,145.5,18.1546,19.6738,21.6461,24.3528,29.2099,33.2978,36.7848,39.9845,43.0193,45.9493,48.808
342,2,146.5,18.2077,19.7341,21.7162,24.4369,29.3208,33.4313,36.9377,40.1551,43.2068,46.1531,49.0276
343,2,147.5,18.2609,19.7943,21.786,24.5205,29.4311,33.5643,37.09,40.3252,43.3937,46.3562,49.2466
344,2,148.5,18.3139,19.8544,21.8555,24.6036,29.5409,33.6968,37.2418,40.4947,43.5801,46.5588,49.465
345,2,149.5,18.367,19.9143,21.9247,24.6863,29.6501,33.8286,37.3929,40.6636,43.7658,46.7608,49.6828
346,2,150.5,18.42,19.974,21.9935,24.7684,29.7588,33.9599,37.5435,40.832,43.9509,46.9621,49.9
347,2,151.5,18.473,20.0335,22.0619,24.85,29.8669,34.0906,37.6936,40.9997,44.1354,47.1628,50.1165
348,2,152.5,18.5259,20.0928,22.1301,24.9311,29.9744,34.2208,37.843,41.1668,44.3193,47.3629,50.3324
349,2,153.5,18.5787,20.1519,22.1978,25.0117,30.0813,34.3503,37.9917,41.3333,44.5026,47.5624,50.5477
350,2,154.5,18.6314,20.2107,22.2652,25.0917,30.1876,34.4792,38.1399,41.4991,44.6852,47.7612,50.7623
351,2,155.5,18.684,20.2694,22.3321,25.1712,30.2933,34.6075,38.2875,41.6643,44.8672,47.9594,50.9763
352,2,156.5,18.7364,20.3277,22.3987,25.2501,30.3984,34.7351,38.4344,41.8289,45.0485,48.1569,51.1895
353,2,157.5,18.7888,20.3858,22.4648,25.3284,30.5029,34.8622,38.5807,41.9928,45.2292,48.3537,51.4021
354,2,158.5,18.841,20.4437,22.5305,25.4062,30.6068,34.9886,38.7263,42.1561,45.4092,48.5499,51.6141
355,2,159.5,18.893,20.5012,22.5958,25.4833,30.71,35.1144,38.8713,42.3187,45.5885,48.7454,51.8253
356,2,160.5,18.9449,20.5585,22.6607,25.5599,30.8126,35.2395,39.0156,42.4807,45.7672,48.9402,52.0359
357,2,161.5,18.9966,20.6154,22.7251,25.6359,30.9146,35.364,39.1593,42.642,45.9452,49.1343,52.2457
358,2,162.5,19.0481,20.672,22.789,25.7114,31.016,35.4878,39.3023,42.8026,46.1225,49.3278,52.4549
359,2,163.5,19.0994,20.7283,22.8525,25.7862,31.1167,35.611,39.4447,42.9626,46.2992,49.5205,52.6634
360,2,164.5,19.1505,20.7843,22.9155,25.8604,31.2168,35.7336,39.5864,43.1219,46.4752,49.7126,52.8712
361,2,165.5,19.2014,20.8399,22.978,25.934,31.3162,35.8554,39.7274,43.2805,46.6505,49.904,53.0783
362,2,166.5,19.252,20.8952,23.0401,26.007,31.415,35.9767,39.8678,43.4384,46.8251,50.0947,53.2847
363,2,167.5,19.3024,20.9501,23.1016,26.0794,31.5131,36.0973,40.0075,43.5957,46.999,50.2847,53.4904
364,2,168.5,19.3526,21.0046,23.1626,26.1511,31.6107,36.2172,40.1466,43.7523,47.1722,50.474,53.6953
365,2,169.5,19.4024,21.0588,23.2232,26.2223,31.7075,36.3365,40.285,43.9082,47.3448,50.6626,53.8996
366,2,170.5,19.452,21.1125,23.2832,26.2928,31.8038,36.4551,40.4227,44.0635,47.5167,50.8506,54.1032
367,2,171.5,19.5014,21.1659,23.3427,26.3628,31.8994,36.5731,40.5598,44.2181,47.6879,51.0378,54.3061
368,2,172.5,19.5504,21.2188,23.4017,26.4321,31.9943,36.6904,40.6962,44.372,47.8584,51.2244,54.5084
369,2,173.5,19.5991,21.2714,23.4601,26.5008,32.0887,36.8071,40.832,44.5253,48.0283,51.4103,54.7099
370,2,174.5,19.6475,21.3235,23.518,26.5689,32.1824,36.9232,40.9671,44.6779,48.1975,51.5955,54.9107
371,2,175.5,19.6955,21.3752,23.5754,26.6364,32.2755,37.0386,41.1016,44.8299,48.366,51.78,55.1109
372,2,176.5,19.7432,21.4264,23.6322,26.7033,32.368,37.1534,41.2354,44.9812,48.5339,51.9639,55.3104
373,2,177.5,19.7906,21.4772,23.6885,26.7695,32.4598,37.2676,41.3686,45.1318,48.7012,52.1471,55.5092
374,2,178.5,19.8376,21.5276,23.7443,26.8352,32.5511,37.3811,41.5012,45.2819,48.8677,52.3297,55.7074
375,2,179.5,19.8843,21.5775,23.7995,26.9003,32.6417,37.4941,41.6332,45.4313,49.0337,52.5116,55.9049
376,2,180.5,19.9306,21.6269,23.8542,26.9647,32.7318,37.6064,41.7645,45.58,49.199,52.6929,56.1017
377,2,181.5,19.9765,21.6759,23.9083,27.0286,32.8213,37.7182,41.8952,45.7282,49.3637,52.8735,56.2979
378,2,182.5,20.022,21.7244,23.9618,27.0919,32.9102,37.8293,42.0254,45.8757,49.5277,53.0535,56.4935
379,2,183.5,20.067,21.7724,24.0148,27.1547,32.9985,37.9399,42.1549,46.0227,49.6912,53.2329,56.6884
380,2,184.5,20.1117,21.8199,24.0673,27.2168,33.0863,38.0499,42.2839,46.1691,49.8541,53.4117,56.8828
381,2,185.5,20.156,21.8669,24.1192,27.2784,33.1735,38.1593,42.4123,46.3148,50.0163,53.5899,57.0765
382,2,186.5,20.1998,21.9134,24.1705,27.3395,33.2602,38.2682,42.5401,46.46,50.178,53.7675,57.2696
383,2,187.5,20.2432,21.9595,24.2213,27.4,33.3464,38.3766,42.6674,46.6047,50.3391,53.9445,57.4622
384,2,188.5,20.2861,22.005,24.2716,27.4599,33.432,38.4844,42.7941,46.7488,50.4997,54.121,57.6541
385,2,189.5,20.3286,22.05,24.3212,27.5193,33.5172,38.5917,42.9203,46.8923,50.6597,54.2969,57.8455
386,2,190.5,20.3706,22.0945,24.3704,27.5782,33.6018,38.6985,43.046,47.0354,50.8192,54.4723,58.0364
387,2,191.5,20.4122,22.1385,24.419,27.6366,33.686,38.8048,43.1712,47.1779,50.9782,54.6471,58.2267
388,2,192.5,20.4533,22.182,24.467,27.6945,33.7697,38.9106,43.2959,47.3199,51.1366,54.8214,58.4165
389,2,193.5,20.4938,22.2249,24.5145,27.7519,33.8529,39.016,43.4202,47.4615,51.2946,54.9952,58.6058
390,2,194.5,20.5339,22.2673,24.5615,27.8088,33.9358,39.1209,43.5439,47.6026,51.4521,55.1686,58.7946
391,2,195.5,20.5735,22.3092,24.6079,27.8652,34.0182,39.2254,43.6673,47.7432,51.6091,55.3414,58.9829
392,2,196.5,20.6126,22.3505,24.6538,27.9212,34.1001,39.3295,43.7902,47.8834,51.7657,55.5138,59.1707
393,2,197.5,20.6511,22.3913,24.6991,27.9767,34.1817,39.4332,43.9127,48.0231,51.9218,55.6858,59.3581
394,2,198.5,20.6891,22.4316,24.7439,28.0319,34.263,39.5364,44.0348,48.1625,52.0776,55.8574,59.5451
395,2,199.5,20.7266,22.4713,24.7882,28.0865,34.3438,39.6394,44.1565,48.3015,52.2329,56.0285,59.7317
396,2,200.5,20.7636,22.5105,24.832,28.1408,34.4244,39.7419,44.2778,48.4401,52.3879,56.1992,59.9178
397,2,201.5,20.7999,22.5492,24.8753,28.1948,34.5046,39.8442,44.3988,48.5783,52.5425,56.3696,60.1036
398,2,202.5,20.8358,22.5873,24.9181,28.2483,34.5845,39.9461,44.5195,48.7163,52.6967,56.5397,60.289
399,2,203.5,20.8711,22.6248,24.9604,28.3015,34.6641,40.0477,44.6399,48.8539,52.8507,56.7094,60.4741
400,2,204.5,20.9058,22.6619,25.0022,28.3543,34.7435,40.1491,44.7601,48.9912,53.0043,56.8788,60.6589
401,2,205.5,20.9399,22.6983,25.0435,28.4068,34.8227,40.2502,44.8799,49.1283,53.1577,57.0479,60.8434
402,2,206.5,20.9734,22.7342,25.0843,28.4591,34.9016,40.3511,44.9995,49.2651,53.3108,57.2167,61.0276
403,2,207.5,21.0064,22.7696,25.1247,28.511,34.9803,40.4518,45.1189,49.4016,53.4637,57.3853,61.2115
404,2,208.5,21.0387,22.8044,25.1646,28.5627,35.0589,40.5522,45.2381,49.538,53.6163,57.5537,61.3952
405,2,209.5,21.0705,22.8387,25.204,28.6141,35.1373,40.6526,45.3572,49.6742,53.7688,57.7219,61.5787
406,2,210.5,21.1016,22.8724,25.243,28.6653,35.2156,40.7528,45.476,49.8102,53.9211,57.8899,61.7621
407,2,211.5,21.1322,22.9056,25.2816,28.7163,35.2938,40.8529,45.5948,49.9461,54.0733,58.0578,61.9453
408,2,212.5,21.1621,22.9382,25.3197,28.7671,35.3719,40.9528,45.7135,50.0819,54.2253,58.2255,62.1283
409,2,213.5,21.1913,22.9702,25.3574,28.8177,35.4499,41.0528,45.8321,50.2176,54.3773,58.3931,62.3112
410,2,214.5,21.22,23.0018,25.3948,28.8682,35.528,41.1527,45.9506,50.3533,54.5291,58.5607,62.4941
411,2,215.5,21.248,23.0328,25.4317,28.9186,35.606,41.2526,46.0691,50.4889,54.681,58.7282,62.6769
412,2,216.5,21.2753,23.0632,25.4682,28.9689,35.6841,41.3525,46.1877,50.6246,54.8328,58.8957,62.8596
413,2,217.5,21.302,23.0931,25.5044,29.0191,35.7622,41.4524,46.3062,50.7602,54.9847,59.0632,63.0424
414,2,218.5,21.3281,23.1224,25.5402,29.0693,35.8404,41.5525,46.4249,50.8959,55.1366,59.2308,63.2252
415,2,219.5,21.3534,23.1513,25.5757,29.1194,35.9187,41.6526,46.5436,51.0317,55.2886,59.3984,63.4081
416,2,220.5,21.3781,23.1795,25.6108,29.1696,35.9972,41.7529,46.6625,51.1677,55.4407,59.5661,63.591
417,2,221.5,21.4021,23.2073,25.6456,29.2197,36.0759,41.8533,46.7815,51.3037,55.5929,59.7339,63.7741
418,2,222.5,21.4255,23.2345,25.68,29.27,36.1547,41.9539,46.9007,51.44,55.7453,59.9019,63.9573
419,2,223.5,21.4481,23.2612,25.7142,29.3203,36.2339,42.0548,47.0201,51.5764,55.8979,60.0701,64.1407
420,2,224.5,21.4701,23.2873,25.7481,29.3707,36.3132,42.1559,47.1398,51.7131,56.0507,60.2385,64.3243
421,2,225.5,21.4913,23.3129,25.7817,29.4212,36.3929,42.2573,47.2597,51.8501,56.2038,60.4072,64.5082
422,2,226.5,21.5119,23.338,25.815,29.472,36.4729,42.3591,47.38,51.9873,56.3572,60.5762,64.6923
423,2,227.5,21.5317,23.3626,25.8481,29.5229,36.5534,42.4612,47.5006,52.1249,56.511,60.7454,64.8768
424,2,228.5,21.5508,23.3867,25.881,29.574,36.6342,42.5637,47.6216,52.2629,56.6651,60.9151,65.0616
425,2,229.5,21.5692,23.4102,25.9137,29.6254,36.7154,42.6666,47.7431,52.4013,56.8196,61.0851,65.2468
426,2,230.5,21.5869,23.4332,25.9461,29.6771,36.7972,42.7701,47.865,52.5402,56.9745,61.2556,65.4325
427,2,231.5,21.6038,23.4557,25.9784,29.7291,36.8794,42.874,47.9874,52.6795,57.1299,61.4266,65.6186
428,2,232.5,21.62,23.4778,26.0105,29.7814,36.9622,42.9784,48.1103,52.8194,57.2859,61.598,65.8052
429,2,233.5,21.6354,23.4993,26.0424,29.8342,37.0457,43.0835,48.2338,52.9599,57.4424,61.77,65.9923
430,2,234.5,21.6501,23.5203,26.0742,29.8873,37.1297,43.1892,48.3579,53.1009,57.5995,61.9426,66.18
431,2,235.5,21.664,23.5408,26.1058,29.9409,37.2144,43.2955,48.4827,53.2426,57.7572,62.1158,66.3683
432,2,236.5,21.6771,23.5608,26.1374,29.995,37.2999,43.4025,48.6081,53.3849,57.9156,62.2897,66.5573
433,2,237.5,21.6895,23.5803,26.1689,30.0496,37.3861,43.5103,48.7343,53.528,58.0747,62.4643,66.747
434,2,238.5,21.7011,23.5994,26.2002,30.1048,37.4731,43.6189,48.8613,53.6719,58.2346,62.6396,66.9374
435,2,239.5,21.7119,23.6179,26.2316,30.1606,37.5609,43.7283,48.9891,53.8165,58.3952,62.8157,67.1286
436,2,240.0,21.717,23.627,26.2472,30.1887,37.6051,43.7833,49.0533,53.8892,58.4759,62.9041,67.2245
437,2,240.5,21.7219,23.636,26.2629,30.2169,37.6496,43.8385,49.1177,53.962,58.5567,62.9927,67.3206
