age_months,sex,P50,P75,P85,P90,P95,pct120ofP95,pct130ofP95,pct140ofP95,pct150ofP95,pct160ofP95,pct170ofP95,pct180ofP95,pct190ofP95,pct200ofP95
24.0,1,16.575,17.5572,18.1622,18.6095,19.338,23.205613,25.139400000000002,27.0732,29.007,30.940800000000003,32.8746,34.808400000000006,36.7422,38.676
24.5,1,16.5478,17.5213,18.1195,18.5611,19.2789,23.134678,25.06257,26.99046,28.91835,30.84624,32.77413,34.702020000000005,36.629909999999995,38.5578
25.5,1,16.4944,17.4514,18.0367,18.4673,19.1647,22.997592,24.91411,26.830579999999998,28.74705,30.663520000000002,32.57999,34.49646,36.412929999999996,38.3294
26.5,1,16.4426,17.3838,17.957,18.3774,19.0557,22.866809,24.772410000000004,26.67798,28.583550000000002,30.489120000000003,32.394690000000004,34.30026,36.20583,38.1114
27.5,1,16.3922,17.3187,17.8805,18.2913,18.9519,22.742241,24.63747,26.532659999999996,28.42785,30.32304,32.21823,34.11342,36.00861,37.9038
28.5,1,16.3433,17.2559,17.807,18.2089,18.8532,22.623798,24.50916,26.39448,28.2798,30.16512,32.05044,33.93576,35.82108,37.7064
29.5,1,16.2958,17.1955,17.7367,18.1303,18.7595,22.511392,24.38735,26.263299999999997,28.139249999999997,30.0152,31.891149999999996,33.7671,35.643049999999995,37.519
30.5,1,16.2497,17.1373,17.6693,18.0554,18.6708,22.404934,24.27204,26.13912,28.0062,29.87328,31.74036,33.607440000000004,35.47452,37.3416
31.5,1,16.205,17.0813,17.6049,17.9841,18.5869,22.304335,24.16297,26.021659999999997,27.88035,29.739040000000003,31.59773,33.45642,35.31511,37.1738
32.5,1,16.1615,17.0275,17.5435,17.9164,18.5079,22.209506,24.06027,25.91106,27.76185,29.61264,31.46343,33.31422,35.165009999999995,37.0158
33.5,1,16.1193,16.9759,17.485,17.8522,18.4336,22.120357,23.96368,25.807039999999997,27.650399999999998,29.493759999999998,31.337119999999995,33.180479999999996,35.02383999999999,36.8672
34.5,1,16.0784,16.9265,17.4293,17.7914,18.364,22.0368,23.8732,25.7096,27.546,29.382400000000004,31.2188,33.0552,34.8916,36.728
35.5,1,16.0388,16.8791,17.3764,17.7341,18.299,21.958744,23.7887,25.618599999999997,27.4485,29.2784,31.1083,32.9382,34.7681,36.598
36.5,1,16.0003,16.8338,17.3263,17.6802,18.2384,21.8861,23.70992,25.533759999999997,27.357599999999998,29.18144,31.005279999999996,32.829119999999996,34.65295999999999,36.4768
37.5,1,15.963,16.7905,17.2789,17.6296,18.1823,21.818777,23.636990000000004,25.45522,27.273450000000004,29.091680000000004,30.90991,32.72814,34.54637,36.3646
38.5,1,15.927,16.7492,17.2342,17.5823,18.1306,21.756687,23.56978,25.38284,27.1959,29.008960000000002,30.822020000000002,32.63508,34.44814,36.2612
39.5,1,15.892,16.7099,17.1921,17.5382,18.0831,21.699736,23.50803,25.31634,27.124650000000003,28.932960000000005,30.741270000000004,32.549580000000006,34.357890000000005,36.1662
40.5,1,15.8582,16.6725,17.1527,17.4973,18.0399,21.647834,23.45187,25.25586,27.059849999999997,28.86384,30.66783,32.47182,34.27581,36.0798
41.5,1,15.8256,16.637,17.1158,17.4594,18.0007,21.600891,23.40091,25.200979999999998,27.00105,28.801119999999997,30.601189999999995,32.40126,34.20133,36.0014
42.5,1,15.7941,16.6034,17.0813,17.4246,17.9657,21.558815,23.35541,25.151979999999995,26.948549999999997,28.74512,30.541689999999996,32.33826,34.134829999999994,35.9314
43.5,1,15.7636,16.5717,17.0494,17.3928,17.9346,21.521512,23.314980000000002,25.108439999999998,26.901899999999998,28.69536,30.488819999999997,32.28228,34.075739999999996,35.8692
44.5,1,15.7343,16.5418,17.0199,17.3639,17.9074,21.488892,23.27962,25.070359999999997,26.8611,28.65184,30.442579999999996,32.23332,34.02406,35.8148
45.5,1,15.7061,16.5136,16.9927,17.338,17.8841,21.460862,23.24933,25.03774,26.82615,28.61456,30.40297,32.19138,33.97979,35.7682
46.5,1,15.679,16.4873,16.9679,17.3148,17.8644,21.437328,23.22372,25.01016,26.796599999999998,28.58304,30.36948,32.15592,33.94236,35.7288
47.5,1,15.6531,16.4626,16.9453,17.2943,17.8485,21.418195,23.20305,24.9879,26.772750000000002,28.557600000000004,30.342450000000003,32.127300000000005,33.912150000000004,35.697
48.5,1,15.6282,16.4397,16.925,17.2766,17.8361,21.403371,23.18693,24.970539999999996,26.754149999999996,28.53776,30.321369999999995,32.10498,33.88858999999999,35.6722
49.5,1,15.6044,16.4185,16.9069,17.2615,17.8273,21.392759,23.175490000000003,24.95822,26.74095,28.523680000000002,30.30641,32.08914,33.87187,35.6546
50.5,1,15.5818,16.3989,16.8909,17.249,17.8219,21.386264,23.16847,24.95066,26.73285,28.51504,30.29723,32.07942,33.86161,35.6438
51.5,1,15.5603,16.381,16.877,17.239,17.8198,21.38379,23.165740000000003,24.94772,26.7297,28.511680000000002,30.29366,32.07564,33.85762,35.6396
52.5,1,15.5399,16.3647,16.8652,17.2315,17.821,21.385243,23.167300000000004,24.9494,26.731500000000004,28.513600000000004,30.2957,32.0778,33.8599,35.642
53.5,1,15.5206,16.35,16.8554,17.2263,17.8254,21.390523,23.173019999999998,24.955559999999995,26.738099999999996,28.52064,30.303179999999998,32.085719999999995,33.86825999999999,35.6508
54.5,1,15.5026,16.3369,16.8476,17.2235,17.8329,21.399537,23.182769999999998,24.966059999999995,26.74935,28.53264,30.315929999999998,32.099219999999995,33.882509999999996,35.6658
55.5,1,15.4857,16.3254,16.8418,17.2231,17.8435,21.412188,23.19655,24.9809,26.765249999999998,28.549599999999998,30.333949999999998,32.1183,33.902649999999994,35.687
56.5,1,15.47,16.3155,16.8378,17.2248,17.857,21.428382,23.2141,24.999799999999997,26.7855,28.5712,30.3569,32.1426,33.9283,35.714
57.5,1,15.4555,16.3072,16.8358,17.2288,17.8734,21.448024,23.23542,25.022759999999998,26.8101,28.597440000000002,30.38478,32.17212,33.95946,35.7468
58.5,1,15.4421,16.3004,16.8356,17.2349,17.8925,21.47102,23.26025,25.049499999999995,26.838749999999997,28.628,30.417249999999996,32.2065,33.995749999999994,35.785
59.5,1,15.43,16.2952,16.8373,17.2432,17.9144,21.497279,23.28872,25.08016,26.8716,28.663040000000002,30.45448,32.245920000000005,34.03736,35.8288
60.5,1,15.4191,16.2915,16.8408,17.2534,17.9389,21.52671,23.32057,25.114459999999998,26.90835,28.702240000000003,30.49613,32.29002,34.083909999999996,35.8778
61.5,1,15.4095,16.2893,16.846,17.2657,17.966,21.559226,23.355800000000002,25.1524,26.949,28.745600000000003,30.5422,32.338800000000006,34.1354,35.932
62.5,1,15.401,16.2887,16.853,17.28,17.9956,21.594738,23.394280000000002,25.193839999999998,26.9934,28.79296,30.592519999999997,32.39208,34.19164,35.9912
63.5,1,15.3938,16.2895,16.8617,17.2962,18.0276,21.633163,23.43588,25.238639999999997,27.0414,28.844160000000002,30.646919999999998,32.44968,34.25244,36.0552
64.5,1,15.3878,16.2919,16.8722,17.3144,18.062,21.674417,23.480600000000003,25.2868,27.093000000000004,28.899200000000004,30.7054,32.5116,34.3178,36.124
65.5,1,15.3831,16.2958,16.8843,17.3344,18.0987,21.71842,23.52831,25.33818,27.14805,28.95792,30.76779,32.57766,34.38753,36.1974
66.5,1,15.3795,16.3011,16.8981,17.3562,18.1376,21.765093,23.578879999999998,25.392639999999997,27.2064,29.02016,30.83392,32.64768,34.461439999999996,36.2752
67.5,1,15.3772,16.3079,16.9135,17.3798,18.1786,21.81436,23.63218,25.450039999999998,27.267899999999997,29.08576,30.903619999999997,32.72148,34.539339999999996,36.3572
68.5,1,15.3761,16.3162,16.9305,17.4051,18.2218,21.866146,23.688340000000004,25.51052,27.332700000000003,29.154880000000006,30.97706,32.799240000000005,34.62142,36.4436
69.5,1,15.3762,16.3259,16.9491,17.4322,18.267,21.920378,23.7471,25.5738,27.4005,29.2272,31.0539,32.8806,34.7073,36.534
70.5,1,15.3775,16.337,16.9693,17.4609,18.3142,21.976986,23.80846,25.639879999999998,27.4713,29.30272,31.13414,32.96556,34.79698,36.6284
71.5,1,15.3799,16.3496,16.991,17.4913,18.3633,22.035901,23.87229,25.708619999999996,27.54495,29.38128,31.217609999999997,33.05394,34.890269999999994,36.7266
72.5,1,15.3835,16.3635,17.0142,17.5234,18.4142,22.097055,23.938460000000003,25.77988,27.6213,29.462720000000004,31.30414,33.14556,34.98698,36.8284
73.5,1,15.3883,16.3787,17.0389,17.557,18.467,22.160382,24.007099999999998,25.853799999999996,27.700499999999998,29.5472,31.3939,33.2406,35.0873,36.934
74.5,1,15.3942,16.3954,17.065,17.5921,18.5215,22.225818,24.07795,25.9301,27.782249999999998,29.6344,31.486549999999998,33.3387,35.19085,37.043
75.5,1,15.4013,16.4133,17.0927,17.6288,18.5777,22.2933,24.15101,26.008779999999998,27.86655,29.724320000000002,31.58209,33.43986,35.29763,37.1554
76.5,1,15.4094,16.4326,17.1217,17.667,18.6356,22.362766,24.226280000000003,26.08984,27.953400000000002,29.81696,31.680519999999998,33.54408,35.40764,37.2712
77.5,1,15.4187,16.4531,17.1521,17.7066,18.6951,22.434155,24.303630000000002,26.17314,28.042650000000002,29.91216,31.78167,33.651180000000004,35.52069,37.3902
78.5,1,15.429,16.475,17.1838,17.7476,18.7562,22.507407,24.38306,26.25868,28.1343,30.00992,31.88554,33.761160000000004,35.636779999999995,37.5124
79.5,1,15.4404,16.498,17.2169,17.79,18.8187,22.582465,24.46431,26.346179999999997,28.22805,30.109920000000002,31.991789999999998,33.87366,35.75553,37.6374
80.5,1,15.4529,16.5223,17.2513,17.8338,18.8827,22.65927,24.54751,26.435779999999998,28.32405,30.212320000000002,32.10059,33.98886,35.87713,37.7654
81.5,1,15.4664,16.5478,17.2869,17.8789,18.9481,22.737764,24.632530000000003,26.52734,28.422150000000002,30.31696,32.21177,34.10658,36.00139,37.8962
82.5,1,15.4809,16.5744,17.3238,17.9253,19.0149,22.817893,24.71937,26.62086,28.522350000000003,30.423840000000002,32.32533,34.226820000000004,36.12831,38.0298
83.5,1,15.4964,16.6022,17.3619,17.973,19.083,22.899601,24.8079,26.716199999999997,28.624499999999998,30.532799999999998,32.4411,34.349399999999996,36.25769999999999,38.166
84.5,1,15.5129,16.6311,17.4012,18.0218,19.1524,22.982833,24.898120000000002,26.81336,28.7286,30.64384,32.55908,34.47432,36.389559999999996,38.3048
85.5,1,15.5303,16.6611,17.4417,18.0719,19.2229,23.067535,24.98977,26.912059999999997,28.83435,30.75664,32.67893,34.60122,36.523509999999995,38.4458
86.5,1,15.5488,16.6923,17.4833,18.1231,19.2947,23.153654,25.083109999999998,27.012579999999996,28.94205,30.87152,32.80099,34.73046,36.659929999999996,38.5894
87.5,1,15.5681,16.7244,17.526,18.1755,19.3676,23.241138,25.177880000000002,27.114639999999998,29.0514,30.98816,32.92492,34.86168,36.79844,38.7352
88.5,1,15.5884,16.7576,17.5698,18.2289,19.4416,23.329934,25.27408,27.21824,29.1624,31.10656,33.05072,34.99488,36.93904,38.8832
89.5,1,15.6096,16.7919,17.6146,18.2834,19.5167,23.419991,25.37171,27.32338,29.27505,31.22672,33.17839,35.13006,37.08173,39.0334
90.5,1,15.6317,16.8271,17.6605,18.339,19.5927,23.511258,25.47051,27.42978,29.38905,31.34832,33.30759,35.26686,37.22613,39.1854
91.5,1,15.6547,16.8633,17.7074,18.3955,19.6697,23.603686,25.57061,27.53758,29.50455,31.471519999999998,33.438489999999994,35.40546,37.372429999999994,39.3394
92.5,1,15.6785,16.9004,17.7552,18.4531,19.7477,23.697224,25.67201,27.646779999999996,29.62155,31.59632,33.57109,35.54586,37.52063,39.4954
93.5,1,15.7032,16.9384,17.804,18.5115,19.8265,23.791824,25.77445,27.757099999999998,29.73975,31.7224,33.70505,35.6877,37.67035,39.653
94.5,1,15.7288,16.9774,17.8537,18.5709,19.9062,23.887436,25.878059999999998,27.868679999999998,29.859299999999998,31.849919999999997,33.84054,35.83116,37.82178,39.8124
95.5,1,15.7551,17.0173,17.9043,18.6311,19.9867,23.984014,25.98271,27.981379999999998,29.98005,31.97872,33.97739,35.97606,37.974729999999994,39.9734
96.5,1,15.7823,17.058,17.9558,18.6923,20.0679,24.08151,26.08827,28.09506,30.101850000000002,32.10864,34.11543,36.122220000000006,38.12901,40.1358
97.5,1,15.8103,17.0995,18.0081,18.7542,20.1499,24.179878,26.194869999999998,28.209859999999995,30.224849999999996,32.23984,34.25483,36.269819999999996,38.28480999999999,40.2998
98.5,1,15.839,17.1419,18.0612,18.8169,20.2326,24.279071,26.302380000000003,28.32564,30.3489,32.37216,34.39542,36.41868,38.44194,40.4652
99.5,1,15.8686,17.1851,18.1151,18.8804,20.3159,24.379044,26.41067,28.442259999999997,30.47385,32.50544,34.537029999999994,36.56862,38.60021,40.6318
100.5,1,15.8989,17.2291,18.1698,18.9446,20.3998,24.479753,26.51974,28.559719999999995,30.5997,32.63968,34.67966,36.71964,38.75962,40.7996
101.5,1,15.9299,17.2738,18.2253,19.0095,20.4843,24.581152,26.629590000000004,28.67802,30.72645,32.77488,34.82331,36.87174,38.92017,40.9686
102.5,1,15.9617,17.3193,18.2814,19.0751,20.5693,24.683199,26.74009,28.797019999999996,30.853949999999998,32.91088,34.96780999999999,37.02474,39.081669999999995,41.1386
103.5,1,15.9942,17.3655,18.3383,19.1414,20.6549,24.78585,26.851370000000003,28.91686,30.982350000000004,33.04784,35.113330000000005,37.17882,39.24431,41.3098
104.5,1,16.0274,17.4124,18.3958,19.2083,20.7409,24.889063,26.96317,29.037259999999996,31.11135,33.18544,35.25953,37.33362,39.407709999999994,41.4818
105.5,1,16.0613,17.46,18.454,19.2757,20.8273,24.992797,27.075490000000002,29.15822,31.24095,33.32368,35.40641,37.489140000000006,39.57187,41.6546
106.5,1,16.0959,17.5083,18.5128,19.3438,20.9142,25.09701,27.188460000000003,29.27988,31.3713,33.462720000000004,35.554140000000004,37.64556,39.73698,41.8284
107.5,1,16.1312,17.5573,18.5722,19.4124,21.0014,25.201662,27.301820000000003,29.40196,31.5021,33.60224,35.70238,37.80252,39.90266,42.0028
108.5,1,16.1671,17.6068,18.6322,19.4815,21.0889,25.306713,27.41557,29.524459999999998,31.63335,33.74224,35.85113,37.96002,40.068909999999995,42.1778
109.5,1,16.2037,17.657,18.6928,19.5511,21.1768,25.412124,27.52984,29.647519999999997,31.7652,33.88288,36.00056,38.11824,40.23592,42.3536
110.5,1,16.2409,17.7078,18.7539,19.6212,21.2649,25.517857,27.644370000000002,29.77086,31.897350000000003,34.02384,36.150330000000004,38.27682,40.40331,42.5298
111.5,1,16.2788,17.7592,18.8155,19.6917,21.3532,25.623874,27.75916,29.894479999999998,32.0298,34.16512,36.30044,38.43576,40.57108,42.7064
112.5,1,16.3173,17.8111,18.8777,19.7627,21.4418,25.730138,27.87434,30.01852,32.1627,34.30688,36.45106,38.595240000000004,40.73942,42.8836
113.5,1,16.3564,17.8636,18.9403,19.834,21.5305,25.836612,27.98965,30.142699999999998,32.29575,34.4488,36.60185,38.7549,40.90795,43.061
114.5,1,16.3961,17.9166,19.0034,19.9057,21.6194,25.943261,28.10522,30.267159999999997,32.4291,34.59104,36.752979999999994,38.91492,41.076859999999996,43.2388
115.5,1,16.4363,17.9702,19.0669,19.9778,21.7084,26.05005,28.220920000000003,30.391759999999998,32.5626,34.73344,36.90428,39.075120000000005,41.24596,43.4168
116.5,1,16.4772,18.0243,19.1308,20.0502,21.7975,26.156944,28.33675,30.516499999999997,32.69625,34.876,37.055749999999996,39.2355,41.41525,43.595
117.5,1,16.5186,18.0788,19.1952,20.1229,21.8866,26.263909,28.45258,30.64124,32.8299,35.01856,37.20722,39.395880000000005,41.584540000000004,43.7732
118.5,1,16.5606,18.1338,19.2599,20.1959,21.9758,26.370914,28.56854,30.766119999999997,32.9637,35.16128,37.35886,39.55644,41.75402,43.9516
119.5,1,16.6031,18.1893,19.325,20.2692,22.0649,26.477925,28.68437,30.89086,33.097350000000006,35.30384,37.51033,39.716820000000006,41.92331,44.1298
120.5,1,16.6461,18.2452,19.3904,20.3427,22.1541,26.584911,28.80033,31.015739999999997,33.23115,35.44656,37.66197,39.87738,42.09279,44.3082
121.5,1,16.6897,18.3016,19.4562,20.4164,22.2432,26.691841,28.91616,31.14048,33.3648,35.58912,37.81344,40.037760000000006,42.262080000000005,44.4864
122.5,1,16.7338,18.3583,19.5223,20.4904,22.3322,26.798685,29.03186,31.265079999999998,33.4983,35.73152,37.96474,40.19796,42.43118,44.6644
123.5,1,16.7784,18.4155,19.5886,20.5645,22.4212,26.905415,29.14756,31.389679999999995,33.6318,35.87392,38.11604,40.35816,42.60028,44.8424
124.5,1,16.8235,18.4731,19.6553,20.6388,22.51,27.012,29.263,31.514,33.765,36.016000000000005,38.267,40.518,42.769,45.02
125.5,1,16.8691,18.531,19.7222,20.7132,22.5987,27.118413,29.378310000000003,31.63818,33.89805,36.157920000000004,38.417790000000004,40.67766,42.93753,45.1974
126.5,1,16.9151,18.5893,19.7894,20.7878,22.6872,27.224627,29.493360000000003,31.762079999999997,34.0308,36.29952,38.56824,40.836960000000005,43.10568,45.3744
127.5,1,16.9616,18.6479,19.8568,20.8624,22.7755,27.330616,29.608150000000002,31.8857,34.163250000000005,36.4408,38.71835,40.995900000000006,43.27345,45.551
128.5,1,17.0086,18.7069,19.9244,20.9372,22.8636,27.436353,29.722680000000004,32.00904,34.2954,36.58176,38.868120000000005,41.15448000000001,43.44084,45.7272
129.5,1,17.056,18.7662,19.9922,21.012,22.9515,27.541814,29.83695,32.132099999999994,34.42725,36.7224,39.01755,41.3127,43.60785,45.903
130.5,1,17.1039,18.8258,20.0602,21.0869,23.0391,27.646975,29.950830000000003,32.25474,34.55865,36.86256,39.166470000000004,41.470380000000006,43.77429,46.0782
131.5,1,17.1522,18.8857,20.1284,21.1618,23.1265,27.751811,30.06445,32.3771,34.689750000000004,37.0024,39.31505,41.627700000000004,43.940349999999995,46.253
132.5,1,17.2009,18.9459,20.1967,21.2368,23.2136,27.8563,30.17768,32.49904,34.8204,37.14176,39.463119999999996,41.78448,44.10584,46.4272
133.5,1,17.25,19.0063,20.2651,21.3118,23.3004,27.960421,30.29052,32.62056,34.9506,37.28064,39.61068,41.94072,44.270759999999996,46.6008
134.5,1,17.2995,19.0671,20.3337,21.3867,23.3868,28.06415,30.40284,32.74152,35.080200000000005,37.41888,39.75756,42.09624,44.43492,46.7736
135.5,1,17.3494,19.128,20.4024,21.4616,23.4729,28.167469,30.51477,32.86206,35.20935,37.55664,39.903929999999995,42.251219999999996,44.59851,46.9458
136.5,1,17.3997,19.1892,20.4712,21.5366,23.5586,28.270358,30.626179999999998,32.98204,35.3379,37.69376,40.04962,42.40548,44.76134,47.1172
137.5,1,17.4504,19.2507,20.5401,21.6114,23.644,28.372796,30.737199999999998,33.1016,35.465999999999994,37.8304,40.194799999999994,42.5592,44.92359999999999,47.288
138.5,1,17.5014,19.3123,20.6091,21.6862,23.729,28.474766,30.8477,33.2206,35.5935,37.9664,40.339299999999994,42.7122,45.0851,47.458
139.5,1,17.5528,19.3742,20.6781,21.7609,23.8135,28.57625,30.95755,33.3389,35.72025,38.101600000000005,40.48295,42.8643,45.24565,47.627
140.5,1,17.6045,19.4362,20.7472,21.8355,23.8977,28.677232,31.06701,33.45678,35.84655,38.23632,40.62609,43.01586,45.40563,47.7954
141.5,1,17.6565,19.4985,20.8163,21.9101,23.9814,28.777694,31.17582,33.57396,35.9721,38.37024,40.76838,43.166520000000006,45.564659999999996,47.9628
142.5,1,17.7089,19.5609,20.8855,21.9845,24.0647,28.877623,31.28411,33.69058,36.097049999999996,38.50352,40.90998999999999,43.31646,45.72293,48.1294
143.5,1,17.7616,19.6234,20.9547,22.0588,24.1475,28.977003,31.391750000000002,33.8065,36.22125,38.636,41.05075,43.465500000000006,45.88025,48.295
144.5,1,17.8146,19.6861,21.0239,22.1329,24.2298,29.07582,31.49874,33.92172,36.3447,38.767680000000006,41.19066,43.613640000000004,46.03662,48.4596
145.5,1,17.8679,19.749,21.093,22.2069,24.3117,29.174061,31.60521,34.036379999999994,36.467549999999996,38.89872,41.32989,43.76106,46.192229999999995,48.6234
146.5,1,17.9216,19.812,21.1622,22.2807,24.3931,29.271715,31.71103,34.15034,36.58965,39.028960000000005,41.46827,43.90758,46.34689,48.7862
147.5,1,17.9754,19.8751,21.2313,22.3544,24.474,29.368769,31.816200000000002,34.2636,36.711,39.1584,41.6058,44.053200000000004,46.5006,48.948
148.5,1,18.0296,19.9384,21.3004,22.4279,24.5543,29.465212,31.920590000000004,34.37602,36.831450000000004,39.286880000000004,41.74231,44.19774,46.65317,49.1086
149.5,1,18.084,20.0017,21.3695,22.5012,24.6342,29.561035,32.02446,34.48788,36.9513,39.41472,41.87814,44.34156,46.80498,49.2684
150.5,1,18.1387,20.0651,21.4385,22.5743,24.7135,29.656228,32.12755,34.5989,37.07025,39.5416,42.01295,44.4843,46.95565,49.427
151.5,1,18.1937,20.1287,21.5075,22.6472,24.7923,29.750783,32.22999,34.70922,37.18845,39.667680000000004,42.14691,44.62614,47.10537,49.5846
152.5,1,18.2488,20.1923,21.5764,22.7199,24.8706,29.844691,32.33178,34.818839999999994,37.3059,39.79296,42.28002,44.76708,47.25414,49.7412
153.5,1,18.3043,20.2559,21.6452,22.7924,24.9483,29.937946,32.432790000000004,34.92762,37.42245,39.917280000000005,42.41211,44.90694,47.40177,49.8966
154.5,1,18.3599,20.3197,21.7139,22.8646,25.0255,30.030542,32.53315,35.0357,37.538250000000005,40.040800000000004,42.543350000000004,45.0459,47.54845,50.051
155.5,1,18.4157,20.3835,21.7825,22.9367,25.1021,30.122473,32.63273,35.142939999999996,37.65315,40.163360000000004,42.67357,45.18378,47.69399,50.2042
156.5,1,18.4718,20.4473,21.851,23.0084,25.1781,30.213734,32.73153,35.24934,37.76715,40.284960000000005,42.80277,45.32058,47.83839,50.3562
157.5,1,18.5281,20.5112,21.9195,23.0799,25.2536,30.304321,32.829679999999996,35.355039999999995,37.880399999999995,40.40576,42.93112,45.45648,47.98184,50.5072
158.5,1,18.5845,20.5751,21.9878,23.1512,25.3285,30.394232,32.92705,35.4599,37.99275,40.5256,43.05844999999999,45.5913,48.12414999999999,50.657
159.5,1,18.6411,20.639,22.056,23.2222,25.4029,30.483463,33.02377,35.56406,38.10435,40.64464,43.184929999999994,45.72522,48.26551,50.8058
160.5,1,18.6979,20.703,22.124,23.293,25.4767,30.572013,33.119710000000005,35.66738,38.215050000000005,40.76272,43.31039,45.85806,48.40573,50.9534
161.5,1,18.7549,20.7669,22.1919,23.3634,25.5499,30.659881,33.214870000000005,35.76986,38.32485,40.87984,43.43483,45.98982,48.54481,51.0998
162.5,1,18.812,20.8309,22.2597,23.4336,25.6226,30.747067,33.30938,35.87163999999999,38.433899999999994,40.99616,43.55842,46.12068,48.682939999999995,51.2452
163.5,1,18.8693,20.8949,22.3274,23.5035,25.6946,30.833571,33.40298,35.97244,38.5419,41.111360000000005,43.680820000000004,46.250280000000004,48.81974,51.3892
164.5,1,18.9267,20.9588,22.3949,23.5732,25.7662,30.919395,33.49606,36.07268,38.649300000000004,41.22592,43.80254,46.379160000000006,48.95578,51.5324
165.5,1,18.9842,21.0227,22.4622,23.6425,25.8371,31.004542,33.58823,36.17194,38.75565,41.33936,43.923069999999996,46.50678,49.090489999999996,51.6742
166.5,1,19.0419,21.0866,22.5294,23.7116,25.9075,31.089013,33.67975,36.2705,38.86125,41.452,44.04275,46.6335,49.22425,51.815
167.5,1,19.0997,21.1505,22.5964,23.7804,25.9773,31.172813,33.77049,36.368219999999994,38.96595,41.563680000000005,44.16141,46.75914,49.356869999999994,51.9546
168.5,1,19.1576,21.2143,22.6633,23.8489,26.0466,31.255947,33.860580000000006,36.46524,39.069900000000004,41.67456000000001,44.27922,46.883880000000005,49.48854,52.0932
169.5,1,19.2156,21.2781,22.7299,23.9171,26.1153,31.338419,33.94989,36.56142,39.17295,41.78448,44.396010000000004,47.007540000000006,49.61907,52.2306
170.5,1,19.2737,21.3419,22.7964,23.985,26.1835,31.420235,34.03855,36.65689999999999,39.27525,41.8936,44.51195,47.1303,49.74865,52.367
171.5,1,19.3318,21.4055,22.8628,24.0526,26.2512,31.501404,34.126560000000005,36.75168,39.3768,42.001920000000005,44.62704,47.25216,49.87728,52.5024
172.5,1,19.3901,21.4692,22.9289,24.1199,26.3183,31.581931,34.21379,36.84562,39.477450000000005,42.109280000000005,44.74111,47.37294,50.00477,52.6366
173.5,1,19.4484,21.5327,22.9948,24.1869,26.3849,31.661826,34.30037,36.93886,39.577349999999996,42.21584,44.85433,47.492819999999995,50.13130999999999,52.7698
174.5,1,19.5067,21.5962,23.0606,24.2536,26.4509,31.741097,34.38617,37.031259999999996,39.67635,42.32144,44.96653,47.61162,50.25671,52.9018
175.5,1,19.5651,21.6596,23.1262,24.32,26.5165,31.819756,34.471450000000004,37.1231,39.77475,42.4264,45.07805,47.7297,50.38135,53.033
176.5,1,19.6236,21.7229,23.1916,24.3862,26.5815,31.897812,34.555949999999996,37.214099999999995,39.872249999999994,42.5304,45.18855,47.8467,50.50485,53.163
177.5,1,19.6821,21.7862,23.2568,24.452,26.6461,31.975277,34.63993,37.304539999999996,39.96915,42.63376,45.29837,47.96298,50.62759,53.2922
178.5,1,19.7406,21.8493,23.3218,24.5175,26.7101,32.052164,34.723130000000005,37.39414,40.06515,42.736160000000005,45.40717,48.07818,50.74919,53.4202
179.5,1,19.7991,21.9124,23.3866,24.5828,26.7737,32.128486,34.80581,37.48318,40.16055,42.837920000000004,45.51529,48.192660000000004,50.87003,53.5474
180.5,1,19.8577,21.9753,23.4512,24.6478,26.8369,32.204256,34.88797,37.571659999999994,40.25535,42.939040000000006,45.62273,48.30642,50.990109999999994,53.6738
181.5,1,19.9162,22.0382,23.5156,24.7125,26.8996,32.27949,34.96948,37.65944,40.3494,43.03936,45.72932,48.41928,51.10924,53.7992
182.5,1,19.9747,22.1009,23.5798,24.7769,26.9618,32.354204,35.05034,37.74652,40.4427,43.13888,45.83506,48.531240000000004,51.227419999999995,53.9236
183.5,1,20.0332,22.1635,23.6438,24.841,27.0237,32.428413,35.130810000000004,37.83318,40.53555,43.23792,45.940290000000005,48.64266000000001,51.34503,54.0474
184.5,1,20.0917,22.226,23.7076,24.9049,27.0851,32.502135,35.21063,37.91914,40.62765,43.33616000000001,46.044669999999996,48.75318,51.46169,54.1702
185.5,1,20.1502,22.2884,23.7712,24.9685,27.1462,32.575388,35.290060000000004,38.00468,40.719300000000004,43.43392,46.14854,48.86316,51.57778,54.2924
186.5,1,20.2086,22.3506,23.8346,25.0318,27.2068,32.64819,35.368840000000006,38.08952,40.8102,43.53088,46.25156,48.972240000000006,51.69292,54.4136
187.5,1,20.2669,22.4127,23.8978,25.0949,27.2671,32.720563,35.44723,38.173939999999995,40.90065,43.62736,46.35407,49.08078,51.807489999999994,54.5342
188.5,1,20.3252,22.4747,23.9608,25.1577,27.3271,32.792525,35.52523,38.25794,40.99065,43.72336000000001,46.456070000000004,49.18878,51.92149,54.6542
189.5,1,20.3835,22.5365,24.0236,25.2203,27.3867,32.864099,35.60271,38.34138,41.08005,43.818720000000006,46.55739,49.296060000000004,52.03473,54.7734
190.5,1,20.4416,22.5982,24.0862,25.2827,27.4461,32.935306,35.679930000000006,38.42454,41.16915,43.91376,46.65837,49.40298000000001,52.14759,54.8922
191.5,1,20.4997,22.6598,24.1486,25.3448,27.5051,33.00617,35.75663,38.50713999999999,41.25765,44.008160000000004,46.758669999999995,49.50918,52.25968999999999,55.0102
192.5,1,20.5576,22.7211,24.2109,25.4067,27.5639,33.076714,35.83307,38.589459999999995,41.34585,44.10224,46.85863,49.61502,52.37141,55.1278
193.5,1,20.6155,22.7824,24.2729,25.4684,27.6225,33.146962,35.90925,38.671499999999995,41.433749999999996,44.196,46.95825,49.7205,52.482749999999996,55.245
194.5,1,20.6733,22.8435,24.3348,25.5298,27.6808,33.216942,35.985040000000005,38.75312,41.5212,44.289280000000005,47.05736,49.82544,52.59352,55.3616
195.5,1,20.7309,22.9044,24.3964,25.5911,27.7389,33.286678,36.060570000000006,38.83446,41.60835,44.38224,47.15613,49.930020000000006,52.70391,55.4778
196.5,1,20.7884,22.9651,24.4579,25.6522,27.7968,33.356198,36.13584,38.91552,41.6952,44.474880000000006,47.25456,50.034240000000004,52.81392,55.5936
197.5,1,20.8457,23.0257,24.5192,25.7131,27.8546,33.42553,36.210980000000006,38.99644,41.7819,44.56736000000001,47.35282,50.13828,52.92374,55.7092
198.5,1,20.9029,23.0861,24.5803,25.7738,27.9123,33.494703,36.28599,39.07722,41.868449999999996,44.65968,47.45090999999999,50.24214,53.03337,55.8246
199.5,1,20.96,23.1464,24.6413,25.8344,27.9698,33.563745,36.36074,39.15772,41.9547,44.75168,47.54866,50.34564,53.142619999999994,55.9396
200.5,1,21.0169,23.2064,24.7021,25.8948,28.0272,33.632689,36.43536,39.23808,42.040800000000004,44.843520000000005,47.64624,50.44896,53.25168,56.0544
201.5,1,21.0736,23.2663,24.7627,25.955,28.0846,33.701564,36.50998,39.318439999999995,42.1269,44.93536,47.74381999999999,50.552279999999996,53.36073999999999,56.1692
202.5,1,21.1301,23.326,24.8232,26.0152,28.142,33.770404,36.5846,39.398799999999994,42.213,45.0272,47.8414,50.6556,53.4698,56.284
203.5,1,21.1864,23.3856,24.8835,26.0752,28.1994,33.839241,36.659220000000005,39.47916,42.2991,45.119040000000005,47.93898,50.75892,53.57886,56.3988
204.5,1,21.2425,23.4449,24.9436,26.1351,28.2568,33.908109,36.73384,39.55951999999999,42.3852,45.21088,48.036559999999994,50.86224,53.68791999999999,56.5136
205.5,1,21.2984,23.504,25.0036,26.195,28.3142,33.977042,36.808460000000004,39.63988,42.4713,45.30272,48.134139999999995,50.96556,53.79698,56.6284
206.5,1,21.354,23.563,25.0635,26.2547,28.3717,34.046076,36.883210000000005,39.72038,42.55755,45.39472000000001,48.23189,51.06906,53.90623,56.7434
207.5,1,21.4094,23.6218,25.1232,26.3144,28.4294,34.115247,36.958220000000004,39.801159999999996,42.6441,45.48704000000001,48.32998,51.172920000000005,54.015859999999996,56.8588
208.5,1,21.4646,23.6803,25.1829,26.3741,28.4872,34.184593,37.03336,39.88208,42.7308,45.57952,48.42824,51.27696,54.12568,56.9744
209.5,1,21.5195,23.7387,25.2423,26.4337,28.5451,34.254151,37.108630000000005,39.96314,42.81765,45.672160000000005,48.52667,51.38118,54.23569,57.0902
210.5,1,21.5742,23.7969,25.3017,26.4933,28.6033,34.323959,37.184290000000004,40.04462,42.90495,45.765280000000004,48.62561,51.48594,54.34627,57.2066
211.5,1,21.6285,23.8548,25.361,26.5528,28.6617,34.394058,37.26021,40.12638,42.99255,45.858720000000005,48.724889999999995,51.59106,54.457229999999996,57.3234
212.5,1,21.6826,23.9126,25.4202,26.6124,28.7204,34.464487,37.33652,40.20856,43.080600000000004,45.95264,48.82468,51.696720000000006,54.56876,57.4408
213.5,1,21.7364,23.9702,25.4792,26.672,28.7794,34.535288,37.41322,40.29116,43.1691,46.04704,48.92498,51.80292,54.680859999999996,57.5588
214.5,1,21.7899,24.0275,25.5382,26.7317,28.8388,34.606502,37.49044,40.37432,43.2582,46.14208,49.02596,51.90984,54.79371999999999,57.6776
215.5,1,21.843,24.0847,25.5972,26.7914,28.8985,34.678171,37.56805,40.457899999999995,43.34775,46.2376,49.127449999999996,52.0173,54.907149999999994,57.797
216.5,1,21.8959,24.1417,25.656,26.8512,28.9586,34.750341,37.64618,40.54204,43.4379,46.333760000000005,49.22962,52.12548,55.021339999999995,57.9172
217.5,1,21.9484,24.1984,25.7148,26.9111,29.0192,34.823053,37.72496,40.62688,43.528800000000004,46.43072000000001,49.33264,52.23456,55.13648,58.0384
218.5,1,22.0005,24.255,25.7735,26.9711,29.0803,34.896354,37.804390000000005,40.71242,43.620450000000005,46.52848,49.43651,52.34454,55.25257,58.1606
219.5,1,22.0523,24.3113,25.8323,27.0312,29.1419,34.970289,37.88447,40.79866,43.71285,46.62704,49.54123,52.455420000000004,55.369609999999994,58.2838
220.5,1,22.1037,24.3674,25.8909,27.0915,29.2041,35.044903,37.96533,40.88574,43.80615,46.726560000000006,49.646969999999996,52.56738,55.48779,58.4082
221.5,1,22.1548,24.4233,25.9496,27.1519,29.2669,35.120245,38.04697,40.973659999999995,43.90035,46.827040000000004,49.75373,52.68042,55.60711,58.5338
222.5,1,22.2054,24.4791,26.0082,27.2126,29.3303,35.196362,38.12939,41.062419999999996,43.995450000000005,46.92848000000001,49.86151,52.794540000000005,55.72757,58.6606
223.5,1,22.2557,24.5346,26.0669,27.2734,29.3944,35.273301,38.212720000000004,41.15216,44.0916,47.031040000000004,49.97048,52.90992,55.84936,58.7888
224.5,1,22.3055,24.5899,26.1255,27.3345,29.4593,35.351113,38.29709,41.243019999999994,44.18895,47.13488,50.08081,53.02674,55.972669999999994,58.9186
225.5,1,22.355,24.645,26.1842,27.3959,29.5249,35.429848,38.38237,41.33486,44.287349999999996,47.23984,50.19233,53.144819999999996,56.09730999999999,59.0498
226.5,1,22.404,24.6999,26.2429,27.4575,29.5913,35.509554,38.46869,41.42782,44.38695,47.34608,50.30521,53.264340000000004,56.22347,59.1826
227.5,1,22.4526,24.7547,26.3017,27.5194,29.6586,35.590285,38.55618,41.52204,44.487899999999996,47.45376,50.41962,53.38548,56.35134,59.3172
228.5,1,22.5007,24.8092,26.3605,27.5816,29.7267,35.67209,38.64471,41.61738,44.590050000000005,47.562720000000006,50.53539,53.50806,56.48073,59.4534
229.5,1,22.5484,24.8635,26.4194,27.6441,29.7959,35.755024,38.73467,41.714259999999996,44.69385,47.67344,50.65303,53.63262,56.61221,59.5918
230.5,1,22.5957,24.9177,26.4784,27.7071,29.8659,35.839137,38.82567,41.812259999999995,44.79885,47.78544,50.77203,53.75862,56.74521,59.7318
231.5,1,22.6424,24.9716,26.5375,27.7704,29.9371,35.924485,38.91823,41.91194,44.90565,47.89936,50.89307,53.88678,56.88049,59.8742
232.5,1,22.6887,25.0254,26.5967,27.8341,30.0093,36.011121,39.01209,42.01302,45.01395,48.014880000000005,51.015809999999995,54.01674,57.017669999999995,60.0186
233.5,1,22.7346,25.079,26.6561,27.8983,30.0826,36.0991,39.10738,42.11564,45.1239,48.13216,51.14042,54.14868,57.15694,60.1652
234.5,1,22.7799,25.1325,26.7156,27.9629,30.1571,36.188478,39.20423,42.219939999999994,45.23565,48.251360000000005,51.26707,54.28278,57.298489999999994,60.3142
235.5,1,22.8247,25.1857,26.7752,28.028,30.2328,36.279309,39.302640000000004,42.325919999999996,45.3492,48.37248,51.39576,54.41904,57.44232,60.4656
236.5,1,22.8691,25.2388,26.8351,28.0936,30.3097,36.371651,39.40261,42.43358,45.46455,48.49552,51.526489999999995,54.55746,57.588429999999995,60.6194
237.5,1,22.9129,25.2918,26.8951,28.1598,30.388,36.46556,39.504400000000004,42.5432,45.582,48.6208,51.659600000000005,54.69840000000001,57.7372,60.776
238.5,1,22.9563,25.3446,26.9553,28.2265,30.4676,36.561095,39.60788,42.65464,45.7014,48.748160000000006,51.79492,54.841680000000004,57.888439999999996,60.9352
239.5,1,22.9991,25.3972,27.0158,28.2938,30.5486,36.658313,39.71318,42.76804,45.822900000000004,48.87776,51.93262,54.987480000000005,58.042339999999996,61.0972
240.0,1,23.0203,25.4235,27.0461,28.3277,30.5896,36.707571,39.76648,42.82544,45.8844,48.943360000000006,52.00232,55.061280000000004,58.120239999999995,61.1792
240.5,1,23.0414,25.4498,27.0764,28.3617,30.6311,36.757273,39.82043,42.883539999999996,45.94665,49.00976,52.07287,55.13598,58.19909,61.2622
24.0,2,16.4234,17.4275,18.0182,18.4414,19.1062,22.927482,24.838060000000002,26.74868,28.6593,30.569920000000003,32.48054,34.391160000000006,36.30178,38.2124
24.5,2,16.388,17.3858,17.9737,18.3953,19.0582,22.869886,24.77566,26.681479999999997,28.5873,30.49312,32.398939999999996,34.30476,36.21058,38.1164
25.5,2,16.319,17.3048,17.8875,18.3061,18.9659,22.75914,24.655670000000004,26.55226,28.44885,30.345440000000004,32.24203,34.13862,36.03521,37.9318
26.5,2,16.2521,17.2269,17.8049,18.221,18.8785,22.654241,24.54205,26.429899999999996,28.317749999999997,30.2056,32.09345,33.9813,35.86915,37.757
27.5,2,16.1873,17.152,17.7259,18.14,18.7959,22.555092,24.43467,26.314259999999997,28.193849999999998,30.07344,31.95303,33.83262,35.71221,37.5918
28.5,2,16.1248,17.0801,17.6504,18.0629,18.718,22.461598,24.3334,26.205199999999998,28.076999999999998,29.948800000000002,31.8206,33.6924,35.5642,37.436
29.5,2,16.0643,17.0111,17.5783,17.9896,18.6447,22.373662,24.238110000000002,26.10258,27.96705,29.83152,31.69599,33.56046,35.424929999999996,37.2894
30.5,2,16.0059,16.945,17.5096,17.9202,18.576,22.291188,24.1488,26.0064,27.864,29.721600000000002,31.5792,33.436800000000005,35.294399999999996,37.152
31.5,2,15.9497,16.8817,17.4443,17.8545,18.5117,22.214081,24.065210000000004,25.91638,27.76755,29.618720000000003,31.46989,33.32106,35.17223,37.0234
32.5,2,15.8955,16.8212,17.3824,17.7925,18.4519,22.142244,23.98747,25.832659999999997,27.67785,29.523039999999998,31.368229999999997,33.21342,35.058609999999994,36.9038
33.5,2,15.8434,16.7636,17.3236,17.7342,18.3963,22.075582,23.915190000000003,25.75482,27.594450000000002,29.43408,31.273709999999998,33.11334,34.95297,36.7926
34.5,2,15.7933,16.7086,17.268,17.6794,18.345,22.014001,23.848499999999998,25.682999999999996,27.5175,29.352,31.1865,33.021,34.8555,36.69
35.5,2,15.7453,16.6564,17.2156,17.6281,18.2978,21.957407,23.78714,25.616919999999997,27.4467,29.27648,31.106259999999995,32.93604,34.76582,36.5956
36.5,2,15.6992,16.6069,17.1663,17.5802,18.2548,21.905705,23.73124,25.55672,27.382199999999997,29.20768,31.03316,32.85864,34.68412,36.5096
37.5,2,15.6552,16.56,17.1201,17.5357,18.2157,21.858803,23.68041,25.501979999999996,27.323549999999997,29.14512,30.966689999999996,32.78826,34.609829999999995,36.4314
38.5,2,15.6132,16.5157,17.0769,17.4946,18.1805,21.816609,23.63465,25.452699999999997,27.27075,29.0888,30.906849999999995,32.7249,34.54295,36.361
39.5,2,15.5732,16.474,17.0366,17.4567,18.1492,21.779032,23.593960000000003,25.40888,27.2238,29.03872,30.85364,32.66856,34.48348,36.2984
40.5,2,15.5351,16.4349,16.9992,17.422,18.1217,21.745982,23.558210000000003,25.37038,27.18255,28.99472,30.80689,32.619060000000005,34.43123,36.2434
41.5,2,15.4989,16.3982,16.9648,17.3905,18.0978,21.717371,23.52714,25.33692,27.1467,28.95648,30.76626,32.57604,34.385819999999995,36.1956
42.5,2,15.4647,16.3641,16.9331,17.3621,18.0776,21.693112,23.500880000000002,25.30864,27.1164,28.92416,30.73192,32.539680000000004,34.34744,36.1552
43.5,2,15.4324,16.3324,16.9043,17.3368,18.0609,21.673118,23.47917,25.285259999999997,27.09135,28.897440000000003,30.70353,32.50962,34.315709999999996,36.1218
44.5,2,15.4019,16.3032,16.8782,17.3144,18.0478,21.657305,23.462139999999998,25.266919999999995,27.0717,28.87648,30.681259999999998,32.486039999999996,34.29082,36.0956
45.5,2,15.3734,16.2764,16.8548,17.295,18.038,21.64559,23.4494,25.2532,27.057000000000002,28.8608,30.6646,32.4684,34.2722,36.076
46.5,2,15.3466,16.2519,16.8341,17.2786,18.0316,21.63789,23.441080000000003,25.24424,27.047400000000003,28.85056,30.65372,32.456880000000005,34.260040000000004,36.0632
47.5,2,15.3217,16.2297,16.8161,17.265,18.0284,21.634126,23.436920000000004,25.23976,27.0426,28.845440000000004,30.64828,32.45112,34.25396,36.0568
48.5,2,15.2985,16.2099,16.8006,17.2542,18.0285,21.634218,23.437050000000003,25.2399,27.04275,28.845600000000005,30.64845,32.4513,34.25415,36.057
49.5,2,15.2772,16.1923,16.7876,17.2461,18.0317,21.638088,23.44121,25.24438,27.04755,28.850720000000003,30.65389,32.457060000000006,34.26023,36.0634
50.5,2,15.2576,16.1769,16.7772,17.2408,18.038,21.645659,23.4494,25.2532,27.057000000000002,28.8608,30.6646,32.4684,34.2722,36.076
51.5,2,15.2397,16.1638,16.7693,17.2382,18.0474,21.656857,23.46162,25.26636,27.0711,28.87584,30.68058,32.48532,34.29006,36.0948
52.5,2,15.2235,16.1528,16.7637,17.2381,18.0597,21.671607,23.47761,25.283579999999997,27.08955,28.89552,30.70149,32.50746,34.31343,36.1194
53.5,2,15.2089,16.1439,16.7606,17.2407,18.0749,21.689835,23.49737,25.304859999999998,27.11235,28.91984,30.72733,32.53482,34.34231,36.1498
54.5,2,15.1961,16.1371,16.7598,17.2457,18.0929,21.711469,23.520770000000002,25.33006,27.13935,28.94864,30.757929999999998,32.56722,34.376509999999996,36.1858
55.5,2,15.1848,16.1324,16.7613,17.2533,18.1137,21.736437,23.547810000000002,25.359180000000002,27.170550000000002,28.981920000000002,30.793290000000002,32.60466,34.41603,36.2274
56.5,2,15.1751,16.1297,16.7651,17.2632,18.1372,21.76467,23.57836,25.39208,27.2058,29.01952,30.83324,32.64696,34.460679999999996,36.2744
57.5,2,15.167,16.129,16.7711,17.2756,18.1634,21.796097,23.61242,25.428759999999997,27.2451,29.06144,30.877779999999998,32.69412,34.510459999999995,36.3268
58.5,2,15.1605,16.1302,16.7793,17.2903,18.1922,21.830649,23.64986,25.469079999999998,27.2883,29.10752,30.92674,32.745960000000004,34.56518,36.3844
59.5,2,15.1554,16.1334,16.7896,17.3073,18.2235,21.868259,23.69055,25.512900000000002,27.335250000000002,29.157600000000002,30.979950000000002,32.8023,34.62465,36.447
60.5,2,15.1519,16.1384,16.802,17.3266,18.2574,21.908857,23.734620000000003,25.56036,27.3861,29.211840000000002,31.03758,32.86332,34.68906,36.5148
61.5,2,15.1498,16.1453,16.8164,17.348,18.2936,21.952378,23.78168,25.61104,27.440400000000004,29.269760000000005,31.099120000000003,32.92848,34.75784,36.5872
62.5,2,15.1492,16.154,16.8329,17.3717,18.3323,21.998754,23.83199,25.665219999999998,27.49845,29.331680000000002,31.16491,32.99814,34.83137,36.6646
63.5,2,15.1499,16.1645,16.8514,17.3974,18.3733,22.047921,23.88529,25.72262,27.55995,29.397280000000002,31.23461,33.071940000000005,34.90927,36.7466
64.5,2,15.1521,16.1767,16.8718,17.4252,18.4165,22.099811,23.94145,25.783099999999997,27.62475,29.4664,31.308049999999998,33.1497,34.99135,36.833
65.5,2,15.1557,16.1906,16.8941,17.455,18.462,22.154361,24.000600000000002,25.846799999999998,27.692999999999998,29.5392,31.385399999999997,33.2316,35.077799999999996,36.924
66.5,2,15.1606,16.2061,16.9182,17.4868,18.5096,22.211506,24.06248,25.913439999999998,27.7644,29.61536,31.466319999999996,33.31728,35.16824,37.0192
67.5,2,15.1668,16.2233,16.9441,17.5206,18.5593,22.271183,24.127090000000003,25.98302,27.83895,29.69488,31.55081,33.40674,35.26267,37.1186
68.5,2,15.1743,16.2421,16.9719,17.5562,18.6111,22.333327,24.19443,26.05554,27.91665,29.77776,31.63887,33.49998,35.36109,37.2222
69.5,2,15.1831,16.2625,17.0013,17.5937,18.6649,22.397877,24.26437,26.13086,27.997349999999997,29.86384,31.73033,33.59682,35.46331,37.3298
70.5,2,15.1931,16.2844,17.0325,17.633,18.7206,22.46477,24.33678,26.20884,28.0809,29.952960000000004,31.825020000000002,33.69708,35.56914,37.4412
71.5,2,15.2044,16.3078,17.0653,17.674,18.7783,22.533943,24.411790000000003,26.28962,28.167450000000002,30.045280000000005,31.92311,33.800940000000004,35.67877,37.5566
72.5,2,15.2169,16.3327,17.0997,17.7168,18.8378,22.605335,24.489140000000003,26.37292,28.256700000000002,30.140480000000004,32.02426,33.90804000000001,35.79182,37.6756
73.5,2,15.2306,16.3591,17.1358,17.7612,18.8991,22.678887,24.568830000000002,26.45874,28.34865,30.238560000000003,32.12847,34.01838,35.90829,37.7982
74.5,2,15.2454,16.3868,17.1733,17.8073,18.9621,22.754536,24.65073,26.54694,28.44315,30.33936,32.235569999999996,34.13178,36.027989999999996,37.9242
75.5,2,15.2614,16.4159,17.2124,17.855,19.0269,22.832224,24.734970000000004,26.63766,28.540350000000004,30.443040000000003,32.34573,34.24842,36.15111,38.0538
76.5,2,15.2785,16.4463,17.2529,17.9042,19.0932,22.911891,24.82116,26.730479999999996,28.6398,30.549120000000002,32.458439999999996,34.36776,36.27708,38.1864
77.5,2,15.2968,16.4781,17.2949,17.9549,19.1612,22.993478,24.909560000000003,26.82568,28.7418,30.657920000000004,32.574040000000004,34.49016,36.40628,38.3224
78.5,2,15.3161,16.5111,17.3382,18.0071,19.2308,23.076927,25.00004,26.923119999999997,28.846199999999996,30.76928,32.692359999999994,34.61544,36.53852,38.4616
79.5,2,15.3364,16.5454,17.3829,18.0607,19.3018,23.16218,25.09234,27.02252,28.9527,30.88288,32.81306,34.74324,36.67342,38.6036
80.5,2,15.3579,16.5809,17.4289,18.1157,19.3743,23.249179,25.186590000000002,27.12402,29.06145,30.998880000000003,32.93631,34.873740000000005,36.811170000000004,38.7486
81.5,2,15.3803,16.6176,17.4763,18.172,19.4482,23.33787,25.28266,27.22748,29.1723,31.11712,33.06194,35.00676,36.95158,38.8964
82.5,2,15.4037,16.6555,17.5248,18.2297,19.5235,23.428194,25.38055,27.332899999999995,29.285249999999998,31.2376,33.189949999999996,35.1423,37.094649999999994,39.047
83.5,2,15.4282,16.6945,17.5746,18.2886,19.6001,23.520097,25.480130000000003,27.44014,29.400150000000004,31.360160000000004,33.320170000000005,35.28018,37.24019,39.2002
84.5,2,15.4536,16.7346,17.6256,18.3487,19.6779,23.613523,25.581270000000004,27.54906,29.51685,31.484640000000002,33.45243,35.42022,37.38801,39.3558
85.5,2,15.4799,16.7758,17.6777,18.4101,19.757,23.708419,25.684100000000004,27.6598,29.6355,31.611200000000004,33.5869,35.5626,37.5383,39.514
86.5,2,15.5072,16.818,17.7309,18.4726,19.8373,23.80473,25.78849,27.772219999999997,29.75595,31.73968,33.723409999999994,35.70714,37.69087,39.6746
87.5,2,15.5354,16.8613,17.7852,18.5361,19.9187,23.902404,25.89431,27.88618,29.87805,31.869920000000004,33.86179,35.853660000000005,37.845530000000004,39.8374
88.5,2,15.5644,16.9055,17.8406,18.6008,20.0012,24.001387,26.00156,28.00168,30.001800000000003,32.001920000000005,34.00204,36.00216,38.00228,40.0024
89.5,2,15.5944,16.9507,17.8969,18.6665,20.0847,24.101628,26.110110000000002,28.11858,30.127050000000004,32.13552000000001,34.14399,36.152460000000005,38.16093,40.1694
90.5,2,15.6252,16.9969,17.9543,18.7333,20.1692,24.203076,26.21996,28.23688,30.2538,32.270720000000004,34.287639999999996,36.30456,38.32148,40.3384
91.5,2,15.6568,17.044,18.0126,18.8009,20.2547,24.30568,26.33111,28.356579999999997,30.38205,32.40752,34.43299,36.45846,38.48393,40.5094
92.5,2,15.6893,17.0919,18.0718,18.8695,20.3412,24.409389,26.44356,28.47768,30.5118,32.54592,34.58004,36.614160000000005,38.64828,40.6824
93.5,2,15.7226,17.1407,18.1319,18.9391,20.4285,24.514154,26.55705,28.599899999999998,30.64275,32.6856,34.728449999999995,36.771300000000004,38.81415,40.857
94.5,2,15.7566,17.1904,18.1928,19.0094,20.5166,24.619927,26.671580000000002,28.723239999999997,30.774900000000002,32.82656,34.87822,36.929880000000004,38.981539999999995,41.0332
95.5,2,15.7914,17.2408,18.2546,19.0806,20.6055,24.726659,26.78715,28.847699999999996,30.90825,32.9688,35.02935,37.0899,39.15045,41.211
96.5,2,15.827,17.2921,18.3172,19.1526,20.6953,24.834302,26.90389,28.973419999999997,31.042949999999998,33.11248,35.18201,37.25154,39.32107,41.3906
97.5,2,15.8633,17.3441,18.3805,19.2254,20.7857,24.94281,27.02141,29.099979999999995,31.178549999999998,33.25712,35.33569,37.41426,39.49283,41.5714
98.5,2,15.9003,17.3968,18.4446,19.2988,20.8768,25.052137,27.13984,29.22752,31.315199999999997,33.40288,35.490559999999995,37.57824,39.66592,41.7536
99.5,2,15.938,17.4502,18.5094,19.373,20.9685,25.162236,27.25905,29.355899999999995,31.452749999999998,33.5496,35.646449999999994,37.7433,39.840149999999994,41.937
100.5,2,15.9764,17.5043,18.5748,19.4478,21.0609,25.273063,27.379170000000002,29.485259999999997,31.59135,33.69744,35.80353,37.909620000000004,40.01571,42.1218
101.5,2,16.0155,17.5591,18.6409,19.5233,21.1538,25.384574,27.499940000000002,29.615319999999997,31.7307,33.84608,35.96146,38.076840000000004,40.19222,42.3076
102.5,2,16.0552,17.6145,18.7076,19.5993,21.2473,25.496725,27.62149,29.746219999999997,31.87095,33.99568,36.12041,38.24514,40.36987,42.4946
103.5,2,16.0955,17.6706,18.7749,19.676,21.3412,25.609472,27.743560000000002,29.877679999999998,32.0118,34.145920000000004,36.28004,38.41416,40.54828,42.6824
104.5,2,16.1365,17.7272,18.8428,19.7531,21.4356,25.722774,27.866280000000003,30.00984,32.153400000000005,34.296960000000006,36.44052,38.58408,40.72764,42.8712
105.5,2,16.178,17.7844,18.9112,19.8308,21.5305,25.836589,27.98965,30.142699999999998,32.29575,34.4488,36.60185,38.7549,40.90795,43.061
106.5,2,16.2201,17.8421,18.9801,19.9089,21.6257,25.950876,28.11341,30.275979999999997,32.43855,34.60112,36.76369,38.92626,41.088829999999994,43.2514
107.5,2,16.2628,17.9004,19.0495,19.9875,21.7213,26.065595,28.23769,30.409819999999996,32.58195,34.75408,36.92621,39.09834,41.270469999999996,43.4426
108.5,2,16.3061,17.9591,19.1194,20.0665,21.8173,26.180705,28.36249,30.544219999999996,32.72595,34.90768,37.08941,39.27114,41.45287,43.6346
109.5,2,16.3499,18.0183,19.1897,20.1458,21.9135,26.296169,28.48755,30.678899999999995,32.87025,35.0616,37.25295,39.4443,41.63565,43.827
110.5,2,16.3942,18.078,19.2603,20.2256,22.01,26.411947,28.613000000000003,30.814,33.015,35.216,37.417,39.618,41.819,44.02
111.5,2,16.439,18.1381,19.3314,20.3056,22.1067,26.528002,28.73871,30.949379999999998,33.16005,35.37072,37.58139,39.79206,42.00273,44.2134
112.5,2,16.4843,18.1987,19.4028,20.386,22.2036,26.644298,28.864680000000003,31.08504,33.305400000000006,35.525760000000005,37.746120000000005,39.966480000000004,42.186840000000004,44.4072
113.5,2,16.53,18.2596,19.4746,20.4667,22.3007,26.760797,28.99091,31.220979999999997,33.451049999999995,35.68112,37.91119,40.14126,42.37132999999999,44.6014
114.5,2,16.5763,18.3209,19.5466,20.5475,22.3979,26.877465,29.11727,31.357059999999997,33.59685,35.83664,38.07643,40.31622,42.55601,44.7958
115.5,2,16.6229,18.3825,19.619,20.6287,22.4952,26.994265,29.24376,31.49328,33.7428,35.99232,38.24184,40.49136,42.74088,44.9904
116.5,2,16.67,18.4445,19.6915,20.71,22.5926,27.111165,29.37038,31.62964,33.8889,36.148160000000004,38.40742,40.66668,42.92594,45.1852
117.5,2,16.7175,18.5067,19.7644,20.7915,22.6901,27.22813,29.497130000000002,31.76614,34.03515,36.30416,38.57317,40.842180000000006,43.11119,45.3802
118.5,2,16.7654,18.5693,19.8374,20.8731,22.7876,27.345128,29.623880000000003,31.902639999999998,34.181400000000004,36.46016,38.73892,41.017680000000006,43.29644,45.5752
119.5,2,16.8137,18.6321,19.9106,20.9548,22.8851,27.462126,29.75063,32.03914,34.327650000000006,36.61616,38.90467,41.193180000000005,43.48169,45.7702
120.5,2,16.8623,18.6952,19.984,21.0367,22.9826,27.579093,29.877380000000002,32.17564,34.4739,36.77216000000001,39.07042,41.368680000000005,43.666940000000004,45.9652
121.5,2,16.9113,18.7585,20.0575,21.1186,23.08,27.695997,30.003999999999998,32.312,34.62,36.928,39.236,41.544,43.852,46.16
122.5,2,16.9606,18.822,20.1312,21.2006,23.1773,27.81281,30.130489999999998,32.44822,34.76595,37.08368,39.40141,41.719139999999996,44.03686999999999,46.3546
123.5,2,17.0103,18.8857,20.2049,21.2826,23.2746,27.9295,30.25698,32.58444,34.9119,37.23936,39.56682,41.89428,44.22174,46.5492
124.5,2,17.0602,18.9496,20.2788,21.3646,23.3717,28.04604,30.383210000000002,32.72038,35.05755,37.39472,39.73189,42.06906,44.40623,46.7434
125.5,2,17.1105,19.0136,20.3526,21.4466,23.4687,28.162401,30.50931,32.856179999999995,35.20305,37.54992,39.896789999999996,42.24366,44.590529999999994,46.9374
126.5,2,17.161,19.0778,20.4266,21.5285,23.5655,28.278556,30.63515,32.9917,35.34825,37.7048,40.06135,42.4179,44.77445,47.131
127.5,2,17.2117,19.1421,20.5005,21.6104,23.6621,28.394477,30.76073,33.12694,35.49315,37.85936,40.22557,42.59178,44.957989999999995,47.3242
128.5,2,17.2628,19.2064,20.5745,21.6922,23.7584,28.51014,30.885920000000002,33.26176,35.637600000000006,38.01344,40.38928,42.76512,45.14096,47.5168
129.5,2,17.314,19.2709,20.6484,21.774,23.8546,28.625517,31.010980000000004,33.39644,35.7819,38.16736,40.552820000000004,42.938280000000006,45.32374,47.7092
130.5,2,17.3655,19.3354,20.7223,21.8555,23.9505,28.740585,31.135650000000002,33.5307,35.92575,38.320800000000006,40.71585,43.1109,45.50595,47.901
131.5,2,17.4172,19.4,20.7961,21.937,24.0461,28.855319,31.25993,33.664539999999995,36.06915,38.47376,40.87837,43.28298,45.68758999999999,48.0922
132.5,2,17.4691,19.4646,20.8698,22.0183,24.1414,28.969697,31.383820000000004,33.797959999999996,36.2121,38.62624,41.04038,43.45452,45.86866,48.2828
133.5,2,17.5211,19.5292,20.9435,22.0994,24.2364,29.083694,31.50732,33.93096,36.3546,38.778240000000004,41.201879999999996,43.62552,46.04916,48.4728
134.5,2,17.5733,19.5939,21.017,22.1803,24.3311,29.19729,31.63043,34.063539999999996,36.49665,38.92976,41.36287,43.79598,46.22909,48.6622
135.5,2,17.6257,19.6585,21.0904,22.261,24.4254,29.310463,31.75302,34.19556,36.6381,39.08064,41.523179999999996,43.96572,46.40826,48.8508
136.5,2,17.6782,19.723,21.1637,22.3415,24.5193,29.423191,31.875090000000004,34.32702,36.77895,39.230880000000006,41.68281,44.13474,46.58667,49.0386
137.5,2,17.7308,19.7875,21.2368,22.4217,24.6129,29.535456,31.99677,34.458059999999996,36.91935,39.38064,41.84193,44.30322,46.764509999999994,49.2258
138.5,2,17.7836,19.852,21.3097,22.5017,24.706,29.647237,32.1178,34.5884,37.059,39.5296,42.0002,44.4708,46.941399999999994,49.412
139.5,2,17.8364,19.9164,21.3825,22.5813,24.7988,29.758516,32.238440000000004,34.71832,37.1982,39.67808,42.157959999999996,44.637840000000004,47.11772,49.5976
140.5,2,17.8893,19.9806,21.455,22.6607,24.8911,29.869275,32.358430000000006,34.84754,37.336650000000006,39.82576,42.31487,44.80398,47.29309,49.7822
141.5,2,17.9423,20.0448,21.5273,22.7398,24.9829,29.979496,32.47777,34.97606,37.47435,39.972640000000006,42.47093,44.96922,47.46751,49.9658
142.5,2,17.9953,20.1088,21.5993,22.8185,25.0743,30.089163,32.59659,35.10402,37.611450000000005,40.118880000000004,42.626310000000004,45.13374,47.64117,50.1486
143.5,2,18.0484,20.1727,21.6711,22.8969,25.1652,30.19826,32.71476,35.23128,37.7478,40.26432,42.78084,45.29736,47.81388,50.3304
144.5,2,18.1015,20.2365,21.7426,22.9749,25.2556,30.306772,32.832280000000004,35.357839999999996,37.8834,40.40896000000001,42.93452,45.460080000000005,47.98564,50.5112
145.5,2,18.1546,20.3001,21.8139,23.0526,25.3456,30.414683,32.94928,35.48384,38.0184,40.552960000000006,43.08752,45.622080000000004,48.15664,50.6912
146.5,2,18.2077,20.3635,21.8848,23.1299,25.435,30.52198,33.0655,35.608999999999995,38.152499999999996,40.696,43.2395,45.783,48.326499999999996,50.87
147.5,2,18.2609,20.4267,21.9554,23.2068,25.5239,30.628649,33.181070000000005,35.73346,38.28585,40.838240000000006,43.39063,45.943020000000004,48.49541,51.0478
148.5,2,18.3139,20.4897,22.0257,23.2832,25.6122,30.734678,33.295860000000005,35.857079999999996,38.4183,40.97952000000001,43.54074,46.101960000000005,48.66318,51.2244
149.5,2,18.367,20.5524,22.0957,23.3593,25.7,30.840055,33.410000000000004,35.98,38.55,41.120000000000005,43.69,46.26,48.83,51.4
150.5,2,18.42,20.615,22.1653,23.4349,25.7873,30.944768,33.52349,36.102219999999996,38.680949999999996,41.25968,43.838409999999996,46.417139999999996,48.99587,51.5746
151.5,2,18.473,20.6773,22.2346,23.5101,25.874,31.048806,33.6362,36.2236,38.811,41.3984,43.9858,46.5732,49.160599999999995,51.748
152.5,2,18.5259,20.7393,22.3035,23.5848,25.9601,31.152161,33.74813,36.344139999999996,38.94015,41.53616,44.13217,46.72818,49.32419,51.9202
153.5,2,18.5787,20.8011,22.372,23.6591,26.0457,31.254822,33.859410000000004,36.46398,39.06855,41.673120000000004,44.27769,46.88226,49.48683,52.0914
154.5,2,18.6314,20.8626,22.4401,23.7328,26.1307,31.35678,33.969910000000006,36.58298,39.19605,41.80912000000001,44.42219,47.03526,49.64833,52.2614
155.5,2,18.684,20.9238,22.5078,23.8061,26.215,31.458028,34.0795,36.701,39.3225,41.944,44.5655,47.187,49.808499999999995,52.43
156.5,2,18.7364,20.9847,22.5751,23.879,26.2988,31.558559,34.18844,36.81832,39.4482,42.07808,44.70796,47.33784,49.96772,52.5976
157.5,2,18.7888,21.0453,22.6419,23.9513,26.382,31.658365,34.296600000000005,36.9348,39.573,42.211200000000005,44.8494,47.4876,50.1258,52.764
158.5,2,18.841,21.1056,22.7084,24.0231,26.4645,31.757441,34.403850000000006,37.0503,39.69675,42.3432,44.98965,47.636100000000006,50.28255,52.929
159.5,2,18.893,21.1655,22.7743,24.0943,26.5465,31.85578,34.510450000000006,37.1651,39.81975,42.4744,45.12905,47.7837,50.43835,53.093
160.5,2,18.9449,21.2251,22.8399,24.1651,26.6278,31.95338,34.61614,37.27892,39.9417,42.60448,45.26726,47.930040000000005,50.592819999999996,53.2556
161.5,2,18.9966,21.2843,22.9049,24.2353,26.7085,32.050235,34.721050000000005,37.3919,40.06275,42.7336,45.40445,48.075300000000006,50.74615,53.417
162.5,2,19.0481,21.3432,22.9695,24.305,26.7886,32.146341,34.82518,37.504039999999996,40.1829,42.861760000000004,45.54062,48.21948,50.89834,53.5772
163.5,2,19.0994,21.4017,23.0337,24.3741,26.8681,32.241698,34.92853,37.615339999999996,40.30215,42.98896,45.67576999999999,48.36258,51.049389999999995,53.7362
164.5,2,19.1505,21.4598,23.0973,24.4427,26.9469,32.336301,35.03097,37.72566,40.42035,43.11504,45.809729999999995,48.50442,51.19911,53.8938
165.5,2,19.2014,21.5175,23.1605,24.5107,27.0251,32.43015,35.13263,37.835139999999996,40.53765,43.24016,45.94266999999999,48.645179999999996,51.34768999999999,54.0502
166.5,2,19.252,21.5748,23.2231,24.5782,27.1027,32.523245,35.23351,37.94378,40.65405,43.36432,46.07458999999999,48.78486,51.495129999999996,54.2054
167.5,2,19.3024,21.6317,23.2853,24.6451,27.1797,32.615584,35.33361,38.05158,40.76955,43.48752,46.20549,48.92346,51.64143,54.3594
168.5,2,19.3526,21.6882,23.3469,24.7114,27.256,32.707169,35.4328,38.1584,40.884,43.6096,46.3352,49.0608,51.7864,54.512
169.5,2,19.4024,21.7443,23.408,24.7772,27.3317,32.798,35.53121,38.26438,40.997550000000004,43.730720000000005,46.46389,49.19706,51.93023,54.6634
170.5,2,19.452,21.7999,23.4686,24.8423,27.4067,32.88808,35.628710000000005,38.36938,41.11005,43.85072,46.59139,49.332060000000006,52.07273,54.8134
171.5,2,19.5014,21.8551,23.5287,24.9069,27.4812,32.977412,35.72556,38.47368,41.2218,43.96992,46.71804,49.46616,52.21428,54.9624
172.5,2,19.5504,21.9098,23.5882,24.971,27.555,33.065997,35.8215,38.577,41.332499999999996,44.088,46.8435,49.599000000000004,52.354499999999994,55.11
173.5,2,19.5991,21.9641,23.6472,25.0344,27.6282,33.153841,35.91666,38.67948,41.4423,44.20512,46.96794,49.730760000000004,52.493579999999994,55.2564
174.5,2,19.6475,22.0179,23.7057,25.0972,27.7008,33.240947,36.01104,38.78112,41.5512,44.32128,47.09136,49.86144,52.63152,55.4016
175.5,2,19.6955,22.0713,23.7636,25.1595,27.7728,33.327321,36.10464,38.88192,41.6592,44.43648,47.21376,49.99104,52.768319999999996,55.5456
176.5,2,19.7432,22.1242,23.821,25.2212,27.8441,33.412968,36.19733,38.98174,41.76615,44.550560000000004,47.33497,50.11938,52.90379,55.6882
177.5,2,19.7906,22.1766,23.8778,25.2823,27.9149,33.497895,36.28937,39.080859999999994,41.87235,44.66384,47.45533,50.24682,53.038309999999996,55.8298
178.5,2,19.8376,22.2285,23.9341,25.3428,27.9851,33.582109,36.380630000000004,39.17914,41.97765,44.776160000000004,47.57467,50.37318,53.17169,55.9702
179.5,2,19.8843,22.28,23.9899,25.4027,28.0547,33.665618,36.47111,39.276579999999996,42.08205,44.88752,47.69299,50.49846,53.30393,56.1094
180.5,2,19.9306,22.3309,24.045,25.462,28.1237,33.74843,36.560810000000004,39.37318,42.18555,44.99792,47.810289999999995,50.62266,53.43503,56.2474
181.5,2,19.9765,22.3813,24.0996,25.5208,28.1921,33.830554,36.64973,39.468939999999996,42.28815,45.10736,47.92657,50.74578,53.564989999999995,56.3842
182.5,2,20.022,22.4313,24.1537,25.579,28.26,33.912,36.73800000000001,39.564,42.39,45.21600000000001,48.042,50.868,53.694,56.52
183.5,2,20.067,22.4807,24.2072,25.6366,28.3273,33.992779,36.82549,39.65822,42.49095,45.32368,48.15641,50.989140000000006,53.82187,56.6546
184.5,2,20.1117,22.5296,24.2602,25.6936,28.3941,34.0729,36.912330000000004,39.75174,42.59115,45.43056000000001,48.26997,51.10938,53.94879,56.7882
185.5,2,20.156,22.578,24.3125,25.75,28.4603,34.152377,36.99839,39.84442,42.69045,45.536480000000005,48.382509999999996,51.22854,54.074569999999994,56.9206
186.5,2,20.1998,22.6259,24.3644,25.8059,28.526,34.23122,37.083800000000004,39.9364,42.789,45.641600000000004,48.4942,51.3468,54.1994,57.052
187.5,2,20.2432,22.6733,24.4156,25.8612,28.5912,34.309444,37.16856,40.02768,42.8868,45.745920000000005,48.60504,51.46416,54.32328,57.1824
188.5,2,20.2861,22.7201,24.4664,25.9159,28.6559,34.387062,37.25267,40.11826,42.98385,45.84944,48.71503,51.580619999999996,54.446209999999994,57.3118
189.5,2,20.3286,22.7664,24.5165,25.9701,28.7201,34.464087,37.33613,40.20813999999999,43.080149999999996,45.95216,48.824169999999995,51.69618,54.568189999999994,57.4402
190.5,2,20.3706,22.8122,24.5661,26.0238,28.7838,34.540536,37.41894,40.29732,43.1757,46.05408,48.93246,51.81084,54.68922,57.5676
191.5,2,20.4122,22.8575,24.6152,26.0769,28.847,34.616424,37.5011,40.385799999999996,43.2705,46.15520000000001,49.0399,51.924600000000005,54.8093,57.694
192.5,2,20.4533,22.9022,24.6637,26.1295,28.9098,34.691766,37.58274,40.47372,43.3647,46.255680000000005,49.14666,52.03764,54.928619999999995,57.8196
193.5,2,20.4938,22.9464,24.7117,26.1815,28.9722,34.766581,37.66386,40.56108,43.4583,46.355520000000006,49.25274,52.14996,55.04718,57.9444
194.5,2,20.5339,22.99,24.7591,26.233,29.0341,34.840885,37.74433,40.64774,43.55115,46.45456,49.357969999999995,52.261379999999996,55.164789999999996,58.0682
195.5,2,20.5735,23.0331,24.806,26.284,29.0956,34.914697,37.82428,40.73384,43.6434,46.552960000000006,49.46252,52.372080000000004,55.281639999999996,58.1912
196.5,2,20.6126,23.0757,24.8524,26.3345,29.1567,34.988035,37.903710000000004,40.819379999999995,43.73505,46.65072000000001,49.56639,52.482060000000004,55.397729999999996,58.3134
197.5,2,20.6511,23.1177,24.8982,26.3845,29.2174,35.06092,37.982620000000004,40.90436,43.826100000000004,46.747840000000004,49.66958,52.59132,55.51306,58.4348
198.5,2,20.6891,23.1592,24.9436,26.434,29.2778,35.133372,38.06114,40.98891999999999,43.9167,46.844480000000004,49.772259999999996,52.70004,55.62781999999999,58.5556
199.5,2,20.7266,23.2002,24.9884,26.483,29.3378,35.205411,38.139140000000005,41.072919999999996,44.0067,46.94048000000001,49.87426,52.808040000000005,55.74182,58.6756
200.5,2,20.7636,23.2406,25.0326,26.5315,29.3975,35.277059,38.216750000000005,41.1565,44.09625,47.036,49.97575,52.9155,55.85525,58.795
201.5,2,20.7999,23.2805,25.0764,26.5796,29.4569,35.348339,38.29397,41.23966,44.18535,47.131040000000006,50.07673,53.022420000000004,55.968109999999996,58.9138
202.5,2,20.8358,23.3199,25.1197,26.6273,29.5161,35.419274,38.37093,41.32254,44.274150000000006,47.22576000000001,50.17737,53.128980000000006,56.08059,59.0322
203.5,2,20.8711,23.3587,25.1625,26.6745,29.5749,35.489887,38.44737,41.40486,44.36235,47.31984,50.27733,53.23482,56.19231,59.1498
204.5,2,20.9058,23.397,25.2048,26.7212,29.6335,35.560203,38.52355,41.4869,44.450250000000004,47.4136,50.37695,53.340300000000006,56.30365,59.267
205.5,2,20.9399,23.4347,25.2467,26.7676,29.6919,35.630247,38.599470000000004,41.56866,44.53785,47.50704,50.47623,53.44542,56.414609999999996,59.3838
206.5,2,20.9734,23.4719,25.288,26.8136,29.75,35.700044,38.675000000000004,41.65,44.625,47.6,50.574999999999996,53.550000000000004,56.525,59.5
207.5,2,21.0064,23.5086,25.3289,26.8592,29.808,35.769622,38.7504,41.731199999999994,44.712,47.692800000000005,50.6736,53.6544,56.6352,59.616
208.5,2,21.0387,23.5448,25.3694,26.9044,29.8658,35.839007,38.825540000000004,41.81212,44.7987,47.78528,50.77186,53.75844,56.74502,59.7316
209.5,2,21.0705,23.5804,25.4094,26.9492,29.9235,35.908227,38.90055,41.8929,44.88525,47.8776,50.86995,53.862300000000005,56.85465,59.847
210.5,2,21.1016,23.6156,25.449,26.9937,29.9811,35.977311,38.97543,41.97354,44.971650000000004,47.96976000000001,50.96787,53.96598,56.96409,59.9622
211.5,2,21.1322,23.6502,25.4881,27.0379,30.0386,36.046288,39.05018,42.05403999999999,45.0579,48.06176,51.065619999999996,54.06948,57.073339999999995,60.0772
212.5,2,21.1621,23.6843,25.5268,27.0817,30.096,36.115189,39.1248,42.1344,45.144,48.153600000000004,51.163199999999996,54.1728,57.182399999999994,60.192
213.5,2,21.1913,23.7179,25.5652,27.1253,30.1534,36.184043,39.19942,42.21476,45.2301,48.24544,51.260780000000004,54.276120000000006,57.29146,60.3068
214.5,2,21.22,23.751,25.6031,27.1686,30.2107,36.252883,39.27391,42.294979999999995,45.31605,48.33712,51.35819,54.37926,57.40033,60.4214
215.5,2,21.248,23.7836,25.6407,27.2116,30.2681,36.321742,39.348530000000004,42.37534,45.40215,48.428960000000004,51.45577,54.48258,57.509389999999996,60.5362
216.5,2,21.2753,23.8156,25.6779,27.2543,30.3255,36.390651,39.42315000000001,42.4557,45.48825,48.52080000000001,51.55335,54.5859,57.61845,60.651
217.5,2,21.302,23.8472,25.7147,27.2969,30.383,36.459644,39.4979,42.536199999999994,45.5745,48.6128,51.6511,54.6894,57.7277,60.766
218.5,2,21.3281,23.8783,25.7512,27.3392,30.4406,36.528757,39.57278,42.616839999999996,45.6609,48.70496,51.74902,54.79308,57.83714,60.8812
219.5,2,21.3534,23.909,25.7873,27.3813,30.4984,36.598024,39.64792,42.697759999999995,45.7476,48.79744,51.84728,54.89712,57.94696,60.9968
220.5,2,21.3781,23.9391,25.8232,27.4233,30.5562,36.667481,39.723060000000004,42.77868,45.8343,48.889920000000004,51.94554,55.00116,58.056779999999996,61.1124
221.5,2,21.4021,23.9688,25.8587,27.4651,30.6143,36.737166,39.798590000000004,42.86002,45.92145,48.98288,52.044309999999996,55.105740000000004,58.16717,61.2286
222.5,2,21.4255,23.998,25.8939,27.5067,30.6726,36.807114,39.87438,42.94164,46.0089,49.07616,52.14342,55.210679999999996,58.277939999999994,61.3452
223.5,2,21.4481,24.0268,25.9289,27.5483,30.7311,36.877366,39.950430000000004,43.02354,46.096650000000004,49.169760000000004,52.24287,55.31598,58.38909,61.4622
224.5,2,21.4701,24.055,25.9636,27.5897,30.79,36.94796,40.027,43.105999999999995,46.185,49.264,52.342999999999996,55.422,58.501,61.58
225.5,2,21.4913,24.0829,25.998,27.6311,30.8491,37.018935,40.10383,43.188739999999996,46.27365,49.358560000000004,52.44347,55.52838,58.61329,61.6982
226.5,2,21.5119,24.1103,26.0322,27.6724,30.9086,37.090333,40.18118,43.27204,46.362899999999996,49.45376,52.54462,55.63548,58.72634,61.8172
227.5,2,21.5317,24.1372,26.0662,27.7137,30.9685,37.162194,40.25905,43.3559,46.452749999999995,49.5496,52.646449999999994,55.7433,58.840149999999994,61.937
228.5,2,21.5508,24.1638,26.0999,27.755,31.0288,37.234561,40.33744,43.44032,46.5432,49.646080000000005,52.74896,55.85184,58.954719999999995,62.0576
229.5,2,21.5692,24.1899,26.1335,27.7963,31.0896,37.307476,40.41648,43.525439999999996,46.6344,49.74336,52.85232,55.96128,59.07024,62.1792
230.5,2,21.5869,24.2156,26.1669,27.8377,31.1508,37.380984,40.49604,43.61112,46.7262,49.841280000000005,52.95636,56.07144,59.186519999999994,62.3016
231.5,2,21.6038,24.2408,26.2002,27.8791,31.2126,37.455129,40.57638,43.69763999999999,46.8189,49.94016,53.06142,56.18268,59.30394,62.4252
232.5,2,21.62,24.2657,26.2333,27.9206,31.275,37.529957,40.6575,43.785,46.912499999999994,50.04,53.1675,56.295,59.42249999999999,62.55
233.5,2,21.6354,24.2902,26.2662,27.9622,31.3379,37.605512,40.739270000000005,43.87306,47.00685,50.140640000000005,53.27443,56.40822,59.54201,62.6758
234.5,2,21.6501,24.3143,26.2991,28.004,31.4015,37.681844,40.82195,43.96209999999999,47.10225,50.2424,53.382549999999995,56.5227,59.66284999999999,62.803
235.5,2,21.664,24.338,26.3319,28.0459,31.4658,37.758997,40.90554,44.05212,47.1987,50.34528,53.49186,56.63844,59.78502,62.9316
236.5,2,21.6771,24.3613,26.3646,28.088,31.5309,37.837022,40.99017,44.14326,47.29635,50.44944,53.602529999999994,56.75562,59.90870999999999,63.0618
237.5,2,21.6895,24.3843,26.3972,28.1303,31.5966,37.915968,41.07558,44.23524,47.3949,50.55456,53.71422,56.87388,60.033539999999995,63.1932
238.5,2,21.7011,24.4069,26.4298,28.1729,31.6632,37.995885,41.16216,44.32848,47.4948,50.661120000000004,53.827439999999996,56.99376,60.160079999999994,63.3264
239.5,2,21.7119,24.4291,26.4624,28.2157,31.7307,38.076824,41.24991,44.422979999999995,47.59605,50.76912,53.94219,57.11526,60.288329999999995,63.4614
240.0,2,21.717,24.4401,26.4787,28.2373,31.7647,38.117692,41.29411,44.47058,47.64705,50.82352,53.999990000000004,57.176460000000006,60.35293,63.5294
240.5,2,21.7219,24.451,26.495,28.2589,31.799,38.158836,41.3387,44.5186,47.698499999999996,50.8784,54.058299999999996,57.2382,60.418099999999995,63.598
